{
  "bag_usd": 0.000001,
  "xrp_usd": 2.30487,
  "bag_xrp": 4.33864e-7,
  "timestamp": "2025-11-09T17:45:00.616Z"
}
