{
  "bag_usd": 0.000001,
  "xrp_usd": 2.23253,
  "bag_xrp": 4.47922e-7,
  "timestamp": "2025-11-05T10:32:09.032Z"
}
