{
  "bag_usd": 0.000001,
  "xrp_usd": 2.52605,
  "bag_xrp": 3.95875e-7,
  "timestamp": "2025-11-02T13:56:44.702Z"
}
