{
  "bag_usd": 0.000001,
  "xrp_usd": 2.20586,
  "bag_xrp": 4.53338e-7,
  "timestamp": "2025-11-29T14:35:20.446Z"
}
