{
  "bag_usd": 0.000001,
  "xrp_usd": 2.74781,
  "bag_xrp": 3.63926e-7,
  "timestamp": "2025-10-10T15:52:31.004Z"
}
