{
  "bag_usd": 0.000001,
  "xrp_usd": 2.45217,
  "bag_xrp": 4.07802e-7,
  "timestamp": "2025-10-21T03:12:29.420Z"
}
