{
  "bag_usd": 0.000001,
  "xrp_usd": 2.42072,
  "bag_xrp": 4.131e-7,
  "timestamp": "2025-10-16T09:52:03.344Z"
}
