{
  "bag_usd": 0.000001,
  "xrp_usd": 2.48741,
  "bag_xrp": 4.02025e-7,
  "timestamp": "2025-10-21T21:09:15.445Z"
}
