{
  "bag_usd": 0.000001,
  "xrp_usd": 2.33766,
  "bag_xrp": 4.27778e-7,
  "timestamp": "2025-10-22T22:40:19.555Z"
}
