{
  "bag_usd": 0.000001,
  "xrp_usd": 2.12969,
  "bag_xrp": 4.69552e-7,
  "timestamp": "2025-11-20T08:50:13.350Z"
}
