{
  "bag_usd": 0.000001,
  "xrp_usd": 2.10785,
  "bag_xrp": 4.74417e-7,
  "timestamp": "2025-11-20T15:26:56.825Z"
}
