{
  "bag_usd": 0.000001,
  "xrp_usd": 2.2737,
  "bag_xrp": 4.39812e-7,
  "timestamp": "2025-11-09T01:40:08.240Z"
}
