{
  "bag_usd": 0.000001,
  "xrp_usd": 2.8228,
  "bag_xrp": 3.54258e-7,
  "timestamp": "2025-10-09T07:25:11.167Z"
}
