{
  "bag_usd": 0.000001,
  "xrp_usd": 2.18575,
  "bag_xrp": 4.57509e-7,
  "timestamp": "2025-11-18T09:00:50.731Z"
}
