{
  "bag_usd": 0.000001,
  "xrp_usd": 2.1077,
  "bag_xrp": 4.74451e-7,
  "timestamp": "2025-11-19T23:30:19.822Z"
}
