{
  "bag_usd": 0.000001,
  "xrp_usd": 2.22128,
  "bag_xrp": 4.50191e-7,
  "timestamp": "2025-11-16T13:29:54.389Z"
}
