{
  "bag_usd": 0.000001,
  "xrp_usd": 2.40359,
  "bag_xrp": 4.16044e-7,
  "timestamp": "2025-10-23T11:23:22.088Z"
}
