{
  "bag_usd": 0.000001,
  "xrp_usd": 2.43769,
  "bag_xrp": 4.10224e-7,
  "timestamp": "2025-10-11T02:32:38.685Z"
}
