{
  "bag_usd": 0.000001,
  "xrp_usd": 2.64905,
  "bag_xrp": 3.77494e-7,
  "timestamp": "2025-10-29T10:49:40.723Z"
}
