{
  "bag_usd": 0.000001,
  "xrp_usd": 2.40245,
  "bag_xrp": 4.16242e-7,
  "timestamp": "2025-11-11T20:52:08.925Z"
}
