{
  "bag_usd": 0.000001,
  "xrp_usd": 1.95347,
  "bag_xrp": 5.1191e-7,
  "timestamp": "2025-11-22T06:56:42.899Z"
}
