{
  "bag_usd": 0.000001,
  "xrp_usd": 2.0392,
  "bag_xrp": 4.90388e-7,
  "timestamp": "2025-11-23T09:26:29.099Z"
}
