{
  "bag_usd": 0.000001,
  "xrp_usd": 2.17162,
  "bag_xrp": 4.60486e-7,
  "timestamp": "2025-11-16T16:52:03.663Z"
}
