{
  "bag_usd": 0.000001,
  "xrp_usd": 1.92503,
  "bag_xrp": 5.19472e-7,
  "timestamp": "2025-11-21T15:31:21.273Z"
}
