{
  "bag_usd": 0.000001,
  "xrp_usd": 2.49112,
  "bag_xrp": 4.01426e-7,
  "timestamp": "2025-10-24T18:57:51.741Z"
}
