{
  "bag_usd": 0.000001,
  "xrp_usd": 2.61516,
  "bag_xrp": 3.82386e-7,
  "timestamp": "2025-10-28T20:44:09.232Z"
}
