{
  "bag_usd": 0.000001,
  "xrp_usd": 2.19772,
  "bag_xrp": 4.55017e-7,
  "timestamp": "2025-11-28T07:46:54.017Z"
}
