{
  "bag_usd": 0.000001,
  "xrp_usd": 2.52864,
  "bag_xrp": 3.9547e-7,
  "timestamp": "2025-10-31T16:10:56.644Z"
}
