{
  "bag_usd": 0.000001,
  "xrp_usd": 1.93265,
  "bag_xrp": 5.17424e-7,
  "timestamp": "2025-11-22T15:37:54.753Z"
}
