{
  "bag_usd": 0.000001,
  "xrp_usd": 2.28345,
  "bag_xrp": 4.37934e-7,
  "timestamp": "2025-11-14T10:32:17.801Z"
}
