{
  "bag_usd": 0.000001,
  "xrp_usd": 2.61297,
  "bag_xrp": 3.82706e-7,
  "timestamp": "2025-10-27T10:00:04.750Z"
}
