{
  "bag_usd": 8100.445524503847,
  "xrp_usd": 0.810045,
  "bag_xrp": 10000,
  "timestamp": "2025-10-06T04:16:16.614Z"
}
