{
  "bag_usd": 0.000001,
  "xrp_usd": 2.16365,
  "bag_xrp": 4.62182e-7,
  "timestamp": "2025-11-26T15:11:01.857Z"
}
