{
  "bag_usd": 0.000001,
  "xrp_usd": 2.4903,
  "bag_xrp": 4.01558e-7,
  "timestamp": "2025-10-11T16:16:55.996Z"
}
