{
  "bag_usd": 0.000001,
  "xrp_usd": 2.41793,
  "bag_xrp": 4.13577e-7,
  "timestamp": "2025-11-11T20:21:32.755Z"
}
