{
  "bag_usd": 0.000001,
  "xrp_usd": 2.25783,
  "bag_xrp": 4.42903e-7,
  "timestamp": "2025-11-08T16:10:49.611Z"
}
