{
  "bag_usd": 0.000001,
  "xrp_usd": 2.26227,
  "bag_xrp": 4.42034e-7,
  "timestamp": "2025-11-04T12:40:06.481Z"
}
