{
  "bag_usd": 0.000001,
  "xrp_usd": 2.20564,
  "bag_xrp": 4.53383e-7,
  "timestamp": "2025-11-18T15:44:19.318Z"
}
