{
  "bag_usd": 0.000001,
  "xrp_usd": 2.63741,
  "bag_xrp": 3.7916e-7,
  "timestamp": "2025-10-28T05:27:20.297Z"
}
