{
  "bag_usd": 0.000001,
  "xrp_usd": 2.52125,
  "bag_xrp": 3.96629e-7,
  "timestamp": "2025-10-14T05:34:56.125Z"
}
