{
  "bag_usd": 0.000001,
  "xrp_usd": 2.32025,
  "bag_xrp": 4.30988e-7,
  "timestamp": "2025-11-07T17:44:55.122Z"
}
