{
  "bag_usd": 0.000001,
  "xrp_usd": 2.55779,
  "bag_xrp": 3.90963e-7,
  "timestamp": "2025-10-30T09:45:44.657Z"
}
