{
  "bag_usd": 0.000001,
  "xrp_usd": 2.2738,
  "bag_xrp": 4.39792e-7,
  "timestamp": "2025-11-17T11:13:45.510Z"
}
