{
  "bag_usd": 0.000001,
  "xrp_usd": 2.12927,
  "bag_xrp": 4.69645e-7,
  "timestamp": "2025-11-20T06:39:48.998Z"
}
