{
  "bag_usd": 0.000001,
  "xrp_usd": 2.05702,
  "bag_xrp": 4.8614e-7,
  "timestamp": "2025-11-24T11:20:59.919Z"
}
