{
  "bag_usd": 0.000001,
  "xrp_usd": 2.3047,
  "bag_xrp": 4.33896e-7,
  "timestamp": "2025-11-06T13:53:27.309Z"
}
