{
  "bag_usd": 0.000001,
  "xrp_usd": 2.83779,
  "bag_xrp": 3.52387e-7,
  "timestamp": "2025-10-09T05:18:41.222Z"
}
