{
  "bag_usd": 0.000001,
  "xrp_usd": 2.3187,
  "bag_xrp": 4.31276e-7,
  "timestamp": "2025-11-04T15:24:33.121Z"
}
