{
  "bag_usd": 0.000001,
  "xrp_usd": 2.36822,
  "bag_xrp": 4.22258e-7,
  "timestamp": "2025-10-18T19:31:51.800Z"
}
