{
  "bag_usd": 0.000001,
  "xrp_usd": 2.15865,
  "bag_xrp": 4.63252e-7,
  "timestamp": "2025-11-19T05:12:52.529Z"
}
