{
  "bag_usd": 0.000001,
  "xrp_usd": 2.26553,
  "bag_xrp": 4.41398e-7,
  "timestamp": "2025-11-04T10:59:04.051Z"
}
