{
  "bag_usd": 0.000001,
  "xrp_usd": 2.36505,
  "bag_xrp": 4.22824e-7,
  "timestamp": "2025-10-18T11:20:52.742Z"
}
