{
  "bag_usd": 0.000001,
  "xrp_usd": 2.20205,
  "bag_xrp": 4.54122e-7,
  "timestamp": "2025-10-17T10:28:20.977Z"
}
