{
  "bag_usd": 0.000001,
  "xrp_usd": 2.29804,
  "bag_xrp": 4.35153e-7,
  "timestamp": "2025-11-14T07:41:17.298Z"
}
