{
  "bag_usd": 0.000001,
  "xrp_usd": 2.318,
  "bag_xrp": 4.31406e-7,
  "timestamp": "2025-11-08T08:21:18.302Z"
}
