{
  "bag_usd": 0.000001,
  "xrp_usd": 2.87611,
  "bag_xrp": 3.47692e-7,
  "timestamp": "2025-10-08T10:45:51.488Z"
}
