{
  "bag_usd": 0.000001,
  "xrp_usd": 2.53013,
  "bag_xrp": 3.95237e-7,
  "timestamp": "2025-10-30T05:36:25.888Z"
}
