{
  "bag_usd": 0.000001,
  "xrp_usd": 2.41352,
  "bag_xrp": 4.14333e-7,
  "timestamp": "2025-10-15T23:47:49.178Z"
}
