{
  "bag_usd": 0.000001,
  "xrp_usd": 2.81965,
  "bag_xrp": 3.54654e-7,
  "timestamp": "2025-10-10T09:12:26.456Z"
}
