{
  "bag_usd": 0.000001,
  "xrp_usd": 2.58829,
  "bag_xrp": 3.86355e-7,
  "timestamp": "2025-10-13T16:28:51.125Z"
}
