{
  "bag_usd": 0.000001,
  "xrp_usd": 2.5262,
  "bag_xrp": 3.95851e-7,
  "timestamp": "2025-10-12T17:12:09.324Z"
}
