{
  "bag_usd": 0.000001,
  "xrp_usd": 2.48284,
  "bag_xrp": 4.02765e-7,
  "timestamp": "2025-10-15T03:46:22.277Z"
}
