{
  "bag_usd": 0.000001,
  "xrp_usd": 2.3274,
  "bag_xrp": 4.29664e-7,
  "timestamp": "2025-11-09T19:19:35.698Z"
}
