{
  "bag_usd": 0.000001,
  "xrp_usd": 2.50609,
  "bag_xrp": 3.99028e-7,
  "timestamp": "2025-10-30T13:06:56.088Z"
}
