{
  "bag_usd": 0.000001,
  "xrp_usd": 2.3972,
  "bag_xrp": 4.17153e-7,
  "timestamp": "2025-10-19T21:53:06.821Z"
}
