{
  "bag_usd": 0.000001,
  "xrp_usd": 2.028,
  "bag_xrp": 4.93097e-7,
  "timestamp": "2025-11-23T11:25:51.206Z"
}
