{
  "bag_usd": 0.000001,
  "xrp_usd": 2.47215,
  "bag_xrp": 4.04506e-7,
  "timestamp": "2025-11-11T06:58:20.359Z"
}
