{
  "bag_usd": 0.000001,
  "xrp_usd": 2.37023,
  "bag_xrp": 4.219e-7,
  "timestamp": "2025-11-13T17:40:03.491Z"
}
