{
  "bag_usd": 0.000001,
  "xrp_usd": 2.81453,
  "bag_xrp": 3.55299e-7,
  "timestamp": "2025-10-10T04:58:30.159Z"
}
