{
  "bag_usd": 0.000001,
  "xrp_usd": 2.61375,
  "bag_xrp": 3.82592e-7,
  "timestamp": "2025-10-26T19:46:13.160Z"
}
