{
  "bag_usd": 0.000001,
  "xrp_usd": 2.48261,
  "bag_xrp": 4.02802e-7,
  "timestamp": "2025-11-13T09:15:42.931Z"
}
