{
  "bag_usd": 0.000001,
  "xrp_usd": 2.24197,
  "bag_xrp": 4.46036e-7,
  "timestamp": "2025-11-24T21:58:25.189Z"
}
