{
  "bag_usd": 0.000001,
  "xrp_usd": 2.37865,
  "bag_xrp": 4.20407e-7,
  "timestamp": "2025-11-06T03:04:34.989Z"
}
