{
  "bag_usd": 0.000001,
  "xrp_usd": 2.07558,
  "bag_xrp": 4.81793e-7,
  "timestamp": "2025-11-19T21:42:24.327Z"
}
