{
  "bag_usd": 0.000001,
  "xrp_usd": 2.90131,
  "bag_xrp": 3.44672e-7,
  "timestamp": "2025-10-08T22:44:22.447Z"
}
