{
  "bag_usd": 0.000001,
  "xrp_usd": 2.8299,
  "bag_xrp": 3.53369e-7,
  "timestamp": "2025-10-10T03:47:32.592Z"
}
