{
  "bag_usd": 0.000001,
  "xrp_usd": 2.47895,
  "bag_xrp": 4.03397e-7,
  "timestamp": "2025-10-24T18:45:47.464Z"
}
