{
  "bag_usd": 0.000001,
  "xrp_usd": 2.14975,
  "bag_xrp": 4.6517e-7,
  "timestamp": "2025-11-26T13:07:30.098Z"
}
