{
  "bag_usd": 0.000001,
  "xrp_usd": 2.36858,
  "bag_xrp": 4.22194e-7,
  "timestamp": "2025-10-23T01:22:18.350Z"
}
