{
  "bag_usd": 0.000001,
  "xrp_usd": 2.27655,
  "bag_xrp": 4.39261e-7,
  "timestamp": "2025-11-14T21:25:07.388Z"
}
