{
  "bag_usd": 0.000001,
  "xrp_usd": 2.65349,
  "bag_xrp": 3.76862e-7,
  "timestamp": "2025-10-29T18:34:16.659Z"
}
