{
  "bag_usd": 0.000001,
  "xrp_usd": 2.11635,
  "bag_xrp": 4.72512e-7,
  "timestamp": "2025-11-19T15:29:35.213Z"
}
