{
  "bag_usd": 0.000001,
  "xrp_usd": 2.9763,
  "bag_xrp": 3.35988e-7,
  "timestamp": "2025-10-07T11:29:24.496Z"
}
