{
  "bag_usd": 0.000001,
  "xrp_usd": 2.38484,
  "bag_xrp": 4.19315e-7,
  "timestamp": "2025-10-12T14:31:24.896Z"
}
