{
  "bag_usd": 0.000001,
  "xrp_usd": 2.22542,
  "bag_xrp": 4.49353e-7,
  "timestamp": "2025-11-28T10:58:45.036Z"
}
