{
  "bag_usd": 0.000001,
  "xrp_usd": 2.61959,
  "bag_xrp": 3.81739e-7,
  "timestamp": "2025-10-27T14:31:29.036Z"
}
