{
  "bag_usd": 0.000001,
  "xrp_usd": 2.07411,
  "bag_xrp": 4.82135e-7,
  "timestamp": "2025-11-19T22:19:20.380Z"
}
