{
  "bag_usd": 0.000001,
  "xrp_usd": 1.98961,
  "bag_xrp": 5.02611e-7,
  "timestamp": "2025-11-20T19:23:50.186Z"
}
