{
  "bag_usd": 0.000001,
  "xrp_usd": 2.32761,
  "bag_xrp": 4.29625e-7,
  "timestamp": "2025-11-09T18:59:28.784Z"
}
