{
  "bag_usd": 0.000001,
  "xrp_usd": 2.21803,
  "bag_xrp": 4.50851e-7,
  "timestamp": "2025-11-29T15:53:55.191Z"
}
