{
  "bag_usd": 0.000001,
  "xrp_usd": 2.32767,
  "bag_xrp": 4.29614e-7,
  "timestamp": "2025-11-14T16:36:01.199Z"
}
