{
  "bag_usd": 0.000001,
  "xrp_usd": 1.87545,
  "bag_xrp": 5.33205e-7,
  "timestamp": "2025-11-21T11:54:12.665Z"
}
