{
  "bag_usd": 0.000001,
  "xrp_usd": 2.1905,
  "bag_xrp": 4.56517e-7,
  "timestamp": "2025-11-28T04:50:55.828Z"
}
