{
  "bag_usd": 0.000001,
  "xrp_usd": 2.27976,
  "bag_xrp": 4.38643e-7,
  "timestamp": "2025-11-09T14:14:26.006Z"
}
