{
  "bag_usd": 0.000001,
  "xrp_usd": 2.85701,
  "bag_xrp": 3.50016e-7,
  "timestamp": "2025-10-08T07:32:11.273Z"
}
