{
  "bag_usd": 0.000001,
  "xrp_usd": 1.92555,
  "bag_xrp": 5.19332e-7,
  "timestamp": "2025-11-22T18:29:18.721Z"
}
