{
  "bag_usd": 0.000001,
  "xrp_usd": 2.42846,
  "bag_xrp": 4.11784e-7,
  "timestamp": "2025-11-11T19:29:59.459Z"
}
