{
  "bag_usd": 0.000001,
  "xrp_usd": 3.00439,
  "bag_xrp": 3.32846e-7,
  "timestamp": "2025-10-06T12:33:01.539Z"
}
