{
  "bag_usd": 0.000001,
  "xrp_usd": 2.35518,
  "bag_xrp": 4.24596e-7,
  "timestamp": "2025-10-10T22:51:38.973Z"
}
