{
  "bag_usd": 0.000001,
  "xrp_usd": 2.42194,
  "bag_xrp": 4.12892e-7,
  "timestamp": "2025-11-11T19:53:50.837Z"
}
