{
  "bag_usd": 0.000001,
  "xrp_usd": 2.40495,
  "bag_xrp": 4.15809e-7,
  "timestamp": "2025-10-19T22:33:52.605Z"
}
