{
  "bag_usd": 0.000001,
  "xrp_usd": 2.13715,
  "bag_xrp": 4.67913e-7,
  "timestamp": "2025-11-19T13:03:58.152Z"
}
