{
  "bag_usd": 0.000001,
  "xrp_usd": 2.34825,
  "bag_xrp": 4.25849e-7,
  "timestamp": "2025-11-05T23:26:19.473Z"
}
