{
  "bag_usd": 0.000001,
  "xrp_usd": 2.55112,
  "bag_xrp": 3.91985e-7,
  "timestamp": "2025-10-30T11:23:58.145Z"
}
