{
  "bag_usd": 0.000001,
  "xrp_usd": 1.98133,
  "bag_xrp": 5.04711e-7,
  "timestamp": "2025-11-21T17:55:26.529Z"
}
