{
  "bag_usd": 0.000001,
  "xrp_usd": 2.85784,
  "bag_xrp": 3.49915e-7,
  "timestamp": "2025-10-08T05:57:39.949Z"
}
