{
  "bag_usd": 0.000001,
  "xrp_usd": 2.3246,
  "bag_xrp": 4.30182e-7,
  "timestamp": "2025-10-17T22:25:43.777Z"
}
