{
  "bag_usd": 0.000001,
  "xrp_usd": 2.4627,
  "bag_xrp": 4.06058e-7,
  "timestamp": "2025-11-11T11:48:00.305Z"
}
