{
  "bag_usd": 0.000001,
  "xrp_usd": 2.48186,
  "bag_xrp": 4.02924e-7,
  "timestamp": "2025-10-24T17:52:18.258Z"
}
