{
  "bag_usd": 0.000001,
  "xrp_usd": 2.40044,
  "bag_xrp": 4.1659e-7,
  "timestamp": "2025-11-12T03:53:31.439Z"
}
