{
  "bag_usd": 0.000001,
  "xrp_usd": 2.33852,
  "bag_xrp": 4.27621e-7,
  "timestamp": "2025-11-09T20:48:32.011Z"
}
