{
  "bag_usd": 0.000001,
  "xrp_usd": 2.325,
  "bag_xrp": 4.30108e-7,
  "timestamp": "2025-11-09T14:31:28.151Z"
}
