{
  "bag_usd": 0.000001,
  "xrp_usd": 2.34555,
  "bag_xrp": 4.26339e-7,
  "timestamp": "2025-11-12T17:37:48.132Z"
}
