{
  "bag_usd": 0.000001,
  "xrp_usd": 2.48644,
  "bag_xrp": 4.02181e-7,
  "timestamp": "2025-11-11T05:29:19.767Z"
}
