{
  "bag_usd": 0.000001,
  "xrp_usd": 2.47987,
  "bag_xrp": 4.03247e-7,
  "timestamp": "2025-10-11T17:00:21.558Z"
}
