{
  "bag_usd": 0.000001,
  "xrp_usd": 2.98762,
  "bag_xrp": 3.34715e-7,
  "timestamp": "2025-10-07T02:37:33.606Z"
}
