{
  "bag_usd": 0.000001,
  "xrp_usd": 2.48291,
  "bag_xrp": 4.02753e-7,
  "timestamp": "2025-10-11T08:49:27.388Z"
}
