{
  "bag_usd": 0.000001,
  "xrp_usd": 2.9027,
  "bag_xrp": 3.44507e-7,
  "timestamp": "2025-10-08T20:36:20.707Z"
}
