{
  "bag_usd": 0.000001,
  "xrp_usd": 2.47499,
  "bag_xrp": 4.04042e-7,
  "timestamp": "2025-10-20T09:57:38.873Z"
}
