{
  "bag_usd": 0.000001,
  "xrp_usd": 2.62495,
  "bag_xrp": 3.8096e-7,
  "timestamp": "2025-10-26T18:49:10.443Z"
}
