{
  "bag_usd": 0.000001,
  "xrp_usd": 2.24085,
  "bag_xrp": 4.46259e-7,
  "timestamp": "2025-11-06T18:51:18.120Z"
}
