{
  "bag_usd": 0.000001,
  "xrp_usd": 2.21411,
  "bag_xrp": 4.51649e-7,
  "timestamp": "2025-11-29T12:50:35.264Z"
}
