{
  "bag_usd": 0.000001,
  "xrp_usd": 2.17245,
  "bag_xrp": 4.6031e-7,
  "timestamp": "2025-11-28T18:15:07.602Z"
}
