{
  "bag_usd": 0.000001,
  "xrp_usd": 2.41167,
  "bag_xrp": 4.1465e-7,
  "timestamp": "2025-10-15T23:22:33.938Z"
}
