{
  "bag_usd": 0.000001,
  "xrp_usd": 2.04129,
  "bag_xrp": 4.89886e-7,
  "timestamp": "2025-11-20T22:56:55.689Z"
}
