{
  "bag_usd": 0.000001,
  "xrp_usd": 2.50327,
  "bag_xrp": 3.99477e-7,
  "timestamp": "2025-10-31T12:56:55.586Z"
}
