{
  "bag_usd": 0.000001,
  "xrp_usd": 2.46569,
  "bag_xrp": 4.05566e-7,
  "timestamp": "2025-10-20T08:20:06.440Z"
}
