{
  "bag_usd": 0.000001,
  "xrp_usd": 2.3345,
  "bag_xrp": 4.28357e-7,
  "timestamp": "2025-11-07T22:42:31.916Z"
}
