{
  "bag_usd": 0.000001,
  "xrp_usd": 2.28509,
  "bag_xrp": 4.3762e-7,
  "timestamp": "2025-11-08T22:53:13.803Z"
}
