{
  "bag_usd": 0.000001,
  "xrp_usd": 2.50914,
  "bag_xrp": 3.98543e-7,
  "timestamp": "2025-10-15T09:25:13.340Z"
}
