{
  "bag_usd": 0.000001,
  "xrp_usd": 2.32498,
  "bag_xrp": 4.30111e-7,
  "timestamp": "2025-11-06T06:57:18.030Z"
}
