{
  "bag_usd": 0.000001,
  "xrp_usd": 2.27376,
  "bag_xrp": 4.398e-7,
  "timestamp": "2025-11-05T14:12:06.696Z"
}
