{
  "bag_usd": 0.000001,
  "xrp_usd": 2.65298,
  "bag_xrp": 3.76935e-7,
  "timestamp": "2025-10-27T05:42:35.056Z"
}
