{
  "bag_usd": 0.000001,
  "xrp_usd": 2.47069,
  "bag_xrp": 4.04745e-7,
  "timestamp": "2025-10-11T11:29:07.925Z"
}
