{
  "bag_usd": 0.000001,
  "xrp_usd": 2.98322,
  "bag_xrp": 3.35208e-7,
  "timestamp": "2025-10-07T03:20:34.399Z"
}
