{
  "bag_usd": 0.000001,
  "xrp_usd": 2.195,
  "bag_xrp": 4.55581e-7,
  "timestamp": "2025-11-27T08:45:49.255Z"
}
