{
  "bag_usd": 0.000001,
  "xrp_usd": 2.53208,
  "bag_xrp": 3.94932e-7,
  "timestamp": "2025-10-30T12:22:53.927Z"
}
