{
  "bag_usd": 0.000001,
  "xrp_usd": 2.42489,
  "bag_xrp": 4.1239e-7,
  "timestamp": "2025-10-21T07:18:03.271Z"
}
