{
  "bag_usd": 0.000001,
  "xrp_usd": 2.34259,
  "bag_xrp": 4.26878e-7,
  "timestamp": "2025-11-13T18:49:35.822Z"
}
