{
  "bag_usd": 0.000001,
  "xrp_usd": 2.35596,
  "bag_xrp": 4.24455e-7,
  "timestamp": "2025-10-17T03:48:43.937Z"
}
