{
  "bag_usd": 0.000001,
  "xrp_usd": 2.46445,
  "bag_xrp": 4.0577e-7,
  "timestamp": "2025-10-14T08:33:26.875Z"
}
