{
  "bag_usd": 0.000001,
  "xrp_usd": 2.43677,
  "bag_xrp": 4.10379e-7,
  "timestamp": "2025-11-03T04:38:13.210Z"
}
