{
  "bag_usd": 0.000001,
  "xrp_usd": 2.28537,
  "bag_xrp": 4.37566e-7,
  "timestamp": "2025-11-08T22:26:12.908Z"
}
