{
  "bag_usd": 0.000001,
  "xrp_usd": 2.50495,
  "bag_xrp": 3.9921e-7,
  "timestamp": "2025-11-02T14:48:38.355Z"
}
