{
  "bag_usd": 0.000001,
  "xrp_usd": 2.64135,
  "bag_xrp": 3.78594e-7,
  "timestamp": "2025-10-26T14:51:04.217Z"
}
