{
  "bag_usd": 0.000001,
  "xrp_usd": 2.5047,
  "bag_xrp": 3.99249e-7,
  "timestamp": "2025-11-02T00:00:19.822Z"
}
