{
  "bag_usd": 0.000001,
  "xrp_usd": 2.28417,
  "bag_xrp": 4.37796e-7,
  "timestamp": "2025-11-08T23:42:25.755Z"
}
