{
  "bag_usd": 0.000001,
  "xrp_usd": 2.38634,
  "bag_xrp": 4.19052e-7,
  "timestamp": "2025-10-30T20:00:01.913Z"
}
