{
  "bag_usd": 0.000001,
  "xrp_usd": 2.12844,
  "bag_xrp": 4.69828e-7,
  "timestamp": "2025-11-20T04:48:35.170Z"
}
