{
  "bag_usd": 0.000001,
  "xrp_usd": 2.48379,
  "bag_xrp": 4.02611e-7,
  "timestamp": "2025-10-31T09:56:23.872Z"
}
