{
  "bag_usd": 0.000001,
  "xrp_usd": 2.119,
  "bag_xrp": 4.71921e-7,
  "timestamp": "2025-11-19T14:46:45.040Z"
}
