{
  "bag_usd": 0.000001,
  "xrp_usd": 2.23331,
  "bag_xrp": 4.47766e-7,
  "timestamp": "2025-11-17T01:43:37.911Z"
}
