{
  "bag_usd": 0.000001,
  "xrp_usd": 2.82655,
  "bag_xrp": 3.53788e-7,
  "timestamp": "2025-10-09T11:21:03.212Z"
}
