{
  "bag_usd": 0.000001,
  "xrp_usd": 2.32644,
  "bag_xrp": 4.29841e-7,
  "timestamp": "2025-10-17T21:23:44.187Z"
}
