{
  "bag_usd": 0.000001,
  "xrp_usd": 1.93,
  "bag_xrp": 5.18135e-7,
  "timestamp": "2025-11-22T18:49:18.687Z"
}
