{
  "bag_usd": 0.000001,
  "xrp_usd": 2.37652,
  "bag_xrp": 4.20783e-7,
  "timestamp": "2025-10-11T21:28:54.647Z"
}
