{
  "bag_usd": 0.000001,
  "xrp_usd": 2.28305,
  "bag_xrp": 4.38011e-7,
  "timestamp": "2025-11-15T06:44:04.415Z"
}
