{
  "bag_usd": 0.000001,
  "xrp_usd": 2.88017,
  "bag_xrp": 3.47202e-7,
  "timestamp": "2025-10-07T20:55:29.539Z"
}
