{
  "bag_usd": 0.000001,
  "xrp_usd": 2.89427,
  "bag_xrp": 3.4551e-7,
  "timestamp": "2025-10-08T23:33:44.324Z"
}
