{
  "bag_usd": 0.000001,
  "xrp_usd": 2.42595,
  "bag_xrp": 4.1221e-7,
  "timestamp": "2025-11-12T10:56:44.985Z"
}
