{
  "bag_usd": 0.000001,
  "xrp_usd": 2.39207,
  "bag_xrp": 4.18048e-7,
  "timestamp": "2025-11-03T10:42:04.593Z"
}
