{
  "bag_usd": 0.000001,
  "xrp_usd": 2.86825,
  "bag_xrp": 3.48645e-7,
  "timestamp": "2025-10-07T21:54:33.736Z"
}
