{
  "bag_usd": 0.000001,
  "xrp_usd": 2.32023,
  "bag_xrp": 4.30992e-7,
  "timestamp": "2025-11-07T23:31:45.256Z"
}
