{
  "bag_usd": 0.000001,
  "xrp_usd": 2.53673,
  "bag_xrp": 3.94208e-7,
  "timestamp": "2025-10-12T19:25:29.667Z"
}
