{
  "bag_usd": 0.000001,
  "xrp_usd": 2.49925,
  "bag_xrp": 4.0012e-7,
  "timestamp": "2025-10-31T14:13:12.935Z"
}
