{
  "bag_usd": 0.000001,
  "xrp_usd": 2.5339,
  "bag_xrp": 3.94649e-7,
  "timestamp": "2025-11-02T08:38:13.610Z"
}
