{
  "bag_usd": 0.000001,
  "xrp_usd": 2.15838,
  "bag_xrp": 4.6331e-7,
  "timestamp": "2025-11-17T22:25:43.856Z"
}
