{
  "bag_usd": 0.000001,
  "xrp_usd": 2.25565,
  "bag_xrp": 4.43331e-7,
  "timestamp": "2025-11-04T08:53:21.228Z"
}
