{
  "bag_usd": 0.000001,
  "xrp_usd": 2.62037,
  "bag_xrp": 3.81625e-7,
  "timestamp": "2025-10-13T08:28:22.575Z"
}
