{
  "bag_usd": 0.000001,
  "xrp_usd": 2.26448,
  "bag_xrp": 4.41602e-7,
  "timestamp": "2025-11-16T07:17:53.045Z"
}
