{
  "bag_usd": 0.000001,
  "xrp_usd": 2.50427,
  "bag_xrp": 3.99318e-7,
  "timestamp": "2025-10-24T21:22:45.748Z"
}
