{
  "bag_usd": 0.000001,
  "xrp_usd": 2.58246,
  "bag_xrp": 3.87228e-7,
  "timestamp": "2025-10-29T19:41:25.773Z"
}
