{
  "bag_usd": 0.000001,
  "xrp_usd": 2.35378,
  "bag_xrp": 4.24849e-7,
  "timestamp": "2025-11-13T17:52:19.884Z"
}
