{
  "bag_usd": 0.000001,
  "xrp_usd": 2.0597,
  "bag_xrp": 4.85508e-7,
  "timestamp": "2025-11-24T11:48:47.522Z"
}
