{
  "bag_usd": 0.000001,
  "xrp_usd": 2.62595,
  "bag_xrp": 3.80815e-7,
  "timestamp": "2025-10-27T10:50:18.414Z"
}
