{
  "bag_usd": 0.000001,
  "xrp_usd": 2.61789,
  "bag_xrp": 3.81987e-7,
  "timestamp": "2025-10-29T05:56:55.344Z"
}
