{
  "bag_usd": 0.000001,
  "xrp_usd": 2.22109,
  "bag_xrp": 4.50229e-7,
  "timestamp": "2025-11-18T16:57:36.623Z"
}
