{
  "bag_usd": 0.000001,
  "xrp_usd": 2.40445,
  "bag_xrp": 4.15896e-7,
  "timestamp": "2025-10-10T21:35:29.521Z"
}
