{
  "bag_usd": 0.000001,
  "xrp_usd": 2.63885,
  "bag_xrp": 3.78953e-7,
  "timestamp": "2025-10-26T12:47:35.232Z"
}
