{
  "bag_usd": 0.000001,
  "xrp_usd": 1.98466,
  "bag_xrp": 5.03865e-7,
  "timestamp": "2025-11-20T18:46:35.414Z"
}
