{
  "bag_usd": 0.000001,
  "xrp_usd": 2.37485,
  "bag_xrp": 4.21079e-7,
  "timestamp": "2025-10-19T12:39:30.897Z"
}
