{
  "bag_usd": 0.000001,
  "xrp_usd": 2.20479,
  "bag_xrp": 4.53558e-7,
  "timestamp": "2025-11-06T23:43:47.682Z"
}
