{
  "bag_usd": 0.000001,
  "xrp_usd": 2.65096,
  "bag_xrp": 3.77222e-7,
  "timestamp": "2025-10-27T07:26:50.122Z"
}
