{
  "bag_usd": 0.000001,
  "xrp_usd": 2.831,
  "bag_xrp": 3.53232e-7,
  "timestamp": "2025-10-10T09:33:03.799Z"
}
