{
  "bag_usd": 0.000001,
  "xrp_usd": 2.25818,
  "bag_xrp": 4.42834e-7,
  "timestamp": "2025-11-15T11:34:39.212Z"
}
