{
  "bag_usd": 0.000001,
  "xrp_usd": 2.2355,
  "bag_xrp": 4.47327e-7,
  "timestamp": "2025-11-05T07:31:42.379Z"
}
