{
  "bag_usd": 0.000001,
  "xrp_usd": 2.85999,
  "bag_xrp": 3.49652e-7,
  "timestamp": "2025-10-07T23:48:03.950Z"
}
