{
  "bag_usd": 0.000001,
  "xrp_usd": 2.09005,
  "bag_xrp": 4.78457e-7,
  "timestamp": "2025-11-24T13:41:10.240Z"
}
