{
  "bag_usd": 0.000001,
  "xrp_usd": 2.54797,
  "bag_xrp": 3.92469e-7,
  "timestamp": "2025-10-13T05:37:59.665Z"
}
