{
  "bag_usd": 0.000001,
  "xrp_usd": 2.52856,
  "bag_xrp": 3.95482e-7,
  "timestamp": "2025-11-02T13:32:52.517Z"
}
