{
  "bag_usd": 0.000001,
  "xrp_usd": 1.90454,
  "bag_xrp": 5.25061e-7,
  "timestamp": "2025-11-21T11:15:50.667Z"
}
