{
  "bag_usd": 0.000001,
  "xrp_usd": 2.45891,
  "bag_xrp": 4.06684e-7,
  "timestamp": "2025-10-24T09:43:52.868Z"
}
