{
  "bag_usd": 0.000001,
  "xrp_usd": 2.41022,
  "bag_xrp": 4.149e-7,
  "timestamp": "2025-10-19T17:20:45.815Z"
}
