{
  "bag_usd": 0.000001,
  "xrp_usd": 2.27365,
  "bag_xrp": 4.39821e-7,
  "timestamp": "2025-11-14T21:39:49.569Z"
}
