{
  "bag_usd": 0.000001,
  "xrp_usd": 2.68503,
  "bag_xrp": 3.72435e-7,
  "timestamp": "2025-10-27T19:16:44.225Z"
}
