{
  "bag_usd": 0.000001,
  "xrp_usd": 2.48293,
  "bag_xrp": 4.0275e-7,
  "timestamp": "2025-10-31T06:39:41.482Z"
}
