{
  "bag_usd": 0.000001,
  "xrp_usd": 2.21773,
  "bag_xrp": 4.50912e-7,
  "timestamp": "2025-11-28T13:53:43.568Z"
}
