{
  "bag_usd": 0.000001,
  "xrp_usd": 2.18026,
  "bag_xrp": 4.58661e-7,
  "timestamp": "2025-11-29T07:48:25.174Z"
}
