{
  "bag_usd": 0.000001,
  "xrp_usd": 2.563,
  "bag_xrp": 3.90168e-7,
  "timestamp": "2025-10-30T10:29:42.277Z"
}
