{
  "bag_usd": 0.000001,
  "xrp_usd": 2.22108,
  "bag_xrp": 4.50231e-7,
  "timestamp": "2025-11-05T11:09:40.029Z"
}
