{
  "bag_usd": 0.000001,
  "xrp_usd": 2.38716,
  "bag_xrp": 4.18908e-7,
  "timestamp": "2025-11-12T21:54:46.056Z"
}
