{
  "bag_usd": 0.000001,
  "xrp_usd": 2.13945,
  "bag_xrp": 4.6741e-7,
  "timestamp": "2025-11-19T11:48:53.354Z"
}
