{
  "bag_usd": 0.000001,
  "xrp_usd": 2.45114,
  "bag_xrp": 4.07973e-7,
  "timestamp": "2025-10-20T05:33:17.447Z"
}
