{
  "bag_usd": 0.000001,
  "xrp_usd": 2.04237,
  "bag_xrp": 4.89627e-7,
  "timestamp": "2025-11-24T09:49:10.147Z"
}
