{
  "bag_usd": 0.000001,
  "xrp_usd": 2.2128,
  "bag_xrp": 4.51916e-7,
  "timestamp": "2025-11-18T23:26:02.551Z"
}
