{
  "bag_usd": 0.000001,
  "xrp_usd": 2.04235,
  "bag_xrp": 4.89632e-7,
  "timestamp": "2025-11-23T12:58:06.655Z"
}
