{
  "bag_usd": 0.000001,
  "xrp_usd": 2.46494,
  "bag_xrp": 4.05689e-7,
  "timestamp": "2025-10-14T07:35:33.460Z"
}
