{
  "bag_usd": 0.000001,
  "xrp_usd": 2.19327,
  "bag_xrp": 4.5594e-7,
  "timestamp": "2025-11-24T17:40:53.893Z"
}
