{
  "bag_usd": 0.000001,
  "xrp_usd": 2.17285,
  "bag_xrp": 4.60225e-7,
  "timestamp": "2025-11-26T11:21:40.677Z"
}
