{
  "bag_usd": 0.000001,
  "xrp_usd": 2.20728,
  "bag_xrp": 4.53046e-7,
  "timestamp": "2025-11-28T16:41:11.738Z"
}
