{
  "bag_usd": 0.000001,
  "xrp_usd": 1.92855,
  "bag_xrp": 5.18524e-7,
  "timestamp": "2025-11-22T19:37:21.203Z"
}
