{
  "bag_usd": 0.000001,
  "xrp_usd": 2.4877,
  "bag_xrp": 4.01978e-7,
  "timestamp": "2025-10-24T17:39:55.657Z"
}
