{
  "bag_usd": 0.000001,
  "xrp_usd": 2.21999,
  "bag_xrp": 4.50452e-7,
  "timestamp": "2025-11-27T19:38:45.542Z"
}
