{
  "bag_usd": 0.000001,
  "xrp_usd": 2.6569,
  "bag_xrp": 3.76378e-7,
  "timestamp": "2025-10-28T10:32:48.916Z"
}
