{
  "bag_usd": 0.000001,
  "xrp_usd": 2.40606,
  "bag_xrp": 4.15617e-7,
  "timestamp": "2025-10-19T20:53:43.979Z"
}
