{
  "bag_usd": 0.000001,
  "xrp_usd": 2.46533,
  "bag_xrp": 4.05625e-7,
  "timestamp": "2025-11-13T14:27:16.523Z"
}
