{
  "bag_usd": 0.000001,
  "xrp_usd": 2.16163,
  "bag_xrp": 4.62614e-7,
  "timestamp": "2025-11-19T07:43:24.127Z"
}
