{
  "bag_usd": 0.000001,
  "xrp_usd": 2.26732,
  "bag_xrp": 4.41049e-7,
  "timestamp": "2025-11-09T05:44:38.509Z"
}
