{
  "bag_usd": 0.000001,
  "xrp_usd": 2.07011,
  "bag_xrp": 4.83066e-7,
  "timestamp": "2025-11-24T15:01:29.723Z"
}
