{
  "bag_usd": 0.000001,
  "xrp_usd": 2.20135,
  "bag_xrp": 4.54267e-7,
  "timestamp": "2025-11-29T17:50:04.865Z"
}
