{
  "bag_usd": 0.000001,
  "xrp_usd": 2.62234,
  "bag_xrp": 3.81339e-7,
  "timestamp": "2025-10-26T17:55:52.671Z"
}
