{
  "bag_usd": 0.000001,
  "xrp_usd": 2.99408,
  "bag_xrp": 3.33992e-7,
  "timestamp": "2025-10-06T22:40:18.071Z"
}
