{
  "bag_usd": 0.000001,
  "xrp_usd": 2.45984,
  "bag_xrp": 4.06531e-7,
  "timestamp": "2025-10-20T11:38:00.791Z"
}
