{
  "bag_usd": 0.000001,
  "xrp_usd": 2.25806,
  "bag_xrp": 4.42858e-7,
  "timestamp": "2025-11-14T22:59:53.252Z"
}
