{
  "bag_usd": 0.000001,
  "xrp_usd": 2.18087,
  "bag_xrp": 4.58533e-7,
  "timestamp": "2025-11-29T09:45:50.814Z"
}
