{
  "bag_usd": 0.000001,
  "xrp_usd": 2.17806,
  "bag_xrp": 4.59124e-7,
  "timestamp": "2025-11-04T19:53:14.169Z"
}
