{
  "bag_usd": 0.000001,
  "xrp_usd": 2.34467,
  "bag_xrp": 4.26499e-7,
  "timestamp": "2025-10-18T06:33:11.738Z"
}
