{
  "bag_usd": 0.000001,
  "xrp_usd": 2.3897,
  "bag_xrp": 4.18463e-7,
  "timestamp": "2025-10-22T15:36:45.823Z"
}
