{
  "bag_usd": 0.000001,
  "xrp_usd": 2.25404,
  "bag_xrp": 4.43648e-7,
  "timestamp": "2025-11-17T06:48:43.935Z"
}
