{
  "bag_usd": 0.000001,
  "xrp_usd": 2.20251,
  "bag_xrp": 4.54027e-7,
  "timestamp": "2025-11-27T23:25:07.369Z"
}
