{
  "bag_usd": 0.000001,
  "xrp_usd": 2.68381,
  "bag_xrp": 3.72605e-7,
  "timestamp": "2025-10-28T13:17:40.699Z"
}
