{
  "bag_usd": 0.000001,
  "xrp_usd": 2.62001,
  "bag_xrp": 3.81678e-7,
  "timestamp": "2025-10-26T21:42:54.713Z"
}
