{
  "bag_usd": 0.000001,
  "xrp_usd": 2.31582,
  "bag_xrp": 4.31812e-7,
  "timestamp": "2025-10-17T22:53:28.303Z"
}
