{
  "bag_usd": 0.000001,
  "xrp_usd": 2.2231,
  "bag_xrp": 4.49822e-7,
  "timestamp": "2025-11-24T19:13:27.186Z"
}
