{
  "bag_usd": 0.000001,
  "xrp_usd": 2.47362,
  "bag_xrp": 4.04266e-7,
  "timestamp": "2025-10-11T18:31:28.329Z"
}
