{
  "bag_usd": 0.000001,
  "xrp_usd": 2.08735,
  "bag_xrp": 4.79076e-7,
  "timestamp": "2025-11-24T13:56:51.381Z"
}
