{
  "bag_usd": 0.000001,
  "xrp_usd": 2.39955,
  "bag_xrp": 4.16745e-7,
  "timestamp": "2025-10-11T22:31:41.421Z"
}
