{
  "bag_usd": 0.000001,
  "xrp_usd": 2.40503,
  "bag_xrp": 4.15795e-7,
  "timestamp": "2025-10-11T05:39:15.928Z"
}
