{
  "bag_usd": 0.000001,
  "xrp_usd": 2.42204,
  "bag_xrp": 4.12875e-7,
  "timestamp": "2025-10-16T03:45:15.575Z"
}
