{
  "bag_usd": 0.000001,
  "xrp_usd": 2.33365,
  "bag_xrp": 4.28513e-7,
  "timestamp": "2025-11-09T22:26:38.520Z"
}
