{
  "bag_usd": 0.000001,
  "xrp_usd": 2.25933,
  "bag_xrp": 4.42609e-7,
  "timestamp": "2025-11-05T16:26:09.976Z"
}
