{
  "bag_usd": 0.000001,
  "xrp_usd": 2.68796,
  "bag_xrp": 3.72029e-7,
  "timestamp": "2025-10-27T17:57:58.714Z"
}
