{
  "bag_usd": 0.000001,
  "xrp_usd": 2.41482,
  "bag_xrp": 4.1411e-7,
  "timestamp": "2025-10-16T06:28:08.285Z"
}
