{
  "bag_usd": 0.000001,
  "xrp_usd": 2.75373,
  "bag_xrp": 3.63144e-7,
  "timestamp": "2025-10-10T15:25:05.776Z"
}
