{
  "bag_usd": 0.000001,
  "xrp_usd": 1.89823,
  "bag_xrp": 5.26807e-7,
  "timestamp": "2025-11-21T10:53:08.519Z"
}
