{
  "bag_usd": 0.000001,
  "xrp_usd": 2.59599,
  "bag_xrp": 3.85209e-7,
  "timestamp": "2025-10-26T00:00:22.527Z"
}
