{
  "bag_usd": 0.000001,
  "xrp_usd": 2.35625,
  "bag_xrp": 4.24403e-7,
  "timestamp": "2025-11-04T04:01:05.570Z"
}
