{
  "bag_usd": 0.000001,
  "xrp_usd": 2.29688,
  "bag_xrp": 4.35373e-7,
  "timestamp": "2025-11-08T11:51:50.974Z"
}
