{
  "bag_usd": 0.000001,
  "xrp_usd": 2.59529,
  "bag_xrp": 3.85313e-7,
  "timestamp": "2025-10-25T22:36:59.273Z"
}
