{
  "bag_usd": 0.000001,
  "xrp_usd": 2.48513,
  "bag_xrp": 4.02393e-7,
  "timestamp": "2025-10-31T04:32:39.098Z"
}
