{
  "bag_usd": 0.000001,
  "xrp_usd": 2.23637,
  "bag_xrp": 4.47153e-7,
  "timestamp": "2025-11-16T11:50:24.318Z"
}
