{
  "bag_usd": 0.000001,
  "xrp_usd": 2.35785,
  "bag_xrp": 4.24115e-7,
  "timestamp": "2025-10-19T04:50:55.304Z"
}
