{
  "bag_usd": 0.000001,
  "xrp_usd": 2.3375,
  "bag_xrp": 4.27807e-7,
  "timestamp": "2025-11-12T19:49:49.855Z"
}
