{
  "bag_usd": 0.000001,
  "xrp_usd": 2.4656,
  "bag_xrp": 4.05581e-7,
  "timestamp": "2025-11-11T10:16:29.549Z"
}
