{
  "bag_usd": 0.000001,
  "xrp_usd": 2.48456,
  "bag_xrp": 4.02486e-7,
  "timestamp": "2025-10-14T06:38:44.865Z"
}
