{
  "bag_usd": 0.000001,
  "xrp_usd": 2.34675,
  "bag_xrp": 4.26121e-7,
  "timestamp": "2025-10-19T06:50:39.527Z"
}
