{
  "bag_usd": 0.000001,
  "xrp_usd": 2.72729,
  "bag_xrp": 3.66664e-7,
  "timestamp": "2025-10-10T17:34:11.988Z"
}
