{
  "bag_usd": 0.000001,
  "xrp_usd": 2.97326,
  "bag_xrp": 3.36331e-7,
  "timestamp": "2025-10-06T04:38:04.170Z"
}
