{
  "bag_usd": 0.000001,
  "xrp_usd": 2.3406,
  "bag_xrp": 4.27241e-7,
  "timestamp": "2025-11-04T04:49:02.325Z"
}
