{
  "bag_usd": 0.000001,
  "xrp_usd": 2.27263,
  "bag_xrp": 4.40019e-7,
  "timestamp": "2025-11-15T01:18:36.208Z"
}
