{
  "bag_usd": 0.000001,
  "xrp_usd": 2.39662,
  "bag_xrp": 4.17254e-7,
  "timestamp": "2025-11-11T23:44:30.271Z"
}
