{
  "bag_usd": 0.000001,
  "xrp_usd": 2.26017,
  "bag_xrp": 4.42445e-7,
  "timestamp": "2025-11-09T10:19:47.345Z"
}
