{
  "bag_usd": 0.000001,
  "xrp_usd": 2.97465,
  "bag_xrp": 3.36174e-7,
  "timestamp": "2025-10-07T09:55:26.530Z"
}
