{
  "bag_usd": 0.000001,
  "xrp_usd": 2.48419,
  "bag_xrp": 4.02546e-7,
  "timestamp": "2025-10-14T21:13:45.174Z"
}
