{
  "bag_usd": 0.000001,
  "xrp_usd": 2.5588,
  "bag_xrp": 3.90808e-7,
  "timestamp": "2025-11-10T17:50:31.443Z"
}
