{
  "bag_usd": 0.000001,
  "xrp_usd": 2.28958,
  "bag_xrp": 4.36761e-7,
  "timestamp": "2025-11-03T21:31:23.380Z"
}
