{
  "bag_usd": 0.000001,
  "xrp_usd": 1.91963,
  "bag_xrp": 5.20934e-7,
  "timestamp": "2025-11-22T11:49:23.356Z"
}
