{
  "bag_usd": 0.000001,
  "xrp_usd": 2.20188,
  "bag_xrp": 4.54157e-7,
  "timestamp": "2025-11-28T06:52:10.350Z"
}
