{
  "bag_usd": 0.000001,
  "xrp_usd": 2.20792,
  "bag_xrp": 4.52915e-7,
  "timestamp": "2025-11-06T22:40:41.970Z"
}
