{
  "bag_usd": 0.000001,
  "xrp_usd": 1.99,
  "bag_xrp": 5.02513e-7,
  "timestamp": "2025-11-20T20:11:38.657Z"
}
