{
  "bag_usd": 0.000001,
  "xrp_usd": 2.04656,
  "bag_xrp": 4.88625e-7,
  "timestamp": "2025-11-19T17:37:34.906Z"
}
