{
  "bag_usd": 0.000001,
  "xrp_usd": 2.34655,
  "bag_xrp": 4.26158e-7,
  "timestamp": "2025-11-09T19:54:56.475Z"
}
