{
  "bag_usd": 0.000001,
  "xrp_usd": 2.5452,
  "bag_xrp": 3.92896e-7,
  "timestamp": "2025-10-25T09:11:38.405Z"
}
