{
  "bag_usd": 0.000001,
  "xrp_usd": 2.51995,
  "bag_xrp": 3.96833e-7,
  "timestamp": "2025-11-02T09:52:38.415Z"
}
