{
  "bag_usd": 0.000001,
  "xrp_usd": 2.80689,
  "bag_xrp": 3.56266e-7,
  "timestamp": "2025-10-09T09:43:24.129Z"
}
