{
  "bag_usd": 0.000001,
  "xrp_usd": 2.2588,
  "bag_xrp": 4.42713e-7,
  "timestamp": "2025-11-15T14:43:21.195Z"
}
