{
  "bag_usd": 0.000001,
  "xrp_usd": 2.78549,
  "bag_xrp": 3.59003e-7,
  "timestamp": "2025-10-09T18:55:54.073Z"
}
