{
  "bag_usd": 0.000001,
  "xrp_usd": 2.28757,
  "bag_xrp": 4.37145e-7,
  "timestamp": "2025-11-08T13:42:46.777Z"
}
