{
  "bag_usd": 0.000001,
  "xrp_usd": 1.90141,
  "bag_xrp": 5.25925e-7,
  "timestamp": "2025-11-22T10:37:20.043Z"
}
