{
  "bag_usd": 0.000001,
  "xrp_usd": 2.07295,
  "bag_xrp": 4.82404e-7,
  "timestamp": "2025-11-23T22:46:57.302Z"
}
