{
  "bag_usd": 0.000001,
  "xrp_usd": 2.21333,
  "bag_xrp": 4.51808e-7,
  "timestamp": "2025-11-16T15:25:05.912Z"
}
