{
  "bag_usd": 0.000001,
  "xrp_usd": 2.80525,
  "bag_xrp": 3.56474e-7,
  "timestamp": "2025-10-09T08:19:13.561Z"
}
