{
  "bag_usd": 0.000001,
  "xrp_usd": 2.25895,
  "bag_xrp": 4.42684e-7,
  "timestamp": "2025-11-15T14:30:21.878Z"
}
