{
  "bag_usd": 0.000001,
  "xrp_usd": 2.52174,
  "bag_xrp": 3.96552e-7,
  "timestamp": "2025-11-02T04:46:46.529Z"
}
