{
  "bag_usd": 0.000001,
  "xrp_usd": 2.50766,
  "bag_xrp": 3.98778e-7,
  "timestamp": "2025-10-24T22:00:04.196Z"
}
