{
  "bag_usd": 0.000001,
  "xrp_usd": 2.42485,
  "bag_xrp": 4.12397e-7,
  "timestamp": "2025-10-11T04:45:27.605Z"
}
