{
  "bag_usd": 0.000001,
  "xrp_usd": 2.15516,
  "bag_xrp": 4.64003e-7,
  "timestamp": "2025-11-18T05:56:31.445Z"
}
