{
  "bag_usd": 0.000001,
  "xrp_usd": 2.59593,
  "bag_xrp": 3.85218e-7,
  "timestamp": "2025-10-25T22:22:09.063Z"
}
