{
  "bag_usd": 0.000001,
  "xrp_usd": 2.307,
  "bag_xrp": 4.33463e-7,
  "timestamp": "2025-11-05T18:56:14.720Z"
}
