{
  "bag_usd": 0.000001,
  "xrp_usd": 2.28341,
  "bag_xrp": 4.37941e-7,
  "timestamp": "2025-10-17T11:33:09.655Z"
}
