{
  "bag_usd": 0.000001,
  "xrp_usd": 2.82555,
  "bag_xrp": 3.53913e-7,
  "timestamp": "2025-10-09T11:47:18.667Z"
}
