{
  "bag_usd": 0.000001,
  "xrp_usd": 2.19768,
  "bag_xrp": 4.55025e-7,
  "timestamp": "2025-11-07T09:46:46.936Z"
}
