{
  "bag_usd": 0.000001,
  "xrp_usd": 2.23961,
  "bag_xrp": 4.46506e-7,
  "timestamp": "2025-11-25T04:37:29.908Z"
}
