{
  "bag_usd": 0.000001,
  "xrp_usd": 2.39074,
  "bag_xrp": 4.18281e-7,
  "timestamp": "2025-10-12T10:33:42.880Z"
}
