{
  "bag_usd": 0.000001,
  "xrp_usd": 2.49745,
  "bag_xrp": 4.00408e-7,
  "timestamp": "2025-11-01T22:46:56.026Z"
}
