{
  "bag_usd": 0.000001,
  "xrp_usd": 2.27035,
  "bag_xrp": 4.40461e-7,
  "timestamp": "2025-10-17T13:29:16.128Z"
}
