{
  "bag_usd": 0.000001,
  "xrp_usd": 2.22892,
  "bag_xrp": 4.48648e-7,
  "timestamp": "2025-11-26T17:43:04.343Z"
}
