{
  "bag_usd": 0.000001,
  "xrp_usd": 2.33196,
  "bag_xrp": 4.28824e-7,
  "timestamp": "2025-10-18T04:20:26.945Z"
}
