{
  "bag_usd": 0.000001,
  "xrp_usd": 2.30831,
  "bag_xrp": 4.33217e-7,
  "timestamp": "2025-11-08T06:36:14.794Z"
}
