{
  "bag_usd": 0.000001,
  "xrp_usd": 2.29579,
  "bag_xrp": 4.3558e-7,
  "timestamp": "2025-10-17T19:51:49.995Z"
}
