{
  "bag_usd": 0.000001,
  "xrp_usd": 2.8144,
  "bag_xrp": 3.55316e-7,
  "timestamp": "2025-10-10T04:30:43.677Z"
}
