{
  "bag_usd": 0.000001,
  "xrp_usd": 2.59898,
  "bag_xrp": 3.84766e-7,
  "timestamp": "2025-10-29T22:23:21.671Z"
}
