{
  "bag_usd": 0.000001,
  "xrp_usd": 2.19893,
  "bag_xrp": 4.54767e-7,
  "timestamp": "2025-11-27T15:51:30.372Z"
}
