{
  "bag_usd": 0.000001,
  "xrp_usd": 2.23315,
  "bag_xrp": 4.47798e-7,
  "timestamp": "2025-11-28T16:10:47.137Z"
}
