{
  "bag_usd": 0.000001,
  "xrp_usd": 2.375,
  "bag_xrp": 4.21053e-7,
  "timestamp": "2025-10-19T11:54:48.709Z"
}
