{
  "bag_usd": 0.000001,
  "xrp_usd": 2.5163,
  "bag_xrp": 3.97409e-7,
  "timestamp": "2025-11-02T11:19:41.218Z"
}
