{
  "bag_usd": 0.000001,
  "xrp_usd": 2.30142,
  "bag_xrp": 4.34514e-7,
  "timestamp": "2025-11-09T14:54:52.765Z"
}
