{
  "bag_usd": 0.000001,
  "xrp_usd": 2.35043,
  "bag_xrp": 4.25454e-7,
  "timestamp": "2025-10-22T22:11:10.322Z"
}
