{
  "bag_usd": 0.000001,
  "xrp_usd": 2.37005,
  "bag_xrp": 4.21932e-7,
  "timestamp": "2025-10-18T14:48:39.166Z"
}
