{
  "bag_usd": 0.000001,
  "xrp_usd": 2.06045,
  "bag_xrp": 4.85331e-7,
  "timestamp": "2025-11-24T07:28:21.056Z"
}
