{
  "bag_usd": 0.000001,
  "xrp_usd": 2.43311,
  "bag_xrp": 4.10997e-7,
  "timestamp": "2025-11-13T15:44:40.305Z"
}
