{
  "bag_usd": 0.000001,
  "xrp_usd": 2.05255,
  "bag_xrp": 4.87199e-7,
  "timestamp": "2025-11-24T10:12:20.823Z"
}
