{
  "bag_usd": 0.000001,
  "xrp_usd": 2.34928,
  "bag_xrp": 4.25662e-7,
  "timestamp": "2025-10-11T20:54:56.971Z"
}
