{
  "bag_usd": 0.000001,
  "xrp_usd": 2.26712,
  "bag_xrp": 4.41088e-7,
  "timestamp": "2025-11-04T06:41:17.357Z"
}
