{
  "bag_usd": 0.000001,
  "xrp_usd": 2.28895,
  "bag_xrp": 4.36882e-7,
  "timestamp": "2025-11-05T18:39:25.094Z"
}
