{
  "bag_usd": 0.000001,
  "xrp_usd": 2.25489,
  "bag_xrp": 4.43481e-7,
  "timestamp": "2025-11-15T18:50:23.908Z"
}
