{
  "bag_usd": 0.000001,
  "xrp_usd": 2.2602,
  "bag_xrp": 4.42439e-7,
  "timestamp": "2025-11-09T03:04:23.102Z"
}
