{
  "bag_usd": 0.000001,
  "xrp_usd": 2.19867,
  "bag_xrp": 4.5482e-7,
  "timestamp": "2025-11-25T16:36:37.374Z"
}
