{
  "bag_usd": 0.000001,
  "xrp_usd": 2.30429,
  "bag_xrp": 4.33973e-7,
  "timestamp": "2025-11-06T10:54:47.861Z"
}
