{
  "bag_usd": 0.000001,
  "xrp_usd": 2.7836,
  "bag_xrp": 3.59247e-7,
  "timestamp": "2025-10-09T19:56:11.399Z"
}
