{
  "bag_usd": 0.000001,
  "xrp_usd": 2.4818,
  "bag_xrp": 4.02933e-7,
  "timestamp": "2025-10-21T20:12:46.454Z"
}
