{
  "bag_usd": 0.000001,
  "xrp_usd": 2.58021,
  "bag_xrp": 3.87565e-7,
  "timestamp": "2025-10-30T08:15:01.338Z"
}
