{
  "bag_usd": 0.000001,
  "xrp_usd": 2.57234,
  "bag_xrp": 3.88751e-7,
  "timestamp": "2025-10-13T04:40:14.586Z"
}
