{
  "bag_usd": 0.000001,
  "xrp_usd": 2.47165,
  "bag_xrp": 4.04588e-7,
  "timestamp": "2025-10-30T14:23:07.524Z"
}
