{
  "bag_usd": 0.000001,
  "xrp_usd": 2.48659,
  "bag_xrp": 4.02157e-7,
  "timestamp": "2025-10-11T09:39:46.868Z"
}
