{
  "bag_usd": 0.000001,
  "xrp_usd": 2.23449,
  "bag_xrp": 4.47529e-7,
  "timestamp": "2025-11-24T19:54:40.098Z"
}
