{
  "bag_usd": 0.000001,
  "xrp_usd": 2.02421,
  "bag_xrp": 4.9402e-7,
  "timestamp": "2025-11-23T07:42:32.814Z"
}
