{
  "bag_usd": 0.000001,
  "xrp_usd": 2.58001,
  "bag_xrp": 3.87595e-7,
  "timestamp": "2025-10-25T13:32:06.498Z"
}
