{
  "bag_usd": 0.000001,
  "xrp_usd": 1.95671,
  "bag_xrp": 5.11062e-7,
  "timestamp": "2025-11-21T21:29:50.891Z"
}
