{
  "bag_usd": 0.000001,
  "xrp_usd": 2.92517,
  "bag_xrp": 3.4186e-7,
  "timestamp": "2025-10-08T17:55:46.576Z"
}
