{
  "bag_usd": 0.000001,
  "xrp_usd": 2.4135,
  "bag_xrp": 4.14336e-7,
  "timestamp": "2025-10-23T10:29:47.435Z"
}
