{
  "bag_usd": 0.000001,
  "xrp_usd": 2.65126,
  "bag_xrp": 3.77179e-7,
  "timestamp": "2025-10-28T14:27:25.138Z"
}
