{
  "bag_usd": 0.000001,
  "xrp_usd": 2.27045,
  "bag_xrp": 4.40441e-7,
  "timestamp": "2025-11-04T06:58:16.674Z"
}
