{
  "bag_usd": 0.000001,
  "xrp_usd": 2.47706,
  "bag_xrp": 4.03704e-7,
  "timestamp": "2025-10-11T16:48:40.794Z"
}
