{
  "bag_usd": 0.000001,
  "xrp_usd": 2.51625,
  "bag_xrp": 3.97417e-7,
  "timestamp": "2025-11-01T04:29:46.930Z"
}
