{
  "bag_usd": 0.000001,
  "xrp_usd": 2.2712,
  "bag_xrp": 4.40296e-7,
  "timestamp": "2025-11-09T11:37:51.032Z"
}
