{
  "bag_usd": 0.000001,
  "xrp_usd": 2.49931,
  "bag_xrp": 4.0011e-7,
  "timestamp": "2025-11-01T19:18:06.623Z"
}
