{
  "bag_usd": 0.000001,
  "xrp_usd": 2.24561,
  "bag_xrp": 4.45313e-7,
  "timestamp": "2025-11-26T18:29:57.888Z"
}
