{
  "bag_usd": 0.000001,
  "xrp_usd": 2.2722,
  "bag_xrp": 4.40102e-7,
  "timestamp": "2025-11-09T11:24:19.227Z"
}
