{
  "bag_usd": 0.000001,
  "xrp_usd": 2.87535,
  "bag_xrp": 3.47784e-7,
  "timestamp": "2025-10-07T20:28:31.429Z"
}
