{
  "bag_usd": 0.000001,
  "xrp_usd": 2.52682,
  "bag_xrp": 3.95754e-7,
  "timestamp": "2025-11-10T22:43:31.176Z"
}
