{
  "bag_usd": 0.000001,
  "xrp_usd": 2.62694,
  "bag_xrp": 3.80671e-7,
  "timestamp": "2025-10-27T14:58:24.449Z"
}
