{
  "bag_usd": 0.000001,
  "xrp_usd": 2.63055,
  "bag_xrp": 3.80149e-7,
  "timestamp": "2025-10-28T04:25:54.453Z"
}
