{
  "bag_usd": 0.000001,
  "xrp_usd": 2.24245,
  "bag_xrp": 4.45941e-7,
  "timestamp": "2025-11-28T15:18:06.389Z"
}
