{
  "bag_usd": 0.000001,
  "xrp_usd": 2.54055,
  "bag_xrp": 3.93616e-7,
  "timestamp": "2025-11-11T03:20:32.198Z"
}
