{
  "bag_usd": 0.000001,
  "xrp_usd": 2.99475,
  "bag_xrp": 3.33918e-7,
  "timestamp": "2025-10-06T23:41:12.321Z"
}
