{
  "bag_usd": 0.000001,
  "xrp_usd": 2.81512,
  "bag_xrp": 3.55225e-7,
  "timestamp": "2025-10-10T01:13:03.869Z"
}
