{
  "bag_usd": 0.000001,
  "xrp_usd": 2.19685,
  "bag_xrp": 4.55197e-7,
  "timestamp": "2025-11-26T16:37:39.857Z"
}
