{
  "bag_usd": 0.000001,
  "xrp_usd": 2.51377,
  "bag_xrp": 3.97809e-7,
  "timestamp": "2025-10-21T16:44:40.480Z"
}
