{
  "bag_usd": 0.000001,
  "xrp_usd": 2.135,
  "bag_xrp": 4.68384e-7,
  "timestamp": "2025-11-20T07:41:26.595Z"
}
