{
  "bag_usd": 0.000001,
  "xrp_usd": 2.327,
  "bag_xrp": 4.29738e-7,
  "timestamp": "2025-11-08T04:40:52.733Z"
}
