{
  "bag_usd": 0.000001,
  "xrp_usd": 2.50141,
  "bag_xrp": 3.99775e-7,
  "timestamp": "2025-10-15T03:15:20.455Z"
}
