{
  "bag_usd": 0.000001,
  "xrp_usd": 2.83128,
  "bag_xrp": 3.53197e-7,
  "timestamp": "2025-10-09T05:49:46.435Z"
}
