{
  "bag_usd": 0.000001,
  "xrp_usd": 2.4428,
  "bag_xrp": 4.09366e-7,
  "timestamp": "2025-10-15T15:37:40.524Z"
}
