{
  "bag_usd": 0.000001,
  "xrp_usd": 2.51343,
  "bag_xrp": 3.97863e-7,
  "timestamp": "2025-10-14T16:28:54.685Z"
}
