{
  "bag_usd": 0.000001,
  "xrp_usd": 2.21247,
  "bag_xrp": 4.51984e-7,
  "timestamp": "2025-11-28T14:52:45.119Z"
}
