{
  "bag_usd": 0.000001,
  "xrp_usd": 2.25716,
  "bag_xrp": 4.43035e-7,
  "timestamp": "2025-11-25T00:59:23.313Z"
}
