{
  "bag_usd": 0.000001,
  "xrp_usd": 1.99914,
  "bag_xrp": 5.00215e-7,
  "timestamp": "2025-11-20T19:37:23.474Z"
}
