{
  "bag_usd": 0.000001,
  "xrp_usd": 3.04342,
  "bag_xrp": 3.28578e-7,
  "timestamp": "2025-10-06T19:10:07.249Z"
}
