{
  "bag_usd": 0.000001,
  "xrp_usd": 2.81335,
  "bag_xrp": 3.55448e-7,
  "timestamp": "2025-10-09T15:26:57.115Z"
}
