{
  "bag_usd": 0.000001,
  "xrp_usd": 2.39612,
  "bag_xrp": 4.17341e-7,
  "timestamp": "2025-10-12T09:52:29.934Z"
}
