{
  "bag_usd": 0.000001,
  "xrp_usd": 2.40913,
  "bag_xrp": 4.15088e-7,
  "timestamp": "2025-11-03T09:49:54.644Z"
}
