{
  "bag_usd": 0.000001,
  "xrp_usd": 2.1947,
  "bag_xrp": 4.55643e-7,
  "timestamp": "2025-11-16T21:55:06.736Z"
}
