{
  "bag_usd": 0.000001,
  "xrp_usd": 2.46742,
  "bag_xrp": 4.05282e-7,
  "timestamp": "2025-10-31T03:57:46.884Z"
}
