{
  "bag_usd": 0.000001,
  "xrp_usd": 2.2823,
  "bag_xrp": 4.38154e-7,
  "timestamp": "2025-11-09T09:31:03.505Z"
}
