{
  "bag_usd": 0.000001,
  "xrp_usd": 2.40959,
  "bag_xrp": 4.15008e-7,
  "timestamp": "2025-11-11T22:53:11.436Z"
}
