{
  "bag_usd": 0.000001,
  "xrp_usd": 2.55389,
  "bag_xrp": 3.9156e-7,
  "timestamp": "2025-10-25T04:40:35.691Z"
}
