{
  "bag_usd": 0.000001,
  "xrp_usd": 2.30312,
  "bag_xrp": 4.34194e-7,
  "timestamp": "2025-11-03T22:52:38.009Z"
}
