{
  "bag_usd": 0.000001,
  "xrp_usd": 2.39854,
  "bag_xrp": 4.1692e-7,
  "timestamp": "2025-10-20T03:31:32.614Z"
}
