{
  "bag_usd": 0.000001,
  "xrp_usd": 2.86922,
  "bag_xrp": 3.48527e-7,
  "timestamp": "2025-10-08T09:59:39.836Z"
}
