{
  "bag_usd": 0.000001,
  "xrp_usd": 2.19059,
  "bag_xrp": 4.56498e-7,
  "timestamp": "2025-11-27T11:55:34.443Z"
}
