{
  "bag_usd": 0.000001,
  "xrp_usd": 2.20103,
  "bag_xrp": 4.54333e-7,
  "timestamp": "2025-11-29T11:32:51.828Z"
}
