{
  "bag_usd": 0.000001,
  "xrp_usd": 2.1996,
  "bag_xrp": 4.54628e-7,
  "timestamp": "2025-11-26T07:15:23.387Z"
}
