{
  "bag_usd": 0.000001,
  "xrp_usd": 2.439,
  "bag_xrp": 4.10004e-7,
  "timestamp": "2025-10-24T07:39:45.935Z"
}
