{
  "bag_usd": 0.000001,
  "xrp_usd": 2.38429,
  "bag_xrp": 4.19412e-7,
  "timestamp": "2025-10-23T03:28:57.848Z"
}
