{
  "bag_usd": 0.000001,
  "xrp_usd": 2.14553,
  "bag_xrp": 4.66085e-7,
  "timestamp": "2025-11-17T18:23:51.868Z"
}
