{
  "bag_usd": 0.000001,
  "xrp_usd": 2.64605,
  "bag_xrp": 3.77922e-7,
  "timestamp": "2025-10-28T07:41:13.323Z"
}
