{
  "bag_usd": 0.000001,
  "xrp_usd": 2.9728,
  "bag_xrp": 3.36383e-7,
  "timestamp": "2025-10-07T09:43:09.191Z"
}
