{
  "bag_usd": 0.000001,
  "xrp_usd": 2.44905,
  "bag_xrp": 4.08322e-7,
  "timestamp": "2025-11-03T05:22:35.196Z"
}
