{
  "bag_usd": 0.000001,
  "xrp_usd": 2.96949,
  "bag_xrp": 3.36758e-7,
  "timestamp": "2025-10-07T07:00:05.588Z"
}
