{
  "bag_usd": 0.000001,
  "xrp_usd": 2.23525,
  "bag_xrp": 4.47377e-7,
  "timestamp": "2025-11-16T12:58:22.372Z"
}
