{
  "bag_usd": 0.000001,
  "xrp_usd": 2.9075,
  "bag_xrp": 3.43938e-7,
  "timestamp": "2025-10-08T18:35:10.384Z"
}
