{
  "bag_usd": 0.000001,
  "xrp_usd": 2.57289,
  "bag_xrp": 3.88668e-7,
  "timestamp": "2025-10-30T02:06:49.671Z"
}
