{
  "bag_usd": 0.000001,
  "xrp_usd": 2.33242,
  "bag_xrp": 4.28739e-7,
  "timestamp": "2025-11-03T19:53:14.043Z"
}
