{
  "bag_usd": 0.000001,
  "xrp_usd": 2.5045,
  "bag_xrp": 3.99281e-7,
  "timestamp": "2025-11-01T17:18:52.474Z"
}
