{
  "bag_usd": 0.000001,
  "xrp_usd": 2.61441,
  "bag_xrp": 3.82495e-7,
  "timestamp": "2025-10-25T20:12:07.221Z"
}
