{
  "bag_usd": 0.000001,
  "xrp_usd": 2.19586,
  "bag_xrp": 4.55402e-7,
  "timestamp": "2025-11-28T12:27:45.603Z"
}
