{
  "bag_usd": 0.000001,
  "xrp_usd": 2.45268,
  "bag_xrp": 4.07717e-7,
  "timestamp": "2025-11-11T13:36:25.565Z"
}
