{
  "bag_usd": 0.000001,
  "xrp_usd": 2.12557,
  "bag_xrp": 4.70462e-7,
  "timestamp": "2025-11-20T13:56:20.885Z"
}
