{
  "bag_usd": 0.000001,
  "xrp_usd": 2.26679,
  "bag_xrp": 4.41152e-7,
  "timestamp": "2025-11-15T14:08:39.193Z"
}
