{
  "bag_usd": 0.000001,
  "xrp_usd": 2.22484,
  "bag_xrp": 4.49471e-7,
  "timestamp": "2025-11-26T23:25:53.674Z"
}
