{
  "bag_usd": 0.000001,
  "xrp_usd": 2.3812,
  "bag_xrp": 4.19956e-7,
  "timestamp": "2025-10-16T17:13:28.224Z"
}
