{
  "bag_usd": 0.000001,
  "xrp_usd": 2.43445,
  "bag_xrp": 4.1077e-7,
  "timestamp": "2025-10-22T04:53:30.315Z"
}
