{
  "bag_usd": 0.000001,
  "xrp_usd": 2.2352,
  "bag_xrp": 4.47387e-7,
  "timestamp": "2025-11-06T16:30:38.654Z"
}
