{
  "bag_usd": 0.000001,
  "xrp_usd": 2.3941,
  "bag_xrp": 4.17693e-7,
  "timestamp": "2025-10-23T11:49:27.600Z"
}
