{
  "bag_usd": 0.000001,
  "xrp_usd": 2.4225,
  "bag_xrp": 4.12797e-7,
  "timestamp": "2025-11-11T19:16:32.701Z"
}
