{
  "bag_usd": 0.000001,
  "xrp_usd": 2.41441,
  "bag_xrp": 4.1418e-7,
  "timestamp": "2025-10-23T15:42:46.583Z"
}
