{
  "bag_usd": 0.000001,
  "xrp_usd": 1.92079,
  "bag_xrp": 5.20619e-7,
  "timestamp": "2025-11-21T14:20:23.527Z"
}
