{
  "bag_usd": 0.000001,
  "xrp_usd": 2.3094,
  "bag_xrp": 4.33013e-7,
  "timestamp": "2025-11-03T23:55:43.409Z"
}
