{
  "bag_usd": 0.000001,
  "xrp_usd": 2.5442,
  "bag_xrp": 3.93051e-7,
  "timestamp": "2025-10-25T08:50:53.633Z"
}
