{
  "bag_usd": 0.000001,
  "xrp_usd": 2.42985,
  "bag_xrp": 4.11548e-7,
  "timestamp": "2025-11-11T18:54:28.314Z"
}
