{
  "bag_usd": 0.000001,
  "xrp_usd": 2.50677,
  "bag_xrp": 3.9892e-7,
  "timestamp": "2025-11-01T09:25:03.887Z"
}
