{
  "bag_usd": 0.000001,
  "xrp_usd": 2.0476,
  "bag_xrp": 4.88377e-7,
  "timestamp": "2025-11-23T17:31:34.316Z"
}
