{
  "bag_usd": 0.000001,
  "xrp_usd": 2.42845,
  "bag_xrp": 4.11785e-7,
  "timestamp": "2025-10-22T04:19:07.383Z"
}
