{
  "bag_usd": 0.000001,
  "xrp_usd": 2.85409,
  "bag_xrp": 3.50374e-7,
  "timestamp": "2025-10-08T04:16:50.221Z"
}
