{
  "bag_usd": 0.000001,
  "xrp_usd": 2.36752,
  "bag_xrp": 4.22383e-7,
  "timestamp": "2025-11-05T20:59:37.454Z"
}
