{
  "bag_usd": 0.000001,
  "xrp_usd": 2.52062,
  "bag_xrp": 3.96728e-7,
  "timestamp": "2025-11-02T07:28:36.586Z"
}
