{
  "bag_usd": 0.000001,
  "xrp_usd": 2.26164,
  "bag_xrp": 4.42157e-7,
  "timestamp": "2025-10-17T14:26:39.182Z"
}
