{
  "bag_usd": 0.000001,
  "xrp_usd": 2.27267,
  "bag_xrp": 4.40011e-7,
  "timestamp": "2025-11-08T18:46:10.552Z"
}
