{
  "bag_usd": 0.000001,
  "xrp_usd": 2.068,
  "bag_xrp": 4.83559e-7,
  "timestamp": "2025-11-23T21:00:00.825Z"
}
