{
  "bag_usd": 0.000001,
  "xrp_usd": 2.62669,
  "bag_xrp": 3.80707e-7,
  "timestamp": "2025-10-13T09:40:09.178Z"
}
