{
  "bag_usd": 0.000001,
  "xrp_usd": 2.99229,
  "bag_xrp": 3.34192e-7,
  "timestamp": "2025-10-07T05:52:28.795Z"
}
