{
  "bag_usd": 0.000001,
  "xrp_usd": 2.36405,
  "bag_xrp": 4.23003e-7,
  "timestamp": "2025-10-18T21:58:49.467Z"
}
