{
  "bag_usd": 0.000001,
  "xrp_usd": 2.87276,
  "bag_xrp": 3.48097e-7,
  "timestamp": "2025-10-08T12:55:48.182Z"
}
