{
  "bag_usd": 0.000001,
  "xrp_usd": 2.60543,
  "bag_xrp": 3.83814e-7,
  "timestamp": "2025-10-25T15:49:58.246Z"
}
