{
  "bag_usd": 0.000001,
  "xrp_usd": 2.34274,
  "bag_xrp": 4.26851e-7,
  "timestamp": "2025-11-09T20:21:41.565Z"
}
