{
  "bag_usd": 0.000001,
  "xrp_usd": 2.40547,
  "bag_xrp": 4.15719e-7,
  "timestamp": "2025-10-15T22:57:09.175Z"
}
