{
  "bag_usd": 0.000001,
  "xrp_usd": 2.32305,
  "bag_xrp": 4.30469e-7,
  "timestamp": "2025-11-08T08:54:06.416Z"
}
