{
  "bag_usd": 0.000001,
  "xrp_usd": 2.284,
  "bag_xrp": 4.37828e-7,
  "timestamp": "2025-11-14T09:47:26.728Z"
}
