{
  "bag_usd": 0.000001,
  "xrp_usd": 2.15728,
  "bag_xrp": 4.63547e-7,
  "timestamp": "2025-11-04T18:39:29.707Z"
}
