{
  "bag_usd": 0.000001,
  "xrp_usd": 2.27555,
  "bag_xrp": 4.39454e-7,
  "timestamp": "2025-11-09T08:52:43.945Z"
}
