{
  "bag_usd": 0.000001,
  "xrp_usd": 2.8993,
  "bag_xrp": 3.44911e-7,
  "timestamp": "2025-10-08T22:55:58.130Z"
}
