{
  "bag_usd": 0.000001,
  "xrp_usd": 2.53526,
  "bag_xrp": 3.94437e-7,
  "timestamp": "2025-10-12T23:57:25.375Z"
}
