{
  "bag_usd": 0.000001,
  "xrp_usd": 2.18159,
  "bag_xrp": 4.58381e-7,
  "timestamp": "2025-11-29T06:55:28.214Z"
}
