{
  "bag_usd": 0.000001,
  "xrp_usd": 2.16346,
  "bag_xrp": 4.62223e-7,
  "timestamp": "2025-11-25T19:48:53.047Z"
}
