{
  "bag_usd": 0.000001,
  "xrp_usd": 2.46301,
  "bag_xrp": 4.06007e-7,
  "timestamp": "2025-10-24T16:43:37.307Z"
}
