{
  "bag_usd": 0.000001,
  "xrp_usd": 2.79841,
  "bag_xrp": 3.57346e-7,
  "timestamp": "2025-10-09T15:44:57.089Z"
}
