{
  "bag_usd": 0.000001,
  "xrp_usd": 2.19255,
  "bag_xrp": 4.5609e-7,
  "timestamp": "2025-11-07T10:47:25.880Z"
}
