{
  "bag_usd": 0.000001,
  "xrp_usd": 2.50275,
  "bag_xrp": 3.9956e-7,
  "timestamp": "2025-10-24T19:21:27.920Z"
}
