{
  "bag_usd": 0.000001,
  "xrp_usd": 2.40333,
  "bag_xrp": 4.16089e-7,
  "timestamp": "2025-11-12T08:30:23.263Z"
}
