{
  "bag_usd": 0.000001,
  "xrp_usd": 2.90103,
  "bag_xrp": 3.44705e-7,
  "timestamp": "2025-10-07T16:47:24.325Z"
}
