{
  "bag_usd": 0.000001,
  "xrp_usd": 2.66197,
  "bag_xrp": 3.75662e-7,
  "timestamp": "2025-10-28T18:55:08.261Z"
}
