{
  "bag_usd": 0.000001,
  "xrp_usd": 2.26475,
  "bag_xrp": 4.4155e-7,
  "timestamp": "2025-11-16T06:53:49.872Z"
}
