{
  "bag_usd": 0.000001,
  "xrp_usd": 2.17127,
  "bag_xrp": 4.6056e-7,
  "timestamp": "2025-11-19T04:50:23.939Z"
}
