{
  "bag_usd": 0.000001,
  "xrp_usd": 2.18424,
  "bag_xrp": 4.57825e-7,
  "timestamp": "2025-11-07T13:36:18.791Z"
}
