{
  "bag_usd": 0.000001,
  "xrp_usd": 2.54582,
  "bag_xrp": 3.92801e-7,
  "timestamp": "2025-11-02T12:44:26.961Z"
}
