{
  "bag_usd": 0.000001,
  "xrp_usd": 2.20449,
  "bag_xrp": 4.5362e-7,
  "timestamp": "2025-11-07T15:46:35.648Z"
}
