{
  "bag_usd": 0.000001,
  "xrp_usd": 2.50475,
  "bag_xrp": 3.99241e-7,
  "timestamp": "2025-11-01T11:30:19.544Z"
}
