{
  "bag_usd": 0.000001,
  "xrp_usd": 2.89536,
  "bag_xrp": 3.4538e-7,
  "timestamp": "2025-10-08T22:31:57.644Z"
}
