{
  "bag_usd": 0.000001,
  "xrp_usd": 2.03406,
  "bag_xrp": 4.91628e-7,
  "timestamp": "2025-11-19T19:48:58.497Z"
}
