{
  "bag_usd": 0.000001,
  "xrp_usd": 2.11866,
  "bag_xrp": 4.71996e-7,
  "timestamp": "2025-11-19T14:58:57.640Z"
}
