{
  "bag_usd": 0.000001,
  "xrp_usd": 2.05349,
  "bag_xrp": 4.86976e-7,
  "timestamp": "2025-11-23T05:55:35.833Z"
}
