{
  "bag_usd": 0.000001,
  "xrp_usd": 2.72,
  "bag_xrp": 3.67647e-7,
  "timestamp": "2025-10-10T18:36:27.596Z"
}
