{
  "bag_usd": 0.000001,
  "xrp_usd": 2.31172,
  "bag_xrp": 4.32578e-7,
  "timestamp": "2025-11-08T10:24:10.163Z"
}
