{
  "bag_usd": 0.000001,
  "xrp_usd": 2.05801,
  "bag_xrp": 4.85906e-7,
  "timestamp": "2025-11-23T15:38:51.899Z"
}
