{
  "bag_usd": 0.000001,
  "xrp_usd": 2.14538,
  "bag_xrp": 4.66118e-7,
  "timestamp": "2025-11-18T06:55:58.777Z"
}
