{
  "bag_usd": 0.000001,
  "xrp_usd": 2.62129,
  "bag_xrp": 3.81492e-7,
  "timestamp": "2025-10-29T04:56:39.528Z"
}
