{
  "bag_usd": 0.000001,
  "xrp_usd": 2.00264,
  "bag_xrp": 4.99341e-7,
  "timestamp": "2025-11-20T16:56:02.485Z"
}
