{
  "bag_usd": 0.000001,
  "xrp_usd": 2.68423,
  "bag_xrp": 3.72546e-7,
  "timestamp": "2025-10-27T17:16:18.931Z"
}
