{
  "bag_usd": 0.000001,
  "xrp_usd": 2.20662,
  "bag_xrp": 4.53182e-7,
  "timestamp": "2025-11-25T20:48:43.664Z"
}
