{
  "bag_usd": 0.000001,
  "xrp_usd": 2.39516,
  "bag_xrp": 4.17509e-7,
  "timestamp": "2025-10-19T16:29:22.106Z"
}
