{
  "bag_usd": 0.000001,
  "xrp_usd": 2.43872,
  "bag_xrp": 4.10051e-7,
  "timestamp": "2025-10-30T23:37:57.102Z"
}
