{
  "bag_usd": 0.000001,
  "xrp_usd": 2.19098,
  "bag_xrp": 4.56417e-7,
  "timestamp": "2025-11-16T23:10:12.566Z"
}
