{
  "bag_usd": 0.000001,
  "xrp_usd": 2.30421,
  "bag_xrp": 4.33988e-7,
  "timestamp": "2025-10-16T23:11:02.689Z"
}
