{
  "bag_usd": 0.000001,
  "xrp_usd": 2.5923,
  "bag_xrp": 3.85758e-7,
  "timestamp": "2025-10-13T17:52:07.251Z"
}
