{
  "bag_usd": 0.000001,
  "xrp_usd": 2.21577,
  "bag_xrp": 4.5131e-7,
  "timestamp": "2025-11-29T15:26:20.537Z"
}
