{
  "bag_usd": 0.000001,
  "xrp_usd": 2.22389,
  "bag_xrp": 4.49663e-7,
  "timestamp": "2025-11-25T07:51:48.641Z"
}
