{
  "bag_usd": 0.000001,
  "xrp_usd": 1.90408,
  "bag_xrp": 5.25188e-7,
  "timestamp": "2025-11-21T09:51:11.606Z"
}
