{
  "bag_usd": 0.000001,
  "xrp_usd": 1.92345,
  "bag_xrp": 5.19899e-7,
  "timestamp": "2025-11-22T11:37:14.634Z"
}
