{
  "bag_usd": 0.000001,
  "xrp_usd": 2.43648,
  "bag_xrp": 4.10428e-7,
  "timestamp": "2025-10-16T11:30:32.499Z"
}
