{
  "bag_usd": 0.000001,
  "xrp_usd": 2.50065,
  "bag_xrp": 3.99896e-7,
  "timestamp": "2025-10-31T19:08:07.966Z"
}
