{
  "bag_usd": 0.000001,
  "xrp_usd": 2.49762,
  "bag_xrp": 4.00381e-7,
  "timestamp": "2025-11-13T09:38:37.974Z"
}
