{
  "bag_usd": 0.000001,
  "xrp_usd": 2.05208,
  "bag_xrp": 4.8731e-7,
  "timestamp": "2025-11-19T17:49:18.963Z"
}
