{
  "bag_usd": 0.000001,
  "xrp_usd": 2.35395,
  "bag_xrp": 4.24818e-7,
  "timestamp": "2025-10-18T09:41:42.946Z"
}
