{
  "bag_usd": 0.000001,
  "xrp_usd": 2.20135,
  "bag_xrp": 4.54267e-7,
  "timestamp": "2025-11-06T23:31:32.173Z"
}
