{
  "bag_usd": 0.000001,
  "xrp_usd": 2.64727,
  "bag_xrp": 3.77748e-7,
  "timestamp": "2025-10-29T15:25:17.020Z"
}
