{
  "bag_usd": 0.000001,
  "xrp_usd": 2.51758,
  "bag_xrp": 3.97207e-7,
  "timestamp": "2025-10-12T16:52:36.588Z"
}
