{
  "bag_usd": 0.000001,
  "xrp_usd": 2.59699,
  "bag_xrp": 3.85061e-7,
  "timestamp": "2025-10-25T22:49:04.513Z"
}
