{
  "bag_usd": 0.000001,
  "xrp_usd": 2.2546,
  "bag_xrp": 4.43538e-7,
  "timestamp": "2025-11-15T15:46:44.066Z"
}
