{
  "bag_usd": 0.000001,
  "xrp_usd": 2.62401,
  "bag_xrp": 3.81096e-7,
  "timestamp": "2025-10-28T05:56:53.536Z"
}
