{
  "bag_usd": 0.000001,
  "xrp_usd": 2.02857,
  "bag_xrp": 4.92958e-7,
  "timestamp": "2025-11-19T20:42:46.324Z"
}
