{
  "bag_usd": 0.000001,
  "xrp_usd": 2.26347,
  "bag_xrp": 4.418e-7,
  "timestamp": "2025-11-08T16:50:17.452Z"
}
