{
  "bag_usd": 0.000001,
  "xrp_usd": 2.3569,
  "bag_xrp": 4.24286e-7,
  "timestamp": "2025-10-18T08:15:40.464Z"
}
