{
  "bag_usd": 0.000001,
  "xrp_usd": 2.05257,
  "bag_xrp": 4.87194e-7,
  "timestamp": "2025-11-23T17:43:33.637Z"
}
