{
  "bag_usd": 0.000001,
  "xrp_usd": 2.46505,
  "bag_xrp": 4.05671e-7,
  "timestamp": "2025-10-20T07:51:40.953Z"
}
