{
  "bag_usd": 0.000001,
  "xrp_usd": 2.13353,
  "bag_xrp": 4.68707e-7,
  "timestamp": "2025-11-20T08:25:15.536Z"
}
