{
  "bag_usd": 0.000001,
  "xrp_usd": 2.37051,
  "bag_xrp": 4.2185e-7,
  "timestamp": "2025-11-03T17:14:02.730Z"
}
