{
  "bag_usd": 0.000001,
  "xrp_usd": 2.51677,
  "bag_xrp": 3.97335e-7,
  "timestamp": "2025-11-01T04:56:26.655Z"
}
