{
  "bag_usd": 0.000001,
  "xrp_usd": 2.25815,
  "bag_xrp": 4.4284e-7,
  "timestamp": "2025-11-09T05:11:25.865Z"
}
