{
  "bag_usd": 0.000001,
  "xrp_usd": 2.41785,
  "bag_xrp": 4.13591e-7,
  "timestamp": "2025-10-30T21:24:05.665Z"
}
