{
  "bag_usd": 0.000001,
  "xrp_usd": 2.39285,
  "bag_xrp": 4.17912e-7,
  "timestamp": "2025-10-19T23:36:20.319Z"
}
