{
  "bag_usd": 0.000001,
  "xrp_usd": 2.37404,
  "bag_xrp": 4.21223e-7,
  "timestamp": "2025-10-16T16:51:57.792Z"
}
