{
  "bag_usd": 0.000001,
  "xrp_usd": 2.61735,
  "bag_xrp": 3.82066e-7,
  "timestamp": "2025-10-13T22:12:16.530Z"
}
