{
  "bag_usd": 0.000001,
  "xrp_usd": 2.5785,
  "bag_xrp": 3.87822e-7,
  "timestamp": "2025-10-28T21:23:10.191Z"
}
