{
  "bag_usd": 0.000001,
  "xrp_usd": 2.04197,
  "bag_xrp": 4.89723e-7,
  "timestamp": "2025-11-23T06:34:13.823Z"
}
