{
  "bag_usd": 0.000001,
  "xrp_usd": 2.25268,
  "bag_xrp": 4.43916e-7,
  "timestamp": "2025-11-14T23:40:56.885Z"
}
