{
  "bag_usd": 0.000001,
  "xrp_usd": 2.19799,
  "bag_xrp": 4.54961e-7,
  "timestamp": "2025-11-25T23:57:22.276Z"
}
