{
  "bag_usd": 0.000001,
  "xrp_usd": 2.97616,
  "bag_xrp": 3.36003e-7,
  "timestamp": "2025-10-07T12:38:22.986Z"
}
