{
  "bag_usd": 0.000001,
  "xrp_usd": 2.57365,
  "bag_xrp": 3.88553e-7,
  "timestamp": "2025-10-14T03:02:40.673Z"
}
