{
  "bag_usd": 0.000001,
  "xrp_usd": 2.82701,
  "bag_xrp": 3.53731e-7,
  "timestamp": "2025-10-09T11:59:31.601Z"
}
