{
  "bag_usd": 0.000001,
  "xrp_usd": 2.63396,
  "bag_xrp": 3.79656e-7,
  "timestamp": "2025-10-28T02:20:45.225Z"
}
