{
  "bag_usd": 0.000001,
  "xrp_usd": 2.31193,
  "bag_xrp": 4.32539e-7,
  "timestamp": "2025-11-08T10:52:08.626Z"
}
