{
  "bag_usd": 0.000001,
  "xrp_usd": 2.90374,
  "bag_xrp": 3.44383e-7,
  "timestamp": "2025-10-08T19:13:54.912Z"
}
