{
  "bag_usd": 0.000001,
  "xrp_usd": 2.54171,
  "bag_xrp": 3.93436e-7,
  "timestamp": "2025-10-25T09:29:16.233Z"
}
