{
  "bag_usd": 0.000001,
  "xrp_usd": 2.3546,
  "bag_xrp": 4.24701e-7,
  "timestamp": "2025-10-18T08:38:40.984Z"
}
