{
  "bag_usd": 0.000001,
  "xrp_usd": 2.60367,
  "bag_xrp": 3.84073e-7,
  "timestamp": "2025-10-13T13:56:42.968Z"
}
