{
  "bag_usd": 0.000001,
  "xrp_usd": 2.38039,
  "bag_xrp": 4.20099e-7,
  "timestamp": "2025-10-18T12:49:12.889Z"
}
