{
  "bag_usd": 0.000001,
  "xrp_usd": 2.50907,
  "bag_xrp": 3.98554e-7,
  "timestamp": "2025-10-12T18:53:33.327Z"
}
