{
  "bag_usd": 0.000001,
  "xrp_usd": 2.18765,
  "bag_xrp": 4.57112e-7,
  "timestamp": "2025-11-28T19:58:46.320Z"
}
