{
  "bag_usd": 0.000001,
  "xrp_usd": 2.61347,
  "bag_xrp": 3.82633e-7,
  "timestamp": "2025-10-26T19:21:11.486Z"
}
