{
  "bag_usd": 0.000001,
  "xrp_usd": 2.11799,
  "bag_xrp": 4.72146e-7,
  "timestamp": "2025-11-20T09:35:06.612Z"
}
