{
  "bag_usd": 0.000001,
  "xrp_usd": 1.98842,
  "bag_xrp": 5.02912e-7,
  "timestamp": "2025-11-21T05:35:21.308Z"
}
