{
  "bag_usd": 0.000001,
  "xrp_usd": 1.93896,
  "bag_xrp": 5.1574e-7,
  "timestamp": "2025-11-21T08:53:23.706Z"
}
