{
  "bag_usd": 0.000001,
  "xrp_usd": 2.48884,
  "bag_xrp": 4.01794e-7,
  "timestamp": "2025-11-02T19:12:48.522Z"
}
