{
  "bag_usd": 0.000001,
  "xrp_usd": 2.52834,
  "bag_xrp": 3.95516e-7,
  "timestamp": "2025-11-10T16:56:00.854Z"
}
