{
  "bag_usd": 0.000001,
  "xrp_usd": 2.47598,
  "bag_xrp": 4.0388e-7,
  "timestamp": "2025-10-20T18:56:15.487Z"
}
