{
  "bag_usd": 0.000001,
  "xrp_usd": 2.03005,
  "bag_xrp": 4.92599e-7,
  "timestamp": "2025-11-23T04:01:23.766Z"
}
