{
  "bag_usd": 0.000001,
  "xrp_usd": 2.19412,
  "bag_xrp": 4.55764e-7,
  "timestamp": "2025-11-26T06:51:35.923Z"
}
