{
  "bag_usd": 0.000001,
  "xrp_usd": 2.04655,
  "bag_xrp": 4.88627e-7,
  "timestamp": "2025-11-23T14:15:59.661Z"
}
