{
  "bag_usd": 0.000001,
  "xrp_usd": 2.81551,
  "bag_xrp": 3.55175e-7,
  "timestamp": "2025-10-09T22:49:48.639Z"
}
