{
  "bag_usd": 0.000001,
  "xrp_usd": 2.09114,
  "bag_xrp": 4.78208e-7,
  "timestamp": "2025-11-24T06:00:59.007Z"
}
