{
  "bag_usd": 0.000001,
  "xrp_usd": 2.51754,
  "bag_xrp": 3.97213e-7,
  "timestamp": "2025-10-30T04:51:59.156Z"
}
