{
  "bag_usd": 0.000001,
  "xrp_usd": 2.21659,
  "bag_xrp": 4.51143e-7,
  "timestamp": "2025-11-16T23:54:22.730Z"
}
