{
  "bag_usd": 0.000001,
  "xrp_usd": 2.21027,
  "bag_xrp": 4.52433e-7,
  "timestamp": "2025-11-27T04:51:42.649Z"
}
