{
  "bag_usd": 0.000001,
  "xrp_usd": 2.43751,
  "bag_xrp": 4.10255e-7,
  "timestamp": "2025-10-15T18:54:11.789Z"
}
