{
  "bag_usd": 0.000001,
  "xrp_usd": 2.6297,
  "bag_xrp": 3.80272e-7,
  "timestamp": "2025-10-26T11:20:12.681Z"
}
