{
  "bag_usd": 0.000001,
  "xrp_usd": 2.8086,
  "bag_xrp": 3.56049e-7,
  "timestamp": "2025-10-09T22:21:37.079Z"
}
