{
  "bag_usd": 0.000001,
  "xrp_usd": 2.46336,
  "bag_xrp": 4.0595e-7,
  "timestamp": "2025-10-14T09:49:15.282Z"
}
