{
  "bag_usd": 0.000001,
  "xrp_usd": 2.26762,
  "bag_xrp": 4.40991e-7,
  "timestamp": "2025-11-08T19:43:31.645Z"
}
