{
  "bag_usd": 0.000001,
  "xrp_usd": 2.33233,
  "bag_xrp": 4.28756e-7,
  "timestamp": "2025-10-16T19:52:07.824Z"
}
