{
  "bag_usd": 0.000001,
  "xrp_usd": 2.43732,
  "bag_xrp": 4.10287e-7,
  "timestamp": "2025-10-11T13:39:55.284Z"
}
