{
  "bag_usd": 0.000001,
  "xrp_usd": 2.13345,
  "bag_xrp": 4.68724e-7,
  "timestamp": "2025-11-19T10:55:50.520Z"
}
