{
  "bag_usd": 0.000001,
  "xrp_usd": 2.0577,
  "bag_xrp": 4.85979e-7,
  "timestamp": "2025-11-24T05:00:03.180Z"
}
