{
  "bag_usd": 0.000001,
  "xrp_usd": 2.89933,
  "bag_xrp": 3.44907e-7,
  "timestamp": "2025-10-08T21:37:49.204Z"
}
