{
  "bag_usd": 0.000001,
  "xrp_usd": 2.27801,
  "bag_xrp": 4.3898e-7,
  "timestamp": "2025-11-05T17:36:10.528Z"
}
