{
  "bag_usd": 0.000001,
  "xrp_usd": 2.1771,
  "bag_xrp": 4.59327e-7,
  "timestamp": "2025-11-18T09:48:13.971Z"
}
