{
  "bag_usd": 0.000001,
  "xrp_usd": 2.85486,
  "bag_xrp": 3.5028e-7,
  "timestamp": "2025-10-08T03:51:57.373Z"
}
