{
  "bag_usd": 0.000001,
  "xrp_usd": 2.79418,
  "bag_xrp": 3.57887e-7,
  "timestamp": "2025-10-09T16:36:15.463Z"
}
