{
  "bag_usd": 0.000001,
  "xrp_usd": 2.42156,
  "bag_xrp": 4.12957e-7,
  "timestamp": "2025-10-23T17:55:32.088Z"
}
