{
  "bag_usd": 0.000001,
  "xrp_usd": 2.5572,
  "bag_xrp": 3.91053e-7,
  "timestamp": "2025-11-10T17:38:27.568Z"
}
