{
  "bag_usd": 0.000001,
  "xrp_usd": 2.19085,
  "bag_xrp": 4.56444e-7,
  "timestamp": "2025-11-16T21:32:06.511Z"
}
