{
  "bag_usd": 0.000001,
  "xrp_usd": 2.99293,
  "bag_xrp": 3.34121e-7,
  "timestamp": "2025-10-07T01:16:00.422Z"
}
