{
  "bag_usd": 0.000001,
  "xrp_usd": 2.46732,
  "bag_xrp": 4.05298e-7,
  "timestamp": "2025-10-20T06:39:14.757Z"
}
