{
  "bag_usd": 0.000001,
  "xrp_usd": 2.32593,
  "bag_xrp": 4.29936e-7,
  "timestamp": "2025-11-14T17:38:14.040Z"
}
