{
  "bag_usd": 0.000001,
  "xrp_usd": 2.50052,
  "bag_xrp": 3.99917e-7,
  "timestamp": "2025-10-24T19:46:56.985Z"
}
