{
  "bag_usd": 0.000001,
  "xrp_usd": 2.70165,
  "bag_xrp": 3.70144e-7,
  "timestamp": "2025-10-10T19:11:32.723Z"
}
