{
  "bag_usd": 0.000001,
  "xrp_usd": 2.43817,
  "bag_xrp": 4.10144e-7,
  "timestamp": "2025-10-22T04:40:55.349Z"
}
