{
  "bag_usd": 0.000001,
  "xrp_usd": 2.45465,
  "bag_xrp": 4.0739e-7,
  "timestamp": "2025-10-21T03:58:08.228Z"
}
