{
  "bag_usd": 0.000001,
  "xrp_usd": 2.27251,
  "bag_xrp": 4.40042e-7,
  "timestamp": "2025-11-14T22:13:51.846Z"
}
