{
  "bag_usd": 0.000001,
  "xrp_usd": 2.41492,
  "bag_xrp": 4.14092e-7,
  "timestamp": "2025-10-23T08:58:34.359Z"
}
