{
  "bag_usd": 0.000001,
  "xrp_usd": 2.48293,
  "bag_xrp": 4.0275e-7,
  "timestamp": "2025-10-21T18:48:04.358Z"
}
