{
  "bag_usd": 0.000001,
  "xrp_usd": 2.24415,
  "bag_xrp": 4.45603e-7,
  "timestamp": "2025-11-05T07:44:37.697Z"
}
