{
  "bag_usd": 0.000001,
  "xrp_usd": 2.62889,
  "bag_xrp": 3.80389e-7,
  "timestamp": "2025-10-26T10:35:23.085Z"
}
