{
  "bag_usd": 0.000001,
  "xrp_usd": 2.31128,
  "bag_xrp": 4.32661e-7,
  "timestamp": "2025-10-16T22:24:40.274Z"
}
