{
  "bag_usd": 0.000001,
  "xrp_usd": 2.54527,
  "bag_xrp": 3.92886e-7,
  "timestamp": "2025-10-25T07:27:17.374Z"
}
