{
  "bag_usd": 0.000001,
  "xrp_usd": 2.58005,
  "bag_xrp": 3.87589e-7,
  "timestamp": "2025-10-25T13:43:34.787Z"
}
