{
  "bag_usd": 0.000001,
  "xrp_usd": 2.54979,
  "bag_xrp": 3.92189e-7,
  "timestamp": "2025-10-12T20:11:47.528Z"
}
