{
  "bag_usd": 0.000001,
  "xrp_usd": 2.21233,
  "bag_xrp": 4.52012e-7,
  "timestamp": "2025-11-16T13:55:10.133Z"
}
