{
  "bag_usd": 0.000001,
  "xrp_usd": 2.07624,
  "bag_xrp": 4.8164e-7,
  "timestamp": "2025-11-23T19:51:03.570Z"
}
