{
  "bag_usd": 0.000001,
  "xrp_usd": 2.18313,
  "bag_xrp": 4.58058e-7,
  "timestamp": "2025-11-18T11:56:34.373Z"
}
