{
  "bag_usd": 0.000001,
  "xrp_usd": 2.43725,
  "bag_xrp": 4.10298e-7,
  "timestamp": "2025-11-11T16:48:10.397Z"
}
