{
  "bag_usd": 0.000001,
  "xrp_usd": 2.50051,
  "bag_xrp": 3.99918e-7,
  "timestamp": "2025-11-01T06:44:16.179Z"
}
