{
  "bag_usd": 0.000001,
  "xrp_usd": 2.88999,
  "bag_xrp": 3.46022e-7,
  "timestamp": "2025-10-07T15:42:55.380Z"
}
