{
  "bag_usd": 0.000001,
  "xrp_usd": 1.94503,
  "bag_xrp": 5.14131e-7,
  "timestamp": "2025-11-22T16:37:45.601Z"
}
