{
  "bag_usd": 0.000001,
  "xrp_usd": 2.262,
  "bag_xrp": 4.42087e-7,
  "timestamp": "2025-10-17T13:45:50.164Z"
}
