{
  "bag_usd": 0.000001,
  "xrp_usd": 2.14161,
  "bag_xrp": 4.66938e-7,
  "timestamp": "2025-11-19T11:21:34.617Z"
}
