{
  "bag_usd": 0.000001,
  "xrp_usd": 2.50959,
  "bag_xrp": 3.98471e-7,
  "timestamp": "2025-10-24T19:58:45.695Z"
}
