{
  "bag_usd": 0.000001,
  "xrp_usd": 2.43285,
  "bag_xrp": 4.11041e-7,
  "timestamp": "2025-10-14T13:56:31.880Z"
}
