{
  "bag_usd": 0.000001,
  "xrp_usd": 2.17871,
  "bag_xrp": 4.58987e-7,
  "timestamp": "2025-11-26T09:31:10.066Z"
}
