{
  "bag_usd": 0.000001,
  "xrp_usd": 2.23895,
  "bag_xrp": 4.46638e-7,
  "timestamp": "2025-11-15T22:43:35.979Z"
}
