{
  "bag_usd": 0.000001,
  "xrp_usd": 2.39099,
  "bag_xrp": 4.18237e-7,
  "timestamp": "2025-10-22T17:19:45.527Z"
}
