{
  "bag_usd": 0.000001,
  "xrp_usd": 2.3913,
  "bag_xrp": 4.18183e-7,
  "timestamp": "2025-11-12T06:58:03.167Z"
}
