{
  "bag_usd": 0.000001,
  "xrp_usd": 2.36684,
  "bag_xrp": 4.22504e-7,
  "timestamp": "2025-10-11T21:40:27.235Z"
}
