{
  "bag_usd": 0.000001,
  "xrp_usd": 2.51773,
  "bag_xrp": 3.97183e-7,
  "timestamp": "2025-11-02T05:42:48.618Z"
}
