{
  "bag_usd": 0.000001,
  "xrp_usd": 2.41717,
  "bag_xrp": 4.13707e-7,
  "timestamp": "2025-10-16T05:41:38.487Z"
}
