{
  "bag_usd": 0.000001,
  "xrp_usd": 2.26417,
  "bag_xrp": 4.41663e-7,
  "timestamp": "2025-11-08T17:53:24.453Z"
}
