{
  "bag_usd": 0.000001,
  "xrp_usd": 2.4714,
  "bag_xrp": 4.04629e-7,
  "timestamp": "2025-10-11T11:53:02.906Z"
}
