{
  "bag_usd": 0.000001,
  "xrp_usd": 2.16545,
  "bag_xrp": 4.61798e-7,
  "timestamp": "2025-11-18T14:15:06.491Z"
}
