{
  "bag_usd": 0.000001,
  "xrp_usd": 2.30283,
  "bag_xrp": 4.34248e-7,
  "timestamp": "2025-10-17T19:27:06.855Z"
}
