{
  "bag_usd": 0.000001,
  "xrp_usd": 2.50729,
  "bag_xrp": 3.98837e-7,
  "timestamp": "2025-10-24T23:56:30.492Z"
}
