{
  "bag_usd": 0.000001,
  "xrp_usd": 2.49645,
  "bag_xrp": 4.00569e-7,
  "timestamp": "2025-10-21T16:57:33.931Z"
}
