{
  "bag_usd": 0.000001,
  "xrp_usd": 2.45369,
  "bag_xrp": 4.07549e-7,
  "timestamp": "2025-11-11T13:51:54.110Z"
}
