{
  "bag_usd": 0.000001,
  "xrp_usd": 2.50985,
  "bag_xrp": 3.9843e-7,
  "timestamp": "2025-11-01T20:18:26.792Z"
}
