{
  "bag_usd": 0.000001,
  "xrp_usd": 2.48215,
  "bag_xrp": 4.02877e-7,
  "timestamp": "2025-10-11T17:58:55.506Z"
}
