{
  "bag_usd": 0.000001,
  "xrp_usd": 2.35101,
  "bag_xrp": 4.25349e-7,
  "timestamp": "2025-11-12T20:36:53.261Z"
}
