{
  "bag_usd": 0.000001,
  "xrp_usd": 2.48642,
  "bag_xrp": 4.02185e-7,
  "timestamp": "2025-10-21T19:00:19.615Z"
}
