{
  "bag_usd": 0.000001,
  "xrp_usd": 2.06,
  "bag_xrp": 4.85437e-7,
  "timestamp": "2025-11-19T21:17:32.698Z"
}
