{
  "bag_usd": 0.000001,
  "xrp_usd": 2.19225,
  "bag_xrp": 4.56152e-7,
  "timestamp": "2025-11-25T18:40:26.304Z"
}
