{
  "bag_usd": 0.000001,
  "xrp_usd": 2.6407,
  "bag_xrp": 3.78687e-7,
  "timestamp": "2025-10-28T15:48:27.727Z"
}
