{
  "bag_usd": 0.000001,
  "xrp_usd": 2.2946,
  "bag_xrp": 4.35806e-7,
  "timestamp": "2025-11-09T07:42:17.887Z"
}
