{
  "bag_usd": 0.000001,
  "xrp_usd": 2.29001,
  "bag_xrp": 4.36679e-7,
  "timestamp": "2025-10-17T13:57:27.164Z"
}
