{
  "bag_usd": 0.000001,
  "xrp_usd": 2.3925,
  "bag_xrp": 4.17973e-7,
  "timestamp": "2025-11-13T17:19:46.168Z"
}
