{
  "bag_usd": 0.000001,
  "xrp_usd": 2.64273,
  "bag_xrp": 3.78397e-7,
  "timestamp": "2025-10-27T20:49:29.901Z"
}
