{
  "bag_usd": 0.000001,
  "xrp_usd": 2.48855,
  "bag_xrp": 4.0184e-7,
  "timestamp": "2025-11-02T20:11:23.218Z"
}
