{
  "bag_usd": 0.000001,
  "xrp_usd": 2.41175,
  "bag_xrp": 4.14637e-7,
  "timestamp": "2025-10-15T20:51:37.751Z"
}
