{
  "bag_usd": 0.000001,
  "xrp_usd": 2.21209,
  "bag_xrp": 4.52061e-7,
  "timestamp": "2025-11-25T23:16:53.546Z"
}
