{
  "bag_usd": 0.000001,
  "xrp_usd": 2.36803,
  "bag_xrp": 4.22292e-7,
  "timestamp": "2025-10-16T17:45:24.780Z"
}
