{
  "bag_usd": 0.000001,
  "xrp_usd": 2.375,
  "bag_xrp": 4.21053e-7,
  "timestamp": "2025-10-11T03:36:35.001Z"
}
