{
  "bag_usd": 0.000001,
  "xrp_usd": 2.20627,
  "bag_xrp": 4.53254e-7,
  "timestamp": "2025-11-27T05:39:48.722Z"
}
