{
  "bag_usd": 0.000001,
  "xrp_usd": 2.42509,
  "bag_xrp": 4.12356e-7,
  "timestamp": "2025-10-21T11:35:24.674Z"
}
