{
  "bag_usd": 0.000001,
  "xrp_usd": 1.94451,
  "bag_xrp": 5.14268e-7,
  "timestamp": "2025-11-22T16:51:31.437Z"
}
