{
  "bag_usd": 0.000001,
  "xrp_usd": 2.40464,
  "bag_xrp": 4.15863e-7,
  "timestamp": "2025-11-11T20:40:15.153Z"
}
