{
  "bag_usd": 0.000001,
  "xrp_usd": 2.61043,
  "bag_xrp": 3.83079e-7,
  "timestamp": "2025-10-13T23:20:27.195Z"
}
