{
  "bag_usd": 0.000001,
  "xrp_usd": 2.49387,
  "bag_xrp": 4.00983e-7,
  "timestamp": "2025-10-20T22:12:36.611Z"
}
