{
  "bag_usd": 0.000001,
  "xrp_usd": 2.2173,
  "bag_xrp": 4.50999e-7,
  "timestamp": "2025-11-27T21:49:58.623Z"
}
