{
  "bag_usd": 0.000001,
  "xrp_usd": 2.50391,
  "bag_xrp": 3.99375e-7,
  "timestamp": "2025-10-24T13:41:31.931Z"
}
