{
  "bag_usd": 0.000001,
  "xrp_usd": 2.31585,
  "bag_xrp": 4.31807e-7,
  "timestamp": "2025-11-08T10:40:01.128Z"
}
