{
  "bag_usd": 0.000001,
  "xrp_usd": 2.50616,
  "bag_xrp": 3.99017e-7,
  "timestamp": "2025-11-02T03:59:26.428Z"
}
