{
  "bag_usd": 0.000001,
  "xrp_usd": 2.45848,
  "bag_xrp": 4.06755e-7,
  "timestamp": "2025-10-10T21:58:57.990Z"
}
