{
  "bag_usd": 0.000001,
  "xrp_usd": 2.63067,
  "bag_xrp": 3.80131e-7,
  "timestamp": "2025-10-28T19:42:40.561Z"
}
