{
  "bag_usd": 0.000001,
  "xrp_usd": 2.17072,
  "bag_xrp": 4.60677e-7,
  "timestamp": "2025-11-26T11:49:08.403Z"
}
