{
  "bag_usd": 0.000001,
  "xrp_usd": 2.63295,
  "bag_xrp": 3.79802e-7,
  "timestamp": "2025-10-29T06:57:31.457Z"
}
