{
  "bag_usd": 0.000001,
  "xrp_usd": 2.16429,
  "bag_xrp": 4.62045e-7,
  "timestamp": "2025-11-16T17:54:44.336Z"
}
