{
  "bag_usd": 0.000001,
  "xrp_usd": 2.32101,
  "bag_xrp": 4.30847e-7,
  "timestamp": "2025-11-06T07:40:47.253Z"
}
