{
  "bag_usd": 0.000001,
  "xrp_usd": 2.2213,
  "bag_xrp": 4.50187e-7,
  "timestamp": "2025-11-06T22:22:55.958Z"
}
