{
  "bag_usd": 0.000001,
  "xrp_usd": 2.54764,
  "bag_xrp": 3.9252e-7,
  "timestamp": "2025-11-10T20:00:34.566Z"
}
