{
  "bag_usd": 0.000001,
  "xrp_usd": 2.31789,
  "bag_xrp": 4.31427e-7,
  "timestamp": "2025-11-09T15:43:48.963Z"
}
