{
  "bag_usd": 0.000001,
  "xrp_usd": 2.37359,
  "bag_xrp": 4.21303e-7,
  "timestamp": "2025-10-23T02:47:01.639Z"
}
