{
  "bag_usd": 0.000001,
  "xrp_usd": 2.36215,
  "bag_xrp": 4.23343e-7,
  "timestamp": "2025-10-18T09:29:57.187Z"
}
