{
  "bag_usd": 0.000001,
  "xrp_usd": 2.48297,
  "bag_xrp": 4.02743e-7,
  "timestamp": "2025-11-02T19:25:08.315Z"
}
