{
  "bag_usd": 0.000001,
  "xrp_usd": 2.66633,
  "bag_xrp": 3.75047e-7,
  "timestamp": "2025-10-27T05:22:25.057Z"
}
