{
  "bag_usd": 0.000001,
  "xrp_usd": 2.8873,
  "bag_xrp": 3.46344e-7,
  "timestamp": "2025-10-08T17:09:57.738Z"
}
