{
  "bag_usd": 0.000001,
  "xrp_usd": 2.57856,
  "bag_xrp": 3.87813e-7,
  "timestamp": "2025-10-30T08:57:17.044Z"
}
