{
  "bag_usd": 0.000001,
  "xrp_usd": 2.2505,
  "bag_xrp": 4.44346e-7,
  "timestamp": "2025-11-15T17:35:42.958Z"
}
