{
  "bag_usd": 0.000001,
  "xrp_usd": 2.39286,
  "bag_xrp": 4.1791e-7,
  "timestamp": "2025-11-11T23:31:46.341Z"
}
