{
  "bag_usd": 0.000001,
  "xrp_usd": 2.2768,
  "bag_xrp": 4.39213e-7,
  "timestamp": "2025-11-08T20:49:16.922Z"
}
