{
  "bag_usd": 0.000001,
  "xrp_usd": 2.1225,
  "bag_xrp": 4.71143e-7,
  "timestamp": "2025-11-20T10:33:01.762Z"
}
