{
  "bag_usd": 0.000001,
  "xrp_usd": 2.18821,
  "bag_xrp": 4.56995e-7,
  "timestamp": "2025-11-24T17:53:09.421Z"
}
