{
  "bag_usd": 0.000001,
  "xrp_usd": 2.88564,
  "bag_xrp": 3.46544e-7,
  "timestamp": "2025-10-08T23:45:14.343Z"
}
