{
  "bag_usd": 0.000001,
  "xrp_usd": 1.92888,
  "bag_xrp": 5.18436e-7,
  "timestamp": "2025-11-22T21:23:26.687Z"
}
