{
  "bag_usd": 0.000001,
  "xrp_usd": 2.4719,
  "bag_xrp": 4.04547e-7,
  "timestamp": "2025-11-13T05:30:36.961Z"
}
