{
  "bag_usd": 0.000001,
  "xrp_usd": 2.13363,
  "bag_xrp": 4.68685e-7,
  "timestamp": "2025-11-18T02:07:22.569Z"
}
