{
  "bag_usd": 0.000001,
  "xrp_usd": 2.35035,
  "bag_xrp": 4.25469e-7,
  "timestamp": "2025-11-05T20:47:45.488Z"
}
