{
  "bag_usd": 0.000001,
  "xrp_usd": 2.66601,
  "bag_xrp": 3.75092e-7,
  "timestamp": "2025-10-27T01:39:52.803Z"
}
