{
  "bag_usd": 0.000001,
  "xrp_usd": 2.33675,
  "bag_xrp": 4.27945e-7,
  "timestamp": "2025-11-13T19:07:57.745Z"
}
