{
  "bag_usd": 0.000001,
  "xrp_usd": 2.18173,
  "bag_xrp": 4.58352e-7,
  "timestamp": "2025-11-29T08:52:41.800Z"
}
