{
  "bag_usd": 0.000001,
  "xrp_usd": 1.91906,
  "bag_xrp": 5.21088e-7,
  "timestamp": "2025-11-22T05:51:44.630Z"
}
