{
  "bag_usd": 0.000001,
  "xrp_usd": 2.28685,
  "bag_xrp": 4.37283e-7,
  "timestamp": "2025-11-09T08:21:39.685Z"
}
