{
  "bag_usd": 0.000001,
  "xrp_usd": 2.47724,
  "bag_xrp": 4.03675e-7,
  "timestamp": "2025-10-21T14:56:03.943Z"
}
