{
  "bag_usd": 0.000001,
  "xrp_usd": 2.2351,
  "bag_xrp": 4.47407e-7,
  "timestamp": "2025-11-15T23:44:51.659Z"
}
