{
  "bag_usd": 0.000001,
  "xrp_usd": 2.35655,
  "bag_xrp": 4.24349e-7,
  "timestamp": "2025-10-18T09:12:41.148Z"
}
