{
  "bag_usd": 0.000001,
  "xrp_usd": 1.9514,
  "bag_xrp": 5.12453e-7,
  "timestamp": "2025-11-22T07:48:22.813Z"
}
