{
  "bag_usd": 0.000001,
  "xrp_usd": 2.64725,
  "bag_xrp": 3.7775e-7,
  "timestamp": "2025-10-28T08:24:06.361Z"
}
