{
  "bag_usd": 0.000001,
  "xrp_usd": 2.5003,
  "bag_xrp": 3.99952e-7,
  "timestamp": "2025-10-15T13:37:51.960Z"
}
