{
  "bag_usd": 0.000001,
  "xrp_usd": 2.78943,
  "bag_xrp": 3.58496e-7,
  "timestamp": "2025-10-09T18:43:48.170Z"
}
