{
  "bag_usd": 0.000001,
  "xrp_usd": 2.2254,
  "bag_xrp": 4.49357e-7,
  "timestamp": "2025-11-28T10:28:30.934Z"
}
