{
  "bag_usd": 0.000001,
  "xrp_usd": 2.2519,
  "bag_xrp": 4.44069e-7,
  "timestamp": "2025-11-05T07:56:42.364Z"
}
