{
  "bag_usd": 0.000001,
  "xrp_usd": 2.87275,
  "bag_xrp": 3.48099e-7,
  "timestamp": "2025-10-08T08:51:42.416Z"
}
