{
  "bag_usd": 0.000001,
  "xrp_usd": 2.25611,
  "bag_xrp": 4.43241e-7,
  "timestamp": "2025-11-16T05:11:38.799Z"
}
