{
  "bag_usd": 0.000001,
  "xrp_usd": 2.2668,
  "bag_xrp": 4.41151e-7,
  "timestamp": "2025-11-04T10:23:46.575Z"
}
