{
  "bag_usd": 0.000001,
  "xrp_usd": 2.64225,
  "bag_xrp": 3.78465e-7,
  "timestamp": "2025-10-26T15:29:55.078Z"
}
