{
  "bag_usd": 0.000001,
  "xrp_usd": 2.39568,
  "bag_xrp": 4.17418e-7,
  "timestamp": "2025-10-19T23:22:50.225Z"
}
