{
  "bag_usd": 0.000001,
  "xrp_usd": 2.3386,
  "bag_xrp": 4.27606e-7,
  "timestamp": "2025-11-09T21:23:28.572Z"
}
