{
  "bag_usd": 0.000001,
  "xrp_usd": 2.2539,
  "bag_xrp": 4.43675e-7,
  "timestamp": "2025-11-15T15:19:57.847Z"
}
