{
  "bag_usd": 0.000001,
  "xrp_usd": 2.0726,
  "bag_xrp": 4.82486e-7,
  "timestamp": "2025-11-23T19:25:39.657Z"
}
