{
  "bag_usd": 0.000001,
  "xrp_usd": 2.447,
  "bag_xrp": 4.08664e-7,
  "timestamp": "2025-10-20T17:12:56.564Z"
}
