{
  "bag_usd": 0.000001,
  "xrp_usd": 2.61886,
  "bag_xrp": 3.81846e-7,
  "timestamp": "2025-10-13T09:52:16.267Z"
}
