{
  "bag_usd": 0.000001,
  "xrp_usd": 2.16635,
  "bag_xrp": 4.61606e-7,
  "timestamp": "2025-11-17T22:43:26.693Z"
}
