{
  "bag_usd": 0.000001,
  "xrp_usd": 2.8617,
  "bag_xrp": 3.49443e-7,
  "timestamp": "2025-10-08T14:59:32.179Z"
}
