{
  "bag_usd": 0.000001,
  "xrp_usd": 2.30555,
  "bag_xrp": 4.33736e-7,
  "timestamp": "2025-10-17T23:15:25.819Z"
}
