{
  "bag_usd": 0.000001,
  "xrp_usd": 2.31259,
  "bag_xrp": 4.32416e-7,
  "timestamp": "2025-10-17T19:14:12.477Z"
}
