{
  "bag_usd": 0.000001,
  "xrp_usd": 2.55177,
  "bag_xrp": 3.91885e-7,
  "timestamp": "2025-10-13T03:50:53.968Z"
}
