{
  "bag_usd": 0.000001,
  "xrp_usd": 1.94782,
  "bag_xrp": 5.13394e-7,
  "timestamp": "2025-11-22T23:22:51.043Z"
}
