{
  "bag_usd": 0.000001,
  "xrp_usd": 2.36505,
  "bag_xrp": 4.22824e-7,
  "timestamp": "2025-11-12T22:37:33.471Z"
}
