{
  "bag_usd": 0.000001,
  "xrp_usd": 2.28401,
  "bag_xrp": 4.37826e-7,
  "timestamp": "2025-11-15T07:20:17.151Z"
}
