{
  "bag_usd": 0.000001,
  "xrp_usd": 2.29411,
  "bag_xrp": 4.35899e-7,
  "timestamp": "2025-10-17T15:53:38.075Z"
}
