{
  "bag_usd": 0.000001,
  "xrp_usd": 2.49843,
  "bag_xrp": 4.00251e-7,
  "timestamp": "2025-11-13T03:55:40.196Z"
}
