{
  "bag_usd": 0.000001,
  "xrp_usd": 2.26001,
  "bag_xrp": 4.42476e-7,
  "timestamp": "2025-11-15T17:47:40.943Z"
}
