{
  "bag_usd": 0.000001,
  "xrp_usd": 2.6829,
  "bag_xrp": 3.72731e-7,
  "timestamp": "2025-10-27T17:34:48.319Z"
}
