{
  "bag_usd": 0.000001,
  "xrp_usd": 2.87803,
  "bag_xrp": 3.4746e-7,
  "timestamp": "2025-10-08T14:31:05.865Z"
}
