{
  "bag_usd": 0.000001,
  "xrp_usd": 2.09091,
  "bag_xrp": 4.78261e-7,
  "timestamp": "2025-11-24T15:50:22.175Z"
}
