{
  "bag_usd": 0.000001,
  "xrp_usd": 2.45123,
  "bag_xrp": 4.07958e-7,
  "timestamp": "2025-10-30T17:18:59.666Z"
}
