{
  "bag_usd": 0.000001,
  "xrp_usd": 3.00173,
  "bag_xrp": 3.33141e-7,
  "timestamp": "2025-10-06T22:25:40.216Z"
}
