{
  "bag_usd": 0.000001,
  "xrp_usd": 2.4258,
  "bag_xrp": 4.12235e-7,
  "timestamp": "2025-10-22T02:06:15.679Z"
}
