{
  "bag_usd": 0.000001,
  "xrp_usd": 2.31474,
  "bag_xrp": 4.32014e-7,
  "timestamp": "2025-10-16T21:36:36.274Z"
}
