{
  "bag_usd": 0.000001,
  "xrp_usd": 2.26247,
  "bag_xrp": 4.41995e-7,
  "timestamp": "2025-11-15T08:29:57.797Z"
}
