{
  "bag_usd": 0.000001,
  "xrp_usd": 2.51085,
  "bag_xrp": 3.98272e-7,
  "timestamp": "2025-10-24T22:43:28.222Z"
}
