{
  "bag_usd": 0.000001,
  "xrp_usd": 2.14385,
  "bag_xrp": 4.66451e-7,
  "timestamp": "2025-11-20T05:00:35.723Z"
}
