{
  "bag_usd": 0.000001,
  "xrp_usd": 2.21705,
  "bag_xrp": 4.5105e-7,
  "timestamp": "2025-11-27T22:33:00.179Z"
}
