{
  "bag_usd": 0.000001,
  "xrp_usd": 2.39661,
  "bag_xrp": 4.17256e-7,
  "timestamp": "2025-10-12T11:30:05.526Z"
}
