{
  "bag_usd": 0.000001,
  "xrp_usd": 2.2943,
  "bag_xrp": 4.35863e-7,
  "timestamp": "2025-11-13T21:42:27.399Z"
}
