{
  "bag_usd": 0.000001,
  "xrp_usd": 2.279,
  "bag_xrp": 4.38789e-7,
  "timestamp": "2025-11-04T05:47:31.618Z"
}
