{
  "bag_usd": 0.000001,
  "xrp_usd": 2.35,
  "bag_xrp": 4.25532e-7,
  "timestamp": "2025-11-07T19:41:13.006Z"
}
