{
  "bag_usd": 0.000001,
  "xrp_usd": 2.63385,
  "bag_xrp": 3.79672e-7,
  "timestamp": "2025-10-27T13:23:07.086Z"
}
