{
  "bag_usd": 0.000001,
  "xrp_usd": 2.61308,
  "bag_xrp": 3.8269e-7,
  "timestamp": "2025-10-13T22:32:46.163Z"
}
