{
  "bag_usd": 0.000001,
  "xrp_usd": 2.5284,
  "bag_xrp": 3.95507e-7,
  "timestamp": "2025-10-20T20:58:21.950Z"
}
