{
  "bag_usd": 0.000001,
  "xrp_usd": 2.49795,
  "bag_xrp": 4.00328e-7,
  "timestamp": "2025-11-01T18:45:07.395Z"
}
