{
  "bag_usd": 0.000001,
  "xrp_usd": 2.31287,
  "bag_xrp": 4.32363e-7,
  "timestamp": "2025-11-05T19:34:47.553Z"
}
