{
  "bag_usd": 0.000001,
  "xrp_usd": 2.25179,
  "bag_xrp": 4.44091e-7,
  "timestamp": "2025-11-04T14:45:02.244Z"
}
