{
  "bag_usd": 0.000001,
  "xrp_usd": 2.64875,
  "bag_xrp": 3.77537e-7,
  "timestamp": "2025-10-29T17:55:21.141Z"
}
