{
  "bag_usd": 0.000001,
  "xrp_usd": 2.3398,
  "bag_xrp": 4.27387e-7,
  "timestamp": "2025-10-16T19:12:51.259Z"
}
