{
  "bag_usd": 0.000001,
  "xrp_usd": 2.80701,
  "bag_xrp": 3.56251e-7,
  "timestamp": "2025-10-09T09:55:35.769Z"
}
