{
  "bag_usd": 0.000001,
  "xrp_usd": 2.22448,
  "bag_xrp": 4.49543e-7,
  "timestamp": "2025-11-26T20:57:18.712Z"
}
