{
  "bag_usd": 0.000001,
  "xrp_usd": 2.36019,
  "bag_xrp": 4.23695e-7,
  "timestamp": "2025-10-18T21:35:17.659Z"
}
