{
  "bag_usd": 0.000001,
  "xrp_usd": 2.38975,
  "bag_xrp": 4.18454e-7,
  "timestamp": "2025-10-12T10:57:42.342Z"
}
