{
  "bag_usd": 0.000001,
  "xrp_usd": 2.20084,
  "bag_xrp": 4.54372e-7,
  "timestamp": "2025-11-29T14:58:49.752Z"
}
