{
  "bag_usd": 0.000001,
  "xrp_usd": 2.91015,
  "bag_xrp": 3.43625e-7,
  "timestamp": "2025-10-08T18:53:11.876Z"
}
