{
  "bag_usd": 0.000001,
  "xrp_usd": 2.80119,
  "bag_xrp": 3.56991e-7,
  "timestamp": "2025-10-09T21:44:40.748Z"
}
