{
  "bag_usd": 0.000001,
  "xrp_usd": 2.64824,
  "bag_xrp": 3.77609e-7,
  "timestamp": "2025-10-29T10:00:32.267Z"
}
