{
  "bag_usd": 0.000001,
  "xrp_usd": 2.35261,
  "bag_xrp": 4.2506e-7,
  "timestamp": "2025-11-05T23:00:27.559Z"
}
