{
  "bag_usd": 0.000001,
  "xrp_usd": 2.79637,
  "bag_xrp": 3.57606e-7,
  "timestamp": "2025-10-09T21:33:05.410Z"
}
