{
  "bag_usd": 0.000001,
  "xrp_usd": 2.45424,
  "bag_xrp": 4.07458e-7,
  "timestamp": "2025-10-20T05:56:55.508Z"
}
