{
  "bag_usd": 0.000001,
  "xrp_usd": 2.63395,
  "bag_xrp": 3.79658e-7,
  "timestamp": "2025-10-28T04:56:55.359Z"
}
