{
  "bag_usd": 0.000001,
  "xrp_usd": 2.25335,
  "bag_xrp": 4.43784e-7,
  "timestamp": "2025-11-16T08:28:19.274Z"
}
