{
  "bag_usd": 0.000001,
  "xrp_usd": 2.13266,
  "bag_xrp": 4.68898e-7,
  "timestamp": "2025-11-20T03:48:36.429Z"
}
