{
  "bag_usd": 0.000001,
  "xrp_usd": 2.61734,
  "bag_xrp": 3.82067e-7,
  "timestamp": "2025-10-29T01:15:16.366Z"
}
