{
  "bag_usd": 0.000001,
  "xrp_usd": 2.54365,
  "bag_xrp": 3.93136e-7,
  "timestamp": "2025-10-31T15:49:13.892Z"
}
