{
  "bag_usd": 0.000001,
  "xrp_usd": 2.59639,
  "bag_xrp": 3.8515e-7,
  "timestamp": "2025-10-25T23:48:50.374Z"
}
