{
  "bag_usd": 0.000001,
  "xrp_usd": 2.17955,
  "bag_xrp": 4.5881e-7,
  "timestamp": "2025-11-28T21:23:37.072Z"
}
