{
  "bag_usd": 0.000001,
  "xrp_usd": 2.63344,
  "bag_xrp": 3.79731e-7,
  "timestamp": "2025-10-26T08:50:43.623Z"
}
