{
  "bag_usd": 0.000001,
  "xrp_usd": 2.18357,
  "bag_xrp": 4.57966e-7,
  "timestamp": "2025-11-27T14:53:13.192Z"
}
