{
  "bag_usd": 0.000001,
  "xrp_usd": 3.012,
  "bag_xrp": 3.32005e-7,
  "timestamp": "2025-10-06T14:38:59.950Z"
}
