{
  "bag_usd": 0.000001,
  "xrp_usd": 2.42629,
  "bag_xrp": 4.12152e-7,
  "timestamp": "2025-10-16T02:00:36.925Z"
}
