{
  "bag_usd": 0.000001,
  "xrp_usd": 2.48234,
  "bag_xrp": 4.02846e-7,
  "timestamp": "2025-10-30T14:44:14.800Z"
}
