{
  "bag_usd": 0.000001,
  "xrp_usd": 2.52545,
  "bag_xrp": 3.95969e-7,
  "timestamp": "2025-11-02T10:15:37.786Z"
}
