{
  "bag_usd": 0.000001,
  "xrp_usd": 2.82403,
  "bag_xrp": 3.54104e-7,
  "timestamp": "2025-10-10T13:57:52.805Z"
}
