{
  "bag_usd": 0.000001,
  "xrp_usd": 2.05523,
  "bag_xrp": 4.86564e-7,
  "timestamp": "2025-11-23T14:33:39.183Z"
}
