{
  "bag_usd": 0.000001,
  "xrp_usd": 2.50973,
  "bag_xrp": 3.98449e-7,
  "timestamp": "2025-10-24T23:33:30.477Z"
}
