{
  "bag_usd": 0.000001,
  "xrp_usd": 2.3776,
  "bag_xrp": 4.20592e-7,
  "timestamp": "2025-10-18T11:57:44.512Z"
}
