{
  "bag_usd": 0.000001,
  "xrp_usd": 1.96418,
  "bag_xrp": 5.09118e-7,
  "timestamp": "2025-11-21T19:26:42.338Z"
}
