{
  "bag_usd": 0.000001,
  "xrp_usd": 2.31999,
  "bag_xrp": 4.31036e-7,
  "timestamp": "2025-11-09T16:44:24.367Z"
}
