{
  "bag_usd": 0.000001,
  "xrp_usd": 2.40877,
  "bag_xrp": 4.1515e-7,
  "timestamp": "2025-10-21T09:55:40.559Z"
}
