{
  "bag_usd": 0.000001,
  "xrp_usd": 2.42716,
  "bag_xrp": 4.12004e-7,
  "timestamp": "2025-10-30T22:33:06.862Z"
}
