{
  "bag_usd": 0.000001,
  "xrp_usd": 2.0565,
  "bag_xrp": 4.86263e-7,
  "timestamp": "2025-11-24T04:44:39.743Z"
}
