{
  "bag_usd": 0.000001,
  "xrp_usd": 2.23202,
  "bag_xrp": 4.48025e-7,
  "timestamp": "2025-11-26T17:54:53.974Z"
}
