{
  "bag_usd": 0.000001,
  "xrp_usd": 2.61015,
  "bag_xrp": 3.8312e-7,
  "timestamp": "2025-10-29T03:47:09.594Z"
}
