{
  "bag_usd": 0.000001,
  "xrp_usd": 2.32156,
  "bag_xrp": 4.30745e-7,
  "timestamp": "2025-11-08T03:37:10.215Z"
}
