{
  "bag_usd": 0.000001,
  "xrp_usd": 2.02821,
  "bag_xrp": 4.93046e-7,
  "timestamp": "2025-11-23T11:08:22.238Z"
}
