{
  "bag_usd": 0.000001,
  "xrp_usd": 2.42704,
  "bag_xrp": 4.12025e-7,
  "timestamp": "2025-10-21T05:43:16.919Z"
}
