{
  "bag_usd": 0.000001,
  "xrp_usd": 2.37067,
  "bag_xrp": 4.21822e-7,
  "timestamp": "2025-10-11T20:31:20.357Z"
}
