{
  "bag_usd": 0.000001,
  "xrp_usd": 2.34545,
  "bag_xrp": 4.26357e-7,
  "timestamp": "2025-10-17T05:42:25.436Z"
}
