{
  "bag_usd": 0.000001,
  "xrp_usd": 2.35955,
  "bag_xrp": 4.2381e-7,
  "timestamp": "2025-10-18T23:11:03.246Z"
}
