{
  "bag_usd": 0.000001,
  "xrp_usd": 2.31312,
  "bag_xrp": 4.32317e-7,
  "timestamp": "2025-10-17T18:41:09.945Z"
}
