{
  "bag_usd": 0.000001,
  "xrp_usd": 2.96665,
  "bag_xrp": 3.37081e-7,
  "timestamp": "2025-10-07T08:44:12.198Z"
}
