{
  "bag_usd": 0.000001,
  "xrp_usd": 1.90969,
  "bag_xrp": 5.23645e-7,
  "timestamp": "2025-11-22T08:50:11.630Z"
}
