{
  "bag_usd": 0.000001,
  "xrp_usd": 2.3427,
  "bag_xrp": 4.26858e-7,
  "timestamp": "2025-11-03T19:14:27.367Z"
}
