{
  "bag_usd": 0.000001,
  "xrp_usd": 2.63173,
  "bag_xrp": 3.79978e-7,
  "timestamp": "2025-10-29T17:25:12.078Z"
}
