{
  "bag_usd": 0.000001,
  "xrp_usd": 2.64837,
  "bag_xrp": 3.77591e-7,
  "timestamp": "2025-10-26T13:14:44.992Z"
}
