{
  "bag_usd": 0.000001,
  "xrp_usd": 2.6321,
  "bag_xrp": 3.79925e-7,
  "timestamp": "2025-10-29T08:27:59.931Z"
}
