{
  "bag_usd": 0.000001,
  "xrp_usd": 2.54039,
  "bag_xrp": 3.9364e-7,
  "timestamp": "2025-10-25T03:53:59.763Z"
}
