{
  "bag_usd": 0.000001,
  "xrp_usd": 2.17295,
  "bag_xrp": 4.60204e-7,
  "timestamp": "2025-11-19T04:33:58.061Z"
}
