{
  "bag_usd": 0.000001,
  "xrp_usd": 2.07105,
  "bag_xrp": 4.82847e-7,
  "timestamp": "2025-11-24T06:59:13.311Z"
}
