{
  "bag_usd": 0.000001,
  "xrp_usd": 2.50064,
  "bag_xrp": 3.99898e-7,
  "timestamp": "2025-10-24T13:53:42.161Z"
}
