{
  "bag_usd": 0.000001,
  "xrp_usd": 2.25338,
  "bag_xrp": 4.43778e-7,
  "timestamp": "2025-11-17T04:50:19.356Z"
}
