{
  "bag_usd": 0.000001,
  "xrp_usd": 2.39335,
  "bag_xrp": 4.17824e-7,
  "timestamp": "2025-10-23T22:44:55.805Z"
}
