{
  "bag_usd": 0.000001,
  "xrp_usd": 2.1125,
  "bag_xrp": 4.73373e-7,
  "timestamp": "2025-11-20T09:48:41.921Z"
}
