{
  "bag_usd": 0.000001,
  "xrp_usd": 2.31605,
  "bag_xrp": 4.3177e-7,
  "timestamp": "2025-11-06T08:49:51.369Z"
}
