{
  "bag_usd": 0.000001,
  "xrp_usd": 2.50735,
  "bag_xrp": 3.98827e-7,
  "timestamp": "2025-10-14T18:44:20.212Z"
}
