{
  "bag_usd": 0.000001,
  "xrp_usd": 2.26501,
  "bag_xrp": 4.41499e-7,
  "timestamp": "2025-11-15T09:39:44.337Z"
}
