{
  "bag_usd": 0.000001,
  "xrp_usd": 2.40604,
  "bag_xrp": 4.15621e-7,
  "timestamp": "2025-11-13T16:54:13.681Z"
}
