{
  "bag_usd": 0.000001,
  "xrp_usd": 1.95226,
  "bag_xrp": 5.12227e-7,
  "timestamp": "2025-11-21T18:31:09.018Z"
}
