{
  "bag_usd": 0.000001,
  "xrp_usd": 2.48265,
  "bag_xrp": 4.02795e-7,
  "timestamp": "2025-11-13T13:05:49.045Z"
}
