{
  "bag_usd": 0.000001,
  "xrp_usd": 2.4522,
  "bag_xrp": 4.07797e-7,
  "timestamp": "2025-10-20T12:21:43.717Z"
}
