{
  "bag_usd": 0.000001,
  "xrp_usd": 2.25845,
  "bag_xrp": 4.42782e-7,
  "timestamp": "2025-11-17T12:52:05.492Z"
}
