{
  "bag_usd": 0.000001,
  "xrp_usd": 2.35045,
  "bag_xrp": 4.2545e-7,
  "timestamp": "2025-10-19T07:39:18.727Z"
}
