{
  "bag_usd": 0.000001,
  "xrp_usd": 2.64925,
  "bag_xrp": 3.77465e-7,
  "timestamp": "2025-10-26T11:56:25.375Z"
}
