{
  "bag_usd": 0.000001,
  "xrp_usd": 2.60459,
  "bag_xrp": 3.83938e-7,
  "timestamp": "2025-10-25T14:19:05.287Z"
}
