{
  "bag_usd": 0.000001,
  "xrp_usd": 2.49735,
  "bag_xrp": 4.00424e-7,
  "timestamp": "2025-10-11T09:27:22.214Z"
}
