{
  "bag_usd": 0.000001,
  "xrp_usd": 2.44935,
  "bag_xrp": 4.08272e-7,
  "timestamp": "2025-10-16T10:53:02.235Z"
}
