{
  "bag_usd": 0.000001,
  "xrp_usd": 2.36855,
  "bag_xrp": 4.22199e-7,
  "timestamp": "2025-10-11T01:08:04.224Z"
}
