{
  "bag_usd": 0.000001,
  "xrp_usd": 2.99183,
  "bag_xrp": 3.34244e-7,
  "timestamp": "2025-10-06T08:34:33.167Z"
}
