{
  "bag_usd": 0.000001,
  "xrp_usd": 2.24607,
  "bag_xrp": 4.45222e-7,
  "timestamp": "2025-11-16T11:25:10.628Z"
}
