{
  "bag_usd": 0.000001,
  "xrp_usd": 2.34375,
  "bag_xrp": 4.26667e-7,
  "timestamp": "2025-11-13T23:44:07.926Z"
}
