{
  "bag_usd": 0.000001,
  "xrp_usd": 2.32378,
  "bag_xrp": 4.30333e-7,
  "timestamp": "2025-11-13T23:13:35.873Z"
}
