{
  "bag_usd": 0.000001,
  "xrp_usd": 2.19552,
  "bag_xrp": 4.55473e-7,
  "timestamp": "2025-11-28T07:58:36.378Z"
}
