{
  "bag_usd": 0.000001,
  "xrp_usd": 2.505,
  "bag_xrp": 3.99202e-7,
  "timestamp": "2025-10-15T05:43:00.011Z"
}
