{
  "bag_usd": 0.000001,
  "xrp_usd": 2.1873,
  "bag_xrp": 4.57185e-7,
  "timestamp": "2025-11-27T15:19:09.953Z"
}
