{
  "bag_usd": 0.000001,
  "xrp_usd": 2.08503,
  "bag_xrp": 4.79609e-7,
  "timestamp": "2025-11-24T05:48:45.746Z"
}
