{
  "bag_usd": 0.000001,
  "xrp_usd": 2.45842,
  "bag_xrp": 4.06765e-7,
  "timestamp": "2025-10-14T11:09:30.478Z"
}
