{
  "bag_usd": 0.000001,
  "xrp_usd": 2.40368,
  "bag_xrp": 4.16029e-7,
  "timestamp": "2025-11-03T06:54:26.838Z"
}
