{
  "bag_usd": 0.000001,
  "xrp_usd": 2.49615,
  "bag_xrp": 4.00617e-7,
  "timestamp": "2025-11-13T05:58:40.834Z"
}
