{
  "bag_usd": 0.000001,
  "xrp_usd": 2.3993,
  "bag_xrp": 4.16788e-7,
  "timestamp": "2025-10-19T19:34:27.481Z"
}
