{
  "bag_usd": 0.000001,
  "xrp_usd": 2.24665,
  "bag_xrp": 4.45107e-7,
  "timestamp": "2025-11-05T04:40:34.172Z"
}
