{
  "bag_usd": 0.000001,
  "xrp_usd": 2.4111,
  "bag_xrp": 4.14748e-7,
  "timestamp": "2025-10-10T21:47:16.284Z"
}
