{
  "bag_usd": 0.000001,
  "xrp_usd": 2.61577,
  "bag_xrp": 3.82297e-7,
  "timestamp": "2025-10-25T19:38:30.961Z"
}
