{
  "bag_usd": 0.000001,
  "xrp_usd": 2.25448,
  "bag_xrp": 4.43561e-7,
  "timestamp": "2025-11-08T17:08:46.323Z"
}
