{
  "bag_usd": 0.000001,
  "xrp_usd": 2.06549,
  "bag_xrp": 4.84147e-7,
  "timestamp": "2025-11-19T18:14:01.267Z"
}
