{
  "bag_usd": 0.000001,
  "xrp_usd": 2.61684,
  "bag_xrp": 3.8214e-7,
  "timestamp": "2025-10-29T02:53:43.930Z"
}
