{
  "bag_usd": 0.000001,
  "xrp_usd": 2.60986,
  "bag_xrp": 3.83162e-7,
  "timestamp": "2025-10-28T22:33:49.431Z"
}
