{
  "bag_usd": 0.000001,
  "xrp_usd": 2.57777,
  "bag_xrp": 3.87932e-7,
  "timestamp": "2025-10-13T04:53:07.303Z"
}
