{
  "bag_usd": 0.000001,
  "xrp_usd": 2.28016,
  "bag_xrp": 4.38566e-7,
  "timestamp": "2025-10-17T11:45:03.756Z"
}
