{
  "bag_usd": 0.000001,
  "xrp_usd": 2.04531,
  "bag_xrp": 4.88923e-7,
  "timestamp": "2025-11-23T23:52:21.647Z"
}
