{
  "bag_usd": 0.000001,
  "xrp_usd": 2.5501,
  "bag_xrp": 3.92141e-7,
  "timestamp": "2025-10-12T19:50:23.942Z"
}
