{
  "bag_usd": 0.000001,
  "xrp_usd": 2.1942,
  "bag_xrp": 4.55747e-7,
  "timestamp": "2025-11-25T21:42:34.406Z"
}
