{
  "bag_usd": 0.000001,
  "xrp_usd": 2.5189,
  "bag_xrp": 3.96999e-7,
  "timestamp": "2025-11-02T07:11:16.811Z"
}
