{
  "bag_usd": 0.000001,
  "xrp_usd": 2.21164,
  "bag_xrp": 4.52153e-7,
  "timestamp": "2025-11-04T23:32:08.402Z"
}
