{
  "bag_usd": 0.000001,
  "xrp_usd": 2.59701,
  "bag_xrp": 3.85058e-7,
  "timestamp": "2025-10-29T22:40:58.189Z"
}
