{
  "bag_usd": 0.000001,
  "xrp_usd": 2.39323,
  "bag_xrp": 4.17845e-7,
  "timestamp": "2025-10-11T23:19:18.880Z"
}
