{
  "bag_usd": 0.000001,
  "xrp_usd": 2.23843,
  "bag_xrp": 4.46742e-7,
  "timestamp": "2025-11-05T05:51:50.388Z"
}
