{
  "bag_usd": 0.000001,
  "xrp_usd": 2.19756,
  "bag_xrp": 4.5505e-7,
  "timestamp": "2025-11-17T14:12:31.492Z"
}
