{
  "bag_usd": 0.000001,
  "xrp_usd": 2.50655,
  "bag_xrp": 3.98955e-7,
  "timestamp": "2025-11-01T06:20:29.058Z"
}
