{
  "bag_usd": 0.000001,
  "xrp_usd": 2.37268,
  "bag_xrp": 4.21464e-7,
  "timestamp": "2025-10-22T19:55:50.743Z"
}
