{
  "bag_usd": 0.000001,
  "xrp_usd": 2.43801,
  "bag_xrp": 4.10171e-7,
  "timestamp": "2025-10-24T06:15:55.314Z"
}
