{
  "bag_usd": 0.000001,
  "xrp_usd": 2.18606,
  "bag_xrp": 4.57444e-7,
  "timestamp": "2025-11-27T10:33:23.562Z"
}
