{
  "bag_usd": 0.000001,
  "xrp_usd": 2.21551,
  "bag_xrp": 4.51363e-7,
  "timestamp": "2025-11-04T23:16:32.040Z"
}
