{
  "bag_usd": 0.000001,
  "xrp_usd": 3.03784,
  "bag_xrp": 3.29181e-7,
  "timestamp": "2025-10-06T15:58:10.515Z"
}
