{
  "bag_usd": 0.000001,
  "xrp_usd": 2.49655,
  "bag_xrp": 4.00553e-7,
  "timestamp": "2025-10-21T19:50:11.024Z"
}
