{
  "bag_usd": 0.000001,
  "xrp_usd": 2.468,
  "bag_xrp": 4.05186e-7,
  "timestamp": "2025-10-20T14:51:51.208Z"
}
