{
  "bag_usd": 0.000001,
  "xrp_usd": 2.337,
  "bag_xrp": 4.27899e-7,
  "timestamp": "2025-10-18T16:34:35.197Z"
}
