{
  "bag_usd": 0.000001,
  "xrp_usd": 2.6075,
  "bag_xrp": 3.83509e-7,
  "timestamp": "2025-10-29T21:55:53.536Z"
}
