{
  "bag_usd": 0.000001,
  "xrp_usd": 3.00458,
  "bag_xrp": 3.32825e-7,
  "timestamp": "2025-10-06T13:08:08.047Z"
}
