{
  "bag_usd": 0.000001,
  "xrp_usd": 2.4993,
  "bag_xrp": 4.00112e-7,
  "timestamp": "2025-10-20T22:56:35.101Z"
}
