{
  "bag_usd": 0.000001,
  "xrp_usd": 2.9785,
  "bag_xrp": 3.35739e-7,
  "timestamp": "2025-10-07T11:17:14.747Z"
}
