{
  "bag_usd": 0.000001,
  "xrp_usd": 2.33451,
  "bag_xrp": 4.28355e-7,
  "timestamp": "2025-10-17T05:53:56.984Z"
}
