{
  "bag_usd": 0.000001,
  "xrp_usd": 3.01153,
  "bag_xrp": 3.32057e-7,
  "timestamp": "2025-10-06T20:46:37.226Z"
}
