{
  "bag_usd": 0.000001,
  "xrp_usd": 2.99453,
  "bag_xrp": 3.33942e-7,
  "timestamp": "2025-10-07T04:56:55.120Z"
}
