{
  "bag_usd": 0.000001,
  "xrp_usd": 1.9457,
  "bag_xrp": 5.13954e-7,
  "timestamp": "2025-11-22T16:11:41.539Z"
}
