{
  "bag_usd": 0.000001,
  "xrp_usd": 2.01126,
  "bag_xrp": 4.97201e-7,
  "timestamp": "2025-11-20T18:15:17.660Z"
}
