{
  "bag_usd": 0.000001,
  "xrp_usd": 2.18815,
  "bag_xrp": 4.57007e-7,
  "timestamp": "2025-11-29T10:56:26.885Z"
}
