{
  "bag_usd": 0.000001,
  "xrp_usd": 2.27853,
  "bag_xrp": 4.38879e-7,
  "timestamp": "2025-11-15T07:44:16.393Z"
}
