{
  "bag_usd": 0.000001,
  "xrp_usd": 2.50656,
  "bag_xrp": 3.98953e-7,
  "timestamp": "2025-11-02T03:31:48.632Z"
}
