{
  "bag_usd": 0.000001,
  "xrp_usd": 2.45115,
  "bag_xrp": 4.07972e-7,
  "timestamp": "2025-10-20T13:05:07.313Z"
}
