{
  "bag_usd": 0.000001,
  "xrp_usd": 2.16572,
  "bag_xrp": 4.6174e-7,
  "timestamp": "2025-11-16T17:42:56.897Z"
}
