{
  "bag_usd": 0.000001,
  "xrp_usd": 2.24351,
  "bag_xrp": 4.4573e-7,
  "timestamp": "2025-11-06T17:52:06.565Z"
}
