{
  "bag_usd": 0.000001,
  "xrp_usd": 2.29672,
  "bag_xrp": 4.35404e-7,
  "timestamp": "2025-11-14T18:45:54.468Z"
}
