{
  "bag_usd": 0.000001,
  "xrp_usd": 2.998,
  "bag_xrp": 3.33556e-7,
  "timestamp": "2025-10-06T13:52:27.653Z"
}
