{
  "bag_usd": 0.000001,
  "xrp_usd": 2.26997,
  "bag_xrp": 4.40534e-7,
  "timestamp": "2025-11-05T15:53:44.939Z"
}
