{
  "bag_usd": 0.000001,
  "xrp_usd": 2.39338,
  "bag_xrp": 4.17819e-7,
  "timestamp": "2025-10-30T19:48:30.342Z"
}
