{
  "bag_usd": 0.000001,
  "xrp_usd": 2.36,
  "bag_xrp": 4.23729e-7,
  "timestamp": "2025-10-22T23:28:56.360Z"
}
