{
  "bag_usd": 0.000001,
  "xrp_usd": 2.14186,
  "bag_xrp": 4.66884e-7,
  "timestamp": "2025-11-17T21:44:58.477Z"
}
