{
  "bag_usd": 0.000001,
  "xrp_usd": 2.16237,
  "bag_xrp": 4.62456e-7,
  "timestamp": "2025-11-26T13:58:46.301Z"
}
