{
  "bag_usd": 0.000001,
  "xrp_usd": 2.41164,
  "bag_xrp": 4.14656e-7,
  "timestamp": "2025-10-23T09:57:35.339Z"
}
