{
  "bag_usd": 0.000001,
  "xrp_usd": 2.03144,
  "bag_xrp": 4.92262e-7,
  "timestamp": "2025-11-23T10:37:46.272Z"
}
