{
  "bag_usd": 0.000001,
  "xrp_usd": 2.49805,
  "bag_xrp": 4.00312e-7,
  "timestamp": "2025-10-31T10:57:33.560Z"
}
