{
  "bag_usd": 0.000001,
  "xrp_usd": 2.82716,
  "bag_xrp": 3.53712e-7,
  "timestamp": "2025-10-09T06:16:09.274Z"
}
