{
  "bag_usd": 0.000001,
  "xrp_usd": 3.03238,
  "bag_xrp": 3.29774e-7,
  "timestamp": "2025-10-06T15:34:01.855Z"
}
