{
  "bag_usd": 0.000001,
  "xrp_usd": 2.18511,
  "bag_xrp": 4.57643e-7,
  "timestamp": "2025-11-28T20:45:11.709Z"
}
