{
  "bag_usd": 0.000001,
  "xrp_usd": 2.41622,
  "bag_xrp": 4.1387e-7,
  "timestamp": "2025-10-23T08:18:48.466Z"
}
