{
  "bag_usd": 0.000001,
  "xrp_usd": 2.889,
  "bag_xrp": 3.46141e-7,
  "timestamp": "2025-10-07T16:58:47.284Z"
}
