{
  "bag_usd": 0.000001,
  "xrp_usd": 2.2654,
  "bag_xrp": 4.41423e-7,
  "timestamp": "2025-11-16T11:08:45.242Z"
}
