{
  "bag_usd": 0.000001,
  "xrp_usd": 2.53288,
  "bag_xrp": 3.94807e-7,
  "timestamp": "2025-10-12T22:56:40.010Z"
}
