{
  "bag_usd": 0.000001,
  "xrp_usd": 2.48205,
  "bag_xrp": 4.02893e-7,
  "timestamp": "2025-10-14T20:40:14.940Z"
}
