{
  "bag_usd": 0.000001,
  "xrp_usd": 1.94117,
  "bag_xrp": 5.15153e-7,
  "timestamp": "2025-11-22T22:28:08.893Z"
}
