{
  "bag_usd": 0.000001,
  "xrp_usd": 2.06043,
  "bag_xrp": 4.85336e-7,
  "timestamp": "2025-11-19T17:22:15.309Z"
}
