{
  "bag_usd": 0.000001,
  "xrp_usd": 2.31953,
  "bag_xrp": 4.31122e-7,
  "timestamp": "2025-11-03T20:20:30.955Z"
}
