{
  "bag_usd": 0.000001,
  "xrp_usd": 2.29588,
  "bag_xrp": 4.35563e-7,
  "timestamp": "2025-11-14T14:50:49.982Z"
}
