{
  "bag_usd": 0.000001,
  "xrp_usd": 2.30782,
  "bag_xrp": 4.33309e-7,
  "timestamp": "2025-11-14T01:58:52.342Z"
}
