{
  "bag_usd": 0.000001,
  "xrp_usd": 2.32701,
  "bag_xrp": 4.29736e-7,
  "timestamp": "2025-11-06T07:26:05.819Z"
}
