{
  "bag_usd": 0.000001,
  "xrp_usd": 2.62913,
  "bag_xrp": 3.80354e-7,
  "timestamp": "2025-10-28T03:54:55.156Z"
}
