{
  "bag_usd": 0.000001,
  "xrp_usd": 2.36982,
  "bag_xrp": 4.21973e-7,
  "timestamp": "2025-10-18T07:50:59.849Z"
}
