{
  "bag_usd": 0.000001,
  "xrp_usd": 2.30195,
  "bag_xrp": 4.34414e-7,
  "timestamp": "2025-10-17T23:29:43.505Z"
}
