{
  "bag_usd": 0.000001,
  "xrp_usd": 2.40245,
  "bag_xrp": 4.16242e-7,
  "timestamp": "2025-10-22T15:48:33.402Z"
}
