{
  "bag_usd": 0.000001,
  "xrp_usd": 2.51531,
  "bag_xrp": 3.97565e-7,
  "timestamp": "2025-11-02T15:00:25.103Z"
}
