{
  "bag_usd": 0.000001,
  "xrp_usd": 2.1801,
  "bag_xrp": 4.58695e-7,
  "timestamp": "2025-11-29T08:00:03.985Z"
}
