{
  "bag_usd": 0.000001,
  "xrp_usd": 2.45181,
  "bag_xrp": 4.07862e-7,
  "timestamp": "2025-10-30T17:51:00.743Z"
}
