{
  "bag_usd": 0.000001,
  "xrp_usd": 2.40083,
  "bag_xrp": 4.16523e-7,
  "timestamp": "2025-10-23T20:19:18.851Z"
}
