{
  "bag_usd": 0.000001,
  "xrp_usd": 2.21365,
  "bag_xrp": 4.51743e-7,
  "timestamp": "2025-11-06T21:55:47.639Z"
}
