{
  "bag_usd": 0.000001,
  "xrp_usd": 2.37553,
  "bag_xrp": 4.20959e-7,
  "timestamp": "2025-11-03T17:35:04.775Z"
}
