{
  "bag_usd": 0.000001,
  "xrp_usd": 1.9,
  "bag_xrp": 5.26316e-7,
  "timestamp": "2025-11-21T16:28:30.554Z"
}
