{
  "bag_usd": 0.000001,
  "xrp_usd": 1.92027,
  "bag_xrp": 5.2076e-7,
  "timestamp": "2025-11-21T16:48:31.181Z"
}
