{
  "bag_usd": 0.000001,
  "xrp_usd": 2.5716,
  "bag_xrp": 3.88863e-7,
  "timestamp": "2025-10-10T20:57:49.562Z"
}
