{
  "bag_usd": 0.000001,
  "xrp_usd": 2.64916,
  "bag_xrp": 3.77478e-7,
  "timestamp": "2025-10-26T11:44:52.484Z"
}
