{
  "bag_usd": 0.000001,
  "xrp_usd": 2.306,
  "bag_xrp": 4.33651e-7,
  "timestamp": "2025-11-03T21:43:42.160Z"
}
