{
  "bag_usd": 0.000001,
  "xrp_usd": 2.21067,
  "bag_xrp": 4.52352e-7,
  "timestamp": "2025-11-18T15:57:23.521Z"
}
