{
  "bag_usd": 0.000001,
  "xrp_usd": 2.31411,
  "bag_xrp": 4.32132e-7,
  "timestamp": "2025-11-07T23:55:44.748Z"
}
