{
  "bag_usd": 0.000001,
  "xrp_usd": 2.46709,
  "bag_xrp": 4.05336e-7,
  "timestamp": "2025-10-21T21:28:46.304Z"
}
