{
  "bag_usd": 0.000001,
  "xrp_usd": 2.20443,
  "bag_xrp": 4.53632e-7,
  "timestamp": "2025-11-25T23:45:34.954Z"
}
