{
  "bag_usd": 0.000001,
  "xrp_usd": 2.39364,
  "bag_xrp": 4.17774e-7,
  "timestamp": "2025-10-11T22:43:45.303Z"
}
