{
  "bag_usd": 0.000001,
  "xrp_usd": 2.80865,
  "bag_xrp": 3.56043e-7,
  "timestamp": "2025-10-09T23:09:16.934Z"
}
