{
  "bag_usd": 0.000001,
  "xrp_usd": 2.22437,
  "bag_xrp": 4.49565e-7,
  "timestamp": "2025-11-26T23:40:54.574Z"
}
