{
  "bag_usd": 0.000001,
  "xrp_usd": 2.43577,
  "bag_xrp": 4.10548e-7,
  "timestamp": "2025-11-03T05:41:19.078Z"
}
