{
  "bag_usd": 0.000001,
  "xrp_usd": 2.25205,
  "bag_xrp": 4.4404e-7,
  "timestamp": "2025-11-14T23:53:05.904Z"
}
