{
  "bag_usd": 0.000001,
  "xrp_usd": 2.58957,
  "bag_xrp": 3.86164e-7,
  "timestamp": "2025-10-25T17:00:16.606Z"
}
