{
  "bag_usd": 0.000001,
  "xrp_usd": 1.92051,
  "bag_xrp": 5.20695e-7,
  "timestamp": "2025-11-22T09:41:56.111Z"
}
