{
  "bag_usd": 0.000001,
  "xrp_usd": 2.61233,
  "bag_xrp": 3.828e-7,
  "timestamp": "2025-10-26T21:30:45.613Z"
}
