{
  "bag_usd": 0.000001,
  "xrp_usd": 2.40557,
  "bag_xrp": 4.15702e-7,
  "timestamp": "2025-10-16T15:00:29.157Z"
}
