{
  "bag_usd": 0.000001,
  "xrp_usd": 2.10185,
  "bag_xrp": 4.75771e-7,
  "timestamp": "2025-11-19T15:44:18.159Z"
}
