{
  "bag_usd": 0.000001,
  "xrp_usd": 2.43759,
  "bag_xrp": 4.10241e-7,
  "timestamp": "2025-10-11T04:57:35.077Z"
}
