{
  "bag_usd": 0.000001,
  "xrp_usd": 2.99451,
  "bag_xrp": 3.33944e-7,
  "timestamp": "2025-10-06T10:38:29.317Z"
}
