{
  "bag_usd": 0.000001,
  "xrp_usd": 2.44212,
  "bag_xrp": 4.0948e-7,
  "timestamp": "2025-11-12T12:22:56.479Z"
}
