{
  "bag_usd": 0.000001,
  "xrp_usd": 2.62,
  "bag_xrp": 3.81679e-7,
  "timestamp": "2025-10-26T06:49:36.011Z"
}
