{
  "bag_usd": 0.000001,
  "xrp_usd": 2.35602,
  "bag_xrp": 4.24445e-7,
  "timestamp": "2025-10-18T08:51:26.994Z"
}
