{
  "bag_usd": 0.000001,
  "xrp_usd": 2.19771,
  "bag_xrp": 4.55019e-7,
  "timestamp": "2025-11-27T09:59:16.632Z"
}
