{
  "bag_usd": 0.000001,
  "xrp_usd": 2.61562,
  "bag_xrp": 3.82319e-7,
  "timestamp": "2025-10-13T22:44:25.671Z"
}
