{
  "bag_usd": 0.000001,
  "xrp_usd": 2.5397,
  "bag_xrp": 3.93747e-7,
  "timestamp": "2025-11-02T13:12:28.304Z"
}
