{
  "bag_usd": 0.000001,
  "xrp_usd": 1.91105,
  "bag_xrp": 5.23273e-7,
  "timestamp": "2025-11-21T15:42:57.858Z"
}
