{
  "bag_usd": 0.000001,
  "xrp_usd": 2.4176,
  "bag_xrp": 4.13633e-7,
  "timestamp": "2025-10-30T20:45:38.714Z"
}
