{
  "bag_usd": 0.000001,
  "xrp_usd": 1.88576,
  "bag_xrp": 5.3029e-7,
  "timestamp": "2025-11-21T11:42:30.093Z"
}
