{
  "bag_usd": 0.000001,
  "xrp_usd": 2.28076,
  "bag_xrp": 4.3845e-7,
  "timestamp": "2025-11-05T17:59:46.961Z"
}
