{
  "bag_usd": 0.000001,
  "xrp_usd": 2.48838,
  "bag_xrp": 4.01868e-7,
  "timestamp": "2025-10-31T04:49:42.652Z"
}
