{
  "bag_usd": 0.000001,
  "xrp_usd": 2.40275,
  "bag_xrp": 4.1619e-7,
  "timestamp": "2025-10-23T20:37:44.530Z"
}
