{
  "bag_usd": 0.000001,
  "xrp_usd": 2.35512,
  "bag_xrp": 4.24607e-7,
  "timestamp": "2025-10-18T15:24:19.514Z"
}
