{
  "bag_usd": 0.000001,
  "xrp_usd": 2.28197,
  "bag_xrp": 4.38218e-7,
  "timestamp": "2025-11-04T15:56:09.767Z"
}
