{
  "bag_usd": 0.000001,
  "xrp_usd": 2.40015,
  "bag_xrp": 4.16641e-7,
  "timestamp": "2025-10-22T16:00:09.049Z"
}
