{
  "bag_usd": 0.000001,
  "xrp_usd": 2.44255,
  "bag_xrp": 4.09408e-7,
  "timestamp": "2025-11-12T14:30:51.942Z"
}
