{
  "bag_usd": 0.000001,
  "xrp_usd": 2.25735,
  "bag_xrp": 4.42997e-7,
  "timestamp": "2025-11-08T15:23:44.456Z"
}
