{
  "bag_usd": 0.000001,
  "xrp_usd": 2.05949,
  "bag_xrp": 4.85557e-7,
  "timestamp": "2025-11-24T14:49:34.915Z"
}
