{
  "bag_usd": 0.000001,
  "xrp_usd": 2.12675,
  "bag_xrp": 4.70201e-7,
  "timestamp": "2025-11-19T13:41:38.607Z"
}
