{
  "bag_usd": 0.000001,
  "xrp_usd": 1.96982,
  "bag_xrp": 5.07661e-7,
  "timestamp": "2025-11-21T04:49:37.397Z"
}
