{
  "bag_usd": 0.000001,
  "xrp_usd": 2.42676,
  "bag_xrp": 4.12072e-7,
  "timestamp": "2025-11-03T14:59:38.394Z"
}
