{
  "bag_usd": 0.000001,
  "xrp_usd": 2.38634,
  "bag_xrp": 4.19052e-7,
  "timestamp": "2025-10-22T10:27:21.704Z"
}
