{
  "bag_usd": 0.000001,
  "xrp_usd": 2.23715,
  "bag_xrp": 4.46997e-7,
  "timestamp": "2025-11-28T08:57:19.454Z"
}
