{
  "bag_usd": 0.000001,
  "xrp_usd": 3.04586,
  "bag_xrp": 3.28314e-7,
  "timestamp": "2025-10-06T17:30:14.481Z"
}
