{
  "bag_usd": 0.000001,
  "xrp_usd": 2.4726,
  "bag_xrp": 4.04433e-7,
  "timestamp": "2025-10-20T06:55:42.780Z"
}
