{
  "bag_usd": 0.000001,
  "xrp_usd": 2.48555,
  "bag_xrp": 4.02325e-7,
  "timestamp": "2025-11-10T07:11:31.735Z"
}
