{
  "bag_usd": 0.000001,
  "xrp_usd": 1.90846,
  "bag_xrp": 5.23983e-7,
  "timestamp": "2025-11-21T15:55:04.655Z"
}
