{
  "bag_usd": 0.000001,
  "xrp_usd": 2.39815,
  "bag_xrp": 4.16988e-7,
  "timestamp": "2025-10-23T20:50:00.457Z"
}
