{
  "bag_usd": 0.000001,
  "xrp_usd": 2.45059,
  "bag_xrp": 4.08065e-7,
  "timestamp": "2025-11-11T08:29:41.260Z"
}
