{
  "bag_usd": 0.000001,
  "xrp_usd": 2.52135,
  "bag_xrp": 3.96613e-7,
  "timestamp": "2025-11-02T06:31:06.335Z"
}
