{
  "bag_usd": 0.000001,
  "xrp_usd": 2.40934,
  "bag_xrp": 4.15051e-7,
  "timestamp": "2025-10-15T19:53:04.927Z"
}
