{
  "bag_usd": 0.000001,
  "xrp_usd": 2.22873,
  "bag_xrp": 4.48686e-7,
  "timestamp": "2025-11-07T05:50:33.787Z"
}
