{
  "bag_usd": 0.000001,
  "xrp_usd": 2.28626,
  "bag_xrp": 4.37396e-7,
  "timestamp": "2025-11-14T09:31:01.630Z"
}
