{
  "bag_usd": 0.000001,
  "xrp_usd": 2.40918,
  "bag_xrp": 4.15079e-7,
  "timestamp": "2025-10-19T14:44:07.570Z"
}
