{
  "bag_usd": 0.000001,
  "xrp_usd": 2.65405,
  "bag_xrp": 3.76783e-7,
  "timestamp": "2025-10-27T15:28:34.638Z"
}
