{
  "bag_usd": 0.000001,
  "xrp_usd": 2.527,
  "bag_xrp": 3.95726e-7,
  "timestamp": "2025-11-10T15:31:21.519Z"
}
