{
  "bag_usd": 0.000001,
  "xrp_usd": 2.36444,
  "bag_xrp": 4.22933e-7,
  "timestamp": "2025-10-12T04:59:52.748Z"
}
