{
  "bag_usd": 0.000001,
  "xrp_usd": 2.47739,
  "bag_xrp": 4.03651e-7,
  "timestamp": "2025-10-20T10:30:16.026Z"
}
