{
  "bag_usd": 0.000001,
  "xrp_usd": 2.49842,
  "bag_xrp": 4.00253e-7,
  "timestamp": "2025-10-31T14:52:30.801Z"
}
