{
  "bag_usd": 0.000001,
  "xrp_usd": 2.65037,
  "bag_xrp": 3.77306e-7,
  "timestamp": "2025-10-29T11:54:34.146Z"
}
