{
  "bag_usd": 0.000001,
  "xrp_usd": 2.53423,
  "bag_xrp": 3.94597e-7,
  "timestamp": "2025-10-25T03:38:46.500Z"
}
