{
  "bag_usd": 0.000001,
  "xrp_usd": 2.50588,
  "bag_xrp": 3.99061e-7,
  "timestamp": "2025-10-20T21:24:41.079Z"
}
