{
  "bag_usd": 0.000001,
  "xrp_usd": 2.00076,
  "bag_xrp": 4.9981e-7,
  "timestamp": "2025-11-20T23:51:09.044Z"
}
