{
  "bag_usd": 0.000001,
  "xrp_usd": 1.94718,
  "bag_xrp": 5.13563e-7,
  "timestamp": "2025-11-22T01:45:51.722Z"
}
