{
  "bag_usd": 0.000001,
  "xrp_usd": 2.50425,
  "bag_xrp": 3.99321e-7,
  "timestamp": "2025-10-15T06:52:14.267Z"
}
