{
  "bag_usd": 0.000001,
  "xrp_usd": 2.49541,
  "bag_xrp": 4.00736e-7,
  "timestamp": "2025-10-15T00:44:18.614Z"
}
