{
  "bag_usd": 0.000001,
  "xrp_usd": 2.47807,
  "bag_xrp": 4.0354e-7,
  "timestamp": "2025-10-11T10:33:07.072Z"
}
