{
  "bag_usd": 0.000001,
  "xrp_usd": 2.53776,
  "bag_xrp": 3.94048e-7,
  "timestamp": "2025-10-14T05:15:36.988Z"
}
