{
  "bag_usd": 0.000001,
  "xrp_usd": 2.40764,
  "bag_xrp": 4.15344e-7,
  "timestamp": "2025-10-14T13:44:10.362Z"
}
