{
  "bag_usd": 0.000001,
  "xrp_usd": 2.6211,
  "bag_xrp": 3.81519e-7,
  "timestamp": "2025-10-27T14:46:19.338Z"
}
