{
  "bag_usd": 0.000001,
  "xrp_usd": 2.85335,
  "bag_xrp": 3.50465e-7,
  "timestamp": "2025-10-08T07:18:32.607Z"
}
