{
  "bag_usd": 0.000001,
  "xrp_usd": 2.38148,
  "bag_xrp": 4.19907e-7,
  "timestamp": "2025-10-19T10:46:29.019Z"
}
