{
  "bag_usd": 0.000001,
  "xrp_usd": 2.53406,
  "bag_xrp": 3.94624e-7,
  "timestamp": "2025-10-15T08:37:03.368Z"
}
