{
  "bag_usd": 0.000001,
  "xrp_usd": 2.28604,
  "bag_xrp": 4.37438e-7,
  "timestamp": "2025-11-08T21:48:54.631Z"
}
