{
  "bag_usd": 0.000001,
  "xrp_usd": 2.52486,
  "bag_xrp": 3.96062e-7,
  "timestamp": "2025-11-10T15:47:36.636Z"
}
