{
  "bag_usd": 0.000001,
  "xrp_usd": 2.36442,
  "bag_xrp": 4.22937e-7,
  "timestamp": "2025-10-18T18:48:23.387Z"
}
