{
  "bag_usd": 0.000001,
  "xrp_usd": 2.20688,
  "bag_xrp": 4.53128e-7,
  "timestamp": "2025-11-25T14:41:02.621Z"
}
