{
  "bag_usd": 0.000001,
  "xrp_usd": 2.42905,
  "bag_xrp": 4.11684e-7,
  "timestamp": "2025-10-30T23:23:59.119Z"
}
