{
  "bag_usd": 0.000001,
  "xrp_usd": 2.24518,
  "bag_xrp": 4.45399e-7,
  "timestamp": "2025-11-17T13:29:06.330Z"
}
