{
  "bag_usd": 0.000001,
  "xrp_usd": 2.46702,
  "bag_xrp": 4.05347e-7,
  "timestamp": "2025-10-14T09:15:36.038Z"
}
