{
  "bag_usd": 0.000001,
  "xrp_usd": 2.14249,
  "bag_xrp": 4.66747e-7,
  "timestamp": "2025-11-19T06:16:45.040Z"
}
