{
  "bag_usd": 0.000001,
  "xrp_usd": 2.58352,
  "bag_xrp": 3.87069e-7,
  "timestamp": "2025-10-13T15:27:15.719Z"
}
