{
  "bag_usd": 0.000001,
  "xrp_usd": 2.29916,
  "bag_xrp": 4.34941e-7,
  "timestamp": "2025-11-13T21:14:45.580Z"
}
