{
  "bag_usd": 0.000001,
  "xrp_usd": 2.28456,
  "bag_xrp": 4.37721e-7,
  "timestamp": "2025-11-08T23:53:55.578Z"
}
