{
  "bag_usd": 0.000001,
  "xrp_usd": 2.46049,
  "bag_xrp": 4.06423e-7,
  "timestamp": "2025-10-21T14:21:42.610Z"
}
