{
  "bag_usd": 0.000001,
  "xrp_usd": 2.22947,
  "bag_xrp": 4.48537e-7,
  "timestamp": "2025-11-07T03:08:40.253Z"
}
