{
  "bag_usd": 0.000001,
  "xrp_usd": 2.37315,
  "bag_xrp": 4.21381e-7,
  "timestamp": "2025-11-12T21:30:00.557Z"
}
