{
  "bag_usd": 0.000001,
  "xrp_usd": 2.40282,
  "bag_xrp": 4.16178e-7,
  "timestamp": "2025-11-11T23:16:23.422Z"
}
