{
  "bag_usd": 0.000001,
  "xrp_usd": 2.46515,
  "bag_xrp": 4.05655e-7,
  "timestamp": "2025-10-21T02:02:24.223Z"
}
