{
  "bag_usd": 0.000001,
  "xrp_usd": 2.18745,
  "bag_xrp": 4.57153e-7,
  "timestamp": "2025-11-26T05:17:01.067Z"
}
