{
  "bag_usd": 0.000001,
  "xrp_usd": 2.52314,
  "bag_xrp": 3.96332e-7,
  "timestamp": "2025-11-02T06:50:45.715Z"
}
