{
  "bag_usd": 0.000001,
  "xrp_usd": 2.64863,
  "bag_xrp": 3.77554e-7,
  "timestamp": "2025-10-29T11:28:17.230Z"
}
