{
  "bag_usd": 0.000001,
  "xrp_usd": 2.46155,
  "bag_xrp": 4.06248e-7,
  "timestamp": "2025-10-20T09:30:29.168Z"
}
