{
  "bag_usd": 0.000001,
  "xrp_usd": 2.24583,
  "bag_xrp": 4.4527e-7,
  "timestamp": "2025-11-05T13:25:54.684Z"
}
