{
  "bag_usd": 0.000001,
  "xrp_usd": 2.80479,
  "bag_xrp": 3.56533e-7,
  "timestamp": "2025-10-09T09:27:26.584Z"
}
