{
  "bag_usd": 0.000001,
  "xrp_usd": 2.61095,
  "bag_xrp": 3.83002e-7,
  "timestamp": "2025-10-13T22:56:06.195Z"
}
