{
  "bag_usd": 0.000001,
  "xrp_usd": 2.40954,
  "bag_xrp": 4.15017e-7,
  "timestamp": "2025-10-23T19:53:24.601Z"
}
