{
  "bag_usd": 0.000001,
  "xrp_usd": 2.23751,
  "bag_xrp": 4.46925e-7,
  "timestamp": "2025-11-25T04:03:57.735Z"
}
