{
  "bag_usd": 0.000001,
  "xrp_usd": 2.39585,
  "bag_xrp": 4.17388e-7,
  "timestamp": "2025-10-12T09:27:54.452Z"
}
