{
  "bag_usd": 0.000001,
  "xrp_usd": 2.6154,
  "bag_xrp": 3.82351e-7,
  "timestamp": "2025-10-29T18:53:34.930Z"
}
