{
  "bag_usd": 0.000001,
  "xrp_usd": 2.2848,
  "bag_xrp": 4.37675e-7,
  "timestamp": "2025-10-17T16:56:50.294Z"
}
