{
  "bag_usd": 0.000001,
  "xrp_usd": 1.95188,
  "bag_xrp": 5.12327e-7,
  "timestamp": "2025-11-22T23:49:48.385Z"
}
