{
  "bag_usd": 0.000001,
  "xrp_usd": 2.02087,
  "bag_xrp": 4.94836e-7,
  "timestamp": "2025-11-20T23:24:10.905Z"
}
