{
  "bag_usd": 0.000001,
  "xrp_usd": 2.396,
  "bag_xrp": 4.17362e-7,
  "timestamp": "2025-10-12T11:54:19.654Z"
}
