{
  "bag_usd": 0.000001,
  "xrp_usd": 2.84295,
  "bag_xrp": 3.51747e-7,
  "timestamp": "2025-10-09T04:41:36.064Z"
}
