{
  "bag_usd": 0.000001,
  "xrp_usd": 2.49073,
  "bag_xrp": 4.01489e-7,
  "timestamp": "2025-10-31T05:34:21.892Z"
}
