{
  "bag_usd": 0.000001,
  "xrp_usd": 2.5891,
  "bag_xrp": 3.86235e-7,
  "timestamp": "2025-10-29T19:53:10.809Z"
}
