{
  "bag_usd": 0.000001,
  "xrp_usd": 2.26746,
  "bag_xrp": 4.41022e-7,
  "timestamp": "2025-11-06T14:41:35.172Z"
}
