{
  "bag_usd": 0.000001,
  "xrp_usd": 2.42695,
  "bag_xrp": 4.1204e-7,
  "timestamp": "2025-10-15T17:45:50.752Z"
}
