{
  "bag_usd": 0.000001,
  "xrp_usd": 2.48936,
  "bag_xrp": 4.0171e-7,
  "timestamp": "2025-10-20T23:22:03.115Z"
}
