{
  "bag_usd": 0.000001,
  "xrp_usd": 2.27721,
  "bag_xrp": 4.39134e-7,
  "timestamp": "2025-11-16T10:18:43.400Z"
}
