{
  "bag_usd": 0.000001,
  "xrp_usd": 2.19625,
  "bag_xrp": 4.55322e-7,
  "timestamp": "2025-11-16T21:43:38.328Z"
}
