{
  "bag_usd": 0.000001,
  "xrp_usd": 2.13844,
  "bag_xrp": 4.67631e-7,
  "timestamp": "2025-11-20T05:58:02.252Z"
}
