{
  "bag_usd": 0.000001,
  "xrp_usd": 2.33048,
  "bag_xrp": 4.29096e-7,
  "timestamp": "2025-11-03T15:58:30.770Z"
}
