{
  "bag_usd": 0.000001,
  "xrp_usd": 2.25296,
  "bag_xrp": 4.43861e-7,
  "timestamp": "2025-11-04T09:53:53.179Z"
}
