{
  "bag_usd": 0.000001,
  "xrp_usd": 2.87339,
  "bag_xrp": 3.48021e-7,
  "timestamp": "2025-10-07T22:35:00.017Z"
}
