{
  "bag_usd": 0.000001,
  "xrp_usd": 2.4362,
  "bag_xrp": 4.10475e-7,
  "timestamp": "2025-10-30T23:49:33.842Z"
}
