{
  "bag_usd": 0.000001,
  "xrp_usd": 2.49379,
  "bag_xrp": 4.00996e-7,
  "timestamp": "2025-10-15T04:31:03.206Z"
}
