{
  "bag_usd": 0.000001,
  "xrp_usd": 2.4638,
  "bag_xrp": 4.05877e-7,
  "timestamp": "2025-10-20T09:46:10.142Z"
}
