{
  "bag_usd": 0.000001,
  "xrp_usd": 1.93101,
  "bag_xrp": 5.17864e-7,
  "timestamp": "2025-11-22T19:23:45.648Z"
}
