{
  "bag_usd": 0.000001,
  "xrp_usd": 2.8736,
  "bag_xrp": 3.47996e-7,
  "timestamp": "2025-10-07T18:23:37.501Z"
}
