{
  "bag_usd": 0.000001,
  "xrp_usd": 2.20237,
  "bag_xrp": 4.54056e-7,
  "timestamp": "2025-11-07T15:09:55.714Z"
}
