{
  "bag_usd": 0.000001,
  "xrp_usd": 2.34925,
  "bag_xrp": 4.25668e-7,
  "timestamp": "2025-10-19T08:15:44.458Z"
}
