{
  "bag_usd": 0.000001,
  "xrp_usd": 2.44955,
  "bag_xrp": 4.08238e-7,
  "timestamp": "2025-10-31T00:46:10.983Z"
}
