{
  "bag_usd": 0.000001,
  "xrp_usd": 2.37289,
  "bag_xrp": 4.21427e-7,
  "timestamp": "2025-11-09T23:16:59.163Z"
}
