{
  "bag_usd": 0.000001,
  "xrp_usd": 2.44929,
  "bag_xrp": 4.08282e-7,
  "timestamp": "2025-10-11T13:00:29.543Z"
}
