{
  "bag_usd": 0.000001,
  "xrp_usd": 2.54973,
  "bag_xrp": 3.92198e-7,
  "timestamp": "2025-11-10T19:22:26.500Z"
}
