{
  "bag_usd": 0.000001,
  "xrp_usd": 2.17338,
  "bag_xrp": 4.60113e-7,
  "timestamp": "2025-11-16T17:31:04.149Z"
}
