{
  "bag_usd": 0.000001,
  "xrp_usd": 1.92937,
  "bag_xrp": 5.18304e-7,
  "timestamp": "2025-11-22T20:32:08.742Z"
}
