{
  "bag_usd": 0.000001,
  "xrp_usd": 2.55686,
  "bag_xrp": 3.91105e-7,
  "timestamp": "2025-10-13T04:16:03.631Z"
}
