{
  "bag_usd": 0.000001,
  "xrp_usd": 2.24329,
  "bag_xrp": 4.45774e-7,
  "timestamp": "2025-11-17T05:12:34.317Z"
}
