{
  "bag_usd": 0.000001,
  "xrp_usd": 2.60495,
  "bag_xrp": 3.83885e-7,
  "timestamp": "2025-10-25T21:33:10.325Z"
}
