{
  "bag_usd": 0.000001,
  "xrp_usd": 1.92333,
  "bag_xrp": 5.19932e-7,
  "timestamp": "2025-11-22T20:57:26.572Z"
}
