{
  "bag_usd": 0.000001,
  "xrp_usd": 2.57711,
  "bag_xrp": 3.88032e-7,
  "timestamp": "2025-10-29T20:20:17.788Z"
}
