{
  "bag_usd": 0.000001,
  "xrp_usd": 2.08201,
  "bag_xrp": 4.80305e-7,
  "timestamp": "2025-11-19T15:56:29.734Z"
}
