{
  "bag_usd": 0.000001,
  "xrp_usd": 2.60507,
  "bag_xrp": 3.83867e-7,
  "timestamp": "2025-10-25T21:20:25.558Z"
}
