{
  "bag_usd": 0.000001,
  "xrp_usd": 2.23122,
  "bag_xrp": 4.48185e-7,
  "timestamp": "2025-11-18T18:55:49.149Z"
}
