{
  "bag_usd": 0.000001,
  "xrp_usd": 2.19081,
  "bag_xrp": 4.56452e-7,
  "timestamp": "2025-11-18T11:13:57.141Z"
}
