{
  "bag_usd": 0.000001,
  "xrp_usd": 2.36,
  "bag_xrp": 4.23729e-7,
  "timestamp": "2025-11-06T04:47:46.020Z"
}
