{
  "bag_usd": 0.000001,
  "xrp_usd": 1.9275,
  "bag_xrp": 5.18807e-7,
  "timestamp": "2025-11-22T04:27:45.392Z"
}
