{
  "bag_usd": 0.000001,
  "xrp_usd": 2.61547,
  "bag_xrp": 3.8234e-7,
  "timestamp": "2025-10-25T20:32:07.393Z"
}
