{
  "bag_usd": 0.000001,
  "xrp_usd": 2.35645,
  "bag_xrp": 4.24367e-7,
  "timestamp": "2025-10-18T09:53:55.857Z"
}
