{
  "bag_usd": 0.000001,
  "xrp_usd": 2.62679,
  "bag_xrp": 3.80693e-7,
  "timestamp": "2025-10-13T09:18:09.336Z"
}
