{
  "bag_usd": 0.000001,
  "xrp_usd": 2.22179,
  "bag_xrp": 4.50088e-7,
  "timestamp": "2025-11-07T07:42:26.341Z"
}
