{
  "bag_usd": 0.000001,
  "xrp_usd": 2.27303,
  "bag_xrp": 4.39941e-7,
  "timestamp": "2025-11-17T11:31:18.500Z"
}
