{
  "bag_usd": 0.000001,
  "xrp_usd": 2.66093,
  "bag_xrp": 3.75808e-7,
  "timestamp": "2025-10-28T19:18:20.002Z"
}
