{
  "bag_usd": 0.000001,
  "xrp_usd": 2.46475,
  "bag_xrp": 4.05721e-7,
  "timestamp": "2025-10-21T22:14:31.527Z"
}
