{
  "bag_usd": 0.000001,
  "xrp_usd": 2.36345,
  "bag_xrp": 4.2311e-7,
  "timestamp": "2025-10-18T11:34:06.220Z"
}
