{
  "bag_usd": 0.000001,
  "xrp_usd": 2.40399,
  "bag_xrp": 4.15975e-7,
  "timestamp": "2025-11-11T22:41:31.733Z"
}
