{
  "bag_usd": 0.000001,
  "xrp_usd": 2.45308,
  "bag_xrp": 4.07651e-7,
  "timestamp": "2025-10-24T10:46:29.321Z"
}
