{
  "bag_usd": 0.000001,
  "xrp_usd": 2.19774,
  "bag_xrp": 4.55013e-7,
  "timestamp": "2025-11-16T22:20:35.598Z"
}
