{
  "bag_usd": 0.000001,
  "xrp_usd": 2.23709,
  "bag_xrp": 4.47009e-7,
  "timestamp": "2025-11-18T20:29:26.003Z"
}
