{
  "bag_usd": 0.000001,
  "xrp_usd": 2.63367,
  "bag_xrp": 3.79698e-7,
  "timestamp": "2025-10-26T11:33:00.707Z"
}
