{
  "bag_usd": 0.000001,
  "xrp_usd": 2.91948,
  "bag_xrp": 3.42527e-7,
  "timestamp": "2025-10-08T17:30:42.802Z"
}
