{
  "bag_usd": 0.000001,
  "xrp_usd": 2.612,
  "bag_xrp": 3.82848e-7,
  "timestamp": "2025-10-25T15:23:53.633Z"
}
