{
  "bag_usd": 0.000001,
  "xrp_usd": 2.17307,
  "bag_xrp": 4.60178e-7,
  "timestamp": "2025-11-25T20:00:31.387Z"
}
