{
  "bag_usd": 0.000001,
  "xrp_usd": 2.16616,
  "bag_xrp": 4.61646e-7,
  "timestamp": "2025-11-04T20:40:45.263Z"
}
