{
  "bag_usd": 0.000001,
  "xrp_usd": 2.43672,
  "bag_xrp": 4.10388e-7,
  "timestamp": "2025-11-10T03:11:14.874Z"
}
