{
  "bag_usd": 0.000001,
  "xrp_usd": 2.40383,
  "bag_xrp": 4.16003e-7,
  "timestamp": "2025-10-19T22:57:28.091Z"
}
