{
  "bag_usd": 0.000001,
  "xrp_usd": 2.61548,
  "bag_xrp": 3.82339e-7,
  "timestamp": "2025-10-27T10:33:51.407Z"
}
