{
  "bag_usd": 0.000001,
  "xrp_usd": 2.32886,
  "bag_xrp": 4.29395e-7,
  "timestamp": "2025-11-06T05:58:01.968Z"
}
