{
  "bag_usd": 0.000001,
  "xrp_usd": 1.917,
  "bag_xrp": 5.21648e-7,
  "timestamp": "2025-11-22T04:44:36.853Z"
}
