{
  "bag_usd": 0.000001,
  "xrp_usd": 2.61361,
  "bag_xrp": 3.82613e-7,
  "timestamp": "2025-10-25T14:58:03.907Z"
}
