{
  "bag_usd": 0.000001,
  "xrp_usd": 2.62202,
  "bag_xrp": 3.81385e-7,
  "timestamp": "2025-10-13T18:45:31.741Z"
}
