{
  "bag_usd": 0.000001,
  "xrp_usd": 2.41299,
  "bag_xrp": 4.14424e-7,
  "timestamp": "2025-11-03T08:15:48.781Z"
}
