{
  "bag_usd": 0.000001,
  "xrp_usd": 2.23212,
  "bag_xrp": 4.48005e-7,
  "timestamp": "2025-11-15T16:30:42.175Z"
}
