{
  "bag_usd": 0.000001,
  "xrp_usd": 2.48458,
  "bag_xrp": 4.02483e-7,
  "timestamp": "2025-11-01T13:43:01.536Z"
}
