{
  "bag_usd": 0.000001,
  "xrp_usd": 2.53155,
  "bag_xrp": 3.95015e-7,
  "timestamp": "2025-11-11T03:55:34.337Z"
}
