{
  "bag_usd": 0.000001,
  "xrp_usd": 2.32154,
  "bag_xrp": 4.30749e-7,
  "timestamp": "2025-11-12T19:37:49.550Z"
}
