{
  "bag_usd": 0.000001,
  "xrp_usd": 2.0913,
  "bag_xrp": 4.78171e-7,
  "timestamp": "2025-11-20T15:57:02.718Z"
}
