{
  "bag_usd": 0.000001,
  "xrp_usd": 2.46492,
  "bag_xrp": 4.05693e-7,
  "timestamp": "2025-10-11T11:41:13.664Z"
}
