{
  "bag_usd": 0.000001,
  "xrp_usd": 2.638,
  "bag_xrp": 3.79075e-7,
  "timestamp": "2025-10-27T11:42:33.414Z"
}
