{
  "bag_usd": 0.000001,
  "xrp_usd": 2.06615,
  "bag_xrp": 4.83992e-7,
  "timestamp": "2025-11-23T22:12:12.256Z"
}
