{
  "bag_usd": 0.000001,
  "xrp_usd": 2.59451,
  "bag_xrp": 3.85429e-7,
  "timestamp": "2025-10-13T17:00:06.792Z"
}
