{
  "bag_usd": 0.000001,
  "xrp_usd": 2.3392,
  "bag_xrp": 4.27497e-7,
  "timestamp": "2025-11-09T21:48:23.507Z"
}
