{
  "bag_usd": 0.000001,
  "xrp_usd": 2.61599,
  "bag_xrp": 3.82264e-7,
  "timestamp": "2025-10-26T05:42:53.457Z"
}
