{
  "bag_usd": 0.000001,
  "xrp_usd": 2.26065,
  "bag_xrp": 4.42351e-7,
  "timestamp": "2025-11-15T17:59:23.418Z"
}
