{
  "bag_usd": 0.000001,
  "xrp_usd": 2.29913,
  "bag_xrp": 4.34947e-7,
  "timestamp": "2025-11-14T19:36:26.922Z"
}
