{
  "bag_usd": 0.000001,
  "xrp_usd": 2.4741,
  "bag_xrp": 4.04187e-7,
  "timestamp": "2025-10-21T20:36:24.823Z"
}
