{
  "bag_usd": 0.000001,
  "xrp_usd": 2.4179,
  "bag_xrp": 4.13582e-7,
  "timestamp": "2025-10-16T04:45:50.569Z"
}
