{
  "bag_usd": 0.000001,
  "xrp_usd": 2.5978,
  "bag_xrp": 3.84941e-7,
  "timestamp": "2025-10-25T18:11:43.049Z"
}
