{
  "bag_usd": 0.000001,
  "xrp_usd": 2.16737,
  "bag_xrp": 4.61389e-7,
  "timestamp": "2025-11-18T13:35:10.299Z"
}
