{
  "bag_usd": 0.000001,
  "xrp_usd": 2.55716,
  "bag_xrp": 3.91059e-7,
  "timestamp": "2025-10-14T03:38:15.508Z"
}
