{
  "bag_usd": 0.000001,
  "xrp_usd": 2.87605,
  "bag_xrp": 3.47699e-7,
  "timestamp": "2025-10-08T01:56:58.475Z"
}
