{
  "bag_usd": 0.000001,
  "xrp_usd": 2.3949,
  "bag_xrp": 4.17554e-7,
  "timestamp": "2025-10-23T23:35:48.127Z"
}
