{
  "bag_usd": 0.000001,
  "xrp_usd": 2.47885,
  "bag_xrp": 4.03413e-7,
  "timestamp": "2025-10-14T07:20:12.088Z"
}
