{
  "bag_usd": 0.000001,
  "xrp_usd": 2.91318,
  "bag_xrp": 3.43267e-7,
  "timestamp": "2025-10-08T17:44:02.958Z"
}
