{
  "bag_usd": 0.000001,
  "xrp_usd": 2.33458,
  "bag_xrp": 4.28343e-7,
  "timestamp": "2025-11-07T18:36:39.880Z"
}
