{
  "bag_usd": 0.000001,
  "xrp_usd": 2.21709,
  "bag_xrp": 4.51042e-7,
  "timestamp": "2025-11-27T16:58:15.708Z"
}
