{
  "bag_usd": 0.000001,
  "xrp_usd": 2.26148,
  "bag_xrp": 4.42188e-7,
  "timestamp": "2025-11-04T09:20:50.272Z"
}
