{
  "bag_usd": 0.000001,
  "xrp_usd": 2.52209,
  "bag_xrp": 3.96497e-7,
  "timestamp": "2025-11-10T21:44:05.340Z"
}
