{
  "bag_usd": 0.000001,
  "xrp_usd": 2.20137,
  "bag_xrp": 4.54263e-7,
  "timestamp": "2025-11-25T17:45:36.509Z"
}
