{
  "bag_usd": 0.000001,
  "xrp_usd": 2.41489,
  "bag_xrp": 4.14098e-7,
  "timestamp": "2025-11-03T07:37:46.855Z"
}
