{
  "bag_usd": 0.000001,
  "xrp_usd": 2.2483,
  "bag_xrp": 4.44781e-7,
  "timestamp": "2025-11-17T05:50:02.261Z"
}
