{
  "bag_usd": 0.000001,
  "xrp_usd": 2.42746,
  "bag_xrp": 4.11953e-7,
  "timestamp": "2025-10-21T07:58:08.111Z"
}
