{
  "bag_usd": 0.000001,
  "xrp_usd": 2.43482,
  "bag_xrp": 4.10708e-7,
  "timestamp": "2025-10-11T07:28:04.530Z"
}
