{
  "bag_usd": 0.000001,
  "xrp_usd": 2.5172,
  "bag_xrp": 3.97267e-7,
  "timestamp": "2025-10-21T15:37:11.449Z"
}
