{
  "bag_usd": 0.000001,
  "xrp_usd": 2.43256,
  "bag_xrp": 4.1109e-7,
  "timestamp": "2025-10-15T17:57:41.205Z"
}
