{
  "bag_usd": 0.000001,
  "xrp_usd": 2.51463,
  "bag_xrp": 3.97673e-7,
  "timestamp": "2025-11-02T05:26:35.928Z"
}
