{
  "bag_usd": 0.000001,
  "xrp_usd": 2.64924,
  "bag_xrp": 3.77467e-7,
  "timestamp": "2025-10-26T13:35:01.918Z"
}
