{
  "bag_usd": 0.000001,
  "xrp_usd": 2.22638,
  "bag_xrp": 4.4916e-7,
  "timestamp": "2025-11-26T21:38:45.216Z"
}
