{
  "bag_usd": 0.000001,
  "xrp_usd": 2.45599,
  "bag_xrp": 4.07168e-7,
  "timestamp": "2025-11-10T05:16:47.474Z"
}
