{
  "bag_usd": 0.000001,
  "xrp_usd": 2.34399,
  "bag_xrp": 4.26623e-7,
  "timestamp": "2025-11-12T17:49:58.767Z"
}
