{
  "bag_usd": 0.000001,
  "xrp_usd": 2.1425,
  "bag_xrp": 4.66744e-7,
  "timestamp": "2025-11-17T21:31:37.864Z"
}
