{
  "bag_usd": 0.000001,
  "xrp_usd": 3.00486,
  "bag_xrp": 3.32794e-7,
  "timestamp": "2025-10-06T21:22:44.835Z"
}
