{
  "bag_usd": 0.000001,
  "xrp_usd": 1.95593,
  "bag_xrp": 5.11266e-7,
  "timestamp": "2025-10-10T21:22:03.278Z"
}
