{
  "bag_usd": 0.000001,
  "xrp_usd": 2.37125,
  "bag_xrp": 4.21719e-7,
  "timestamp": "2025-10-12T04:48:10.651Z"
}
