{
  "bag_usd": 0.000001,
  "xrp_usd": 2.18265,
  "bag_xrp": 4.58159e-7,
  "timestamp": "2025-11-29T09:57:30.374Z"
}
