{
  "bag_usd": 0.000001,
  "xrp_usd": 2.25563,
  "bag_xrp": 4.43335e-7,
  "timestamp": "2025-11-15T10:35:00.853Z"
}
