{
  "bag_usd": 0.000001,
  "xrp_usd": 2.40732,
  "bag_xrp": 4.154e-7,
  "timestamp": "2025-10-21T08:37:19.912Z"
}
