{
  "bag_usd": 0.000001,
  "xrp_usd": 2.56995,
  "bag_xrp": 3.89113e-7,
  "timestamp": "2025-10-30T09:29:06.065Z"
}
