{
  "bag_usd": 0.000001,
  "xrp_usd": 2.20802,
  "bag_xrp": 4.52894e-7,
  "timestamp": "2025-11-18T21:49:50.425Z"
}
