{
  "bag_usd": 0.000001,
  "xrp_usd": 2.82255,
  "bag_xrp": 3.5429e-7,
  "timestamp": "2025-10-10T05:43:04.083Z"
}
