{
  "bag_usd": 0.000001,
  "xrp_usd": 2.34441,
  "bag_xrp": 4.26547e-7,
  "timestamp": "2025-11-09T22:53:44.784Z"
}
