{
  "bag_usd": 0.000001,
  "xrp_usd": 2.37397,
  "bag_xrp": 4.21235e-7,
  "timestamp": "2025-10-16T15:45:38.048Z"
}
