{
  "bag_usd": 0.000001,
  "xrp_usd": 2.69056,
  "bag_xrp": 3.7167e-7,
  "timestamp": "2025-10-10T20:33:35.194Z"
}
