{
  "bag_usd": 0.000001,
  "xrp_usd": 2.58662,
  "bag_xrp": 3.86605e-7,
  "timestamp": "2025-10-13T15:55:15.342Z"
}
