{
  "bag_usd": 0.000001,
  "xrp_usd": 2.49506,
  "bag_xrp": 4.00792e-7,
  "timestamp": "2025-10-14T22:47:52.388Z"
}
