{
  "bag_usd": 0.000001,
  "xrp_usd": 2.00443,
  "bag_xrp": 4.98895e-7,
  "timestamp": "2025-11-20T23:39:02.303Z"
}
