{
  "bag_usd": 0.000001,
  "xrp_usd": 2.31281,
  "bag_xrp": 4.32374e-7,
  "timestamp": "2025-11-14T15:45:58.519Z"
}
