{
  "bag_usd": 0.000001,
  "xrp_usd": 2.45659,
  "bag_xrp": 4.07068e-7,
  "timestamp": "2025-10-11T14:11:27.544Z"
}
