{
  "bag_usd": 0.000001,
  "xrp_usd": 2.20222,
  "bag_xrp": 4.54087e-7,
  "timestamp": "2025-11-24T18:27:53.094Z"
}
