{
  "bag_usd": 0.000001,
  "xrp_usd": 2.20695,
  "bag_xrp": 4.53114e-7,
  "timestamp": "2025-11-28T06:22:41.326Z"
}
