{
  "bag_usd": 0.000001,
  "xrp_usd": 2.59742,
  "bag_xrp": 3.84997e-7,
  "timestamp": "2025-10-28T20:25:18.928Z"
}
