{
  "bag_usd": 0.000001,
  "xrp_usd": 2.97505,
  "bag_xrp": 3.36129e-7,
  "timestamp": "2025-10-07T11:53:32.477Z"
}
