{
  "bag_usd": 0.000001,
  "xrp_usd": 2.27271,
  "bag_xrp": 4.40003e-7,
  "timestamp": "2025-11-08T14:33:51.211Z"
}
