{
  "bag_usd": 0.000001,
  "xrp_usd": 2.21395,
  "bag_xrp": 4.51681e-7,
  "timestamp": "2025-11-29T15:41:34.689Z"
}
