{
  "bag_usd": 0.000001,
  "xrp_usd": 2.46665,
  "bag_xrp": 4.05408e-7,
  "timestamp": "2025-10-20T10:59:37.759Z"
}
