{
  "bag_usd": 0.000001,
  "xrp_usd": 2.32004,
  "bag_xrp": 4.31027e-7,
  "timestamp": "2025-11-08T06:51:37.682Z"
}
