{
  "bag_usd": 0.000001,
  "xrp_usd": 2.51579,
  "bag_xrp": 3.97489e-7,
  "timestamp": "2025-11-02T23:36:23.087Z"
}
