{
  "bag_usd": 0.000001,
  "xrp_usd": 2.05517,
  "bag_xrp": 4.86578e-7,
  "timestamp": "2025-11-24T11:36:43.065Z"
}
