{
  "bag_usd": 0.000001,
  "xrp_usd": 2.37357,
  "bag_xrp": 4.21306e-7,
  "timestamp": "2025-10-12T05:25:39.635Z"
}
