{
  "bag_usd": 0.000001,
  "xrp_usd": 2.55778,
  "bag_xrp": 3.90964e-7,
  "timestamp": "2025-10-25T04:22:18.159Z"
}
