{
  "bag_usd": 0.000001,
  "xrp_usd": 2.4391,
  "bag_xrp": 4.09987e-7,
  "timestamp": "2025-11-11T15:40:17.821Z"
}
