{
  "bag_usd": 0.000001,
  "xrp_usd": 2.32555,
  "bag_xrp": 4.30006e-7,
  "timestamp": "2025-11-06T08:24:38.948Z"
}
