{
  "bag_usd": 0.000001,
  "xrp_usd": 2.22574,
  "bag_xrp": 4.49289e-7,
  "timestamp": "2025-11-28T08:37:57.997Z"
}
