{
  "bag_usd": 0.000001,
  "xrp_usd": 0.81,
  "bag_xrp": 0.0000012346,
  "timestamp": "2025-10-06T04:35:00Z"
}
