{
  "bag_usd": 0.000001,
  "xrp_usd": 2.2841,
  "bag_xrp": 4.37809e-7,
  "timestamp": "2025-10-17T17:49:12.052Z"
}
