{
  "bag_usd": 0.000001,
  "xrp_usd": 2.2109,
  "bag_xrp": 4.52304e-7,
  "timestamp": "2025-11-27T07:21:10.989Z"
}
