{
  "bag_usd": 0.000001,
  "xrp_usd": 2.26,
  "bag_xrp": 4.42478e-7,
  "timestamp": "2025-11-28T15:36:59.265Z"
}
