{
  "bag_usd": 0.000001,
  "xrp_usd": 2.21147,
  "bag_xrp": 4.52188e-7,
  "timestamp": "2025-11-27T17:24:57.904Z"
}
