{
  "bag_usd": 0.000001,
  "xrp_usd": 2.32092,
  "bag_xrp": 4.30864e-7,
  "timestamp": "2025-11-08T03:53:37.061Z"
}
