{
  "bag_usd": 0.000001,
  "xrp_usd": 2.37405,
  "bag_xrp": 4.21221e-7,
  "timestamp": "2025-10-18T11:46:06.878Z"
}
