{
  "bag_usd": 0.000001,
  "xrp_usd": 2.36261,
  "bag_xrp": 4.23261e-7,
  "timestamp": "2025-10-18T10:36:27.845Z"
}
