{
  "bag_usd": 0.000001,
  "xrp_usd": 2.53334,
  "bag_xrp": 3.94736e-7,
  "timestamp": "2025-11-02T07:52:39.929Z"
}
