{
  "bag_usd": 0.000001,
  "xrp_usd": 2.07447,
  "bag_xrp": 4.82051e-7,
  "timestamp": "2025-11-24T14:29:00.330Z"
}
