{
  "bag_usd": 0.000001,
  "xrp_usd": 3.00585,
  "bag_xrp": 3.32685e-7,
  "timestamp": "2025-10-06T21:36:20.852Z"
}
