{
  "bag_usd": 0.000001,
  "xrp_usd": 2.39025,
  "bag_xrp": 4.18366e-7,
  "timestamp": "2025-10-12T06:54:13.942Z"
}
