{
  "bag_usd": 0.000001,
  "xrp_usd": 2.23133,
  "bag_xrp": 4.48163e-7,
  "timestamp": "2025-11-18T18:35:17.392Z"
}
