{
  "bag_usd": 0.000001,
  "xrp_usd": 2.9951,
  "bag_xrp": 3.33879e-7,
  "timestamp": "2025-10-06T09:19:28.097Z"
}
