{
  "bag_usd": 0.000001,
  "xrp_usd": 2.55495,
  "bag_xrp": 3.91397e-7,
  "timestamp": "2025-11-10T11:28:38.800Z"
}
