{
  "bag_usd": 0.000001,
  "xrp_usd": 2.96935,
  "bag_xrp": 3.36774e-7,
  "timestamp": "2025-10-06T07:46:54.443Z"
}
