{
  "bag_usd": 0.000001,
  "xrp_usd": 2.19795,
  "bag_xrp": 4.54969e-7,
  "timestamp": "2025-11-29T14:15:29.947Z"
}
