{
  "bag_usd": 0.000001,
  "xrp_usd": 2.47793,
  "bag_xrp": 4.03563e-7,
  "timestamp": "2025-10-14T19:43:24.027Z"
}
