{
  "bag_usd": 0.000001,
  "xrp_usd": 2.3454,
  "bag_xrp": 4.26367e-7,
  "timestamp": "2025-11-05T23:53:40.728Z"
}
