{
  "bag_usd": 0.000001,
  "xrp_usd": 2.20425,
  "bag_xrp": 4.53669e-7,
  "timestamp": "2025-11-25T12:41:37.872Z"
}
