{
  "bag_usd": 0.000001,
  "xrp_usd": 2.95345,
  "bag_xrp": 3.38587e-7,
  "timestamp": "2025-10-07T13:55:00.410Z"
}
