{
  "bag_usd": 0.000001,
  "xrp_usd": 2.47935,
  "bag_xrp": 4.03332e-7,
  "timestamp": "2025-10-11T18:45:26.602Z"
}
