{
  "bag_usd": 0.000001,
  "xrp_usd": 2.3049,
  "bag_xrp": 4.33858e-7,
  "timestamp": "2025-11-13T20:52:05.904Z"
}
