{
  "bag_usd": 0.000001,
  "xrp_usd": 2.50725,
  "bag_xrp": 3.98843e-7,
  "timestamp": "2025-11-01T10:56:27.171Z"
}
