{
  "bag_usd": 0.000001,
  "xrp_usd": 2.30182,
  "bag_xrp": 4.34439e-7,
  "timestamp": "2025-11-03T23:31:37.477Z"
}
