{
  "bag_usd": 0.000001,
  "xrp_usd": 2.26025,
  "bag_xrp": 4.42429e-7,
  "timestamp": "2025-11-06T15:20:04.199Z"
}
