{
  "bag_usd": 0.000001,
  "xrp_usd": 2.90639,
  "bag_xrp": 3.44069e-7,
  "timestamp": "2025-10-08T19:52:40.104Z"
}
