{
  "bag_usd": 0.000001,
  "xrp_usd": 2.63585,
  "bag_xrp": 3.79384e-7,
  "timestamp": "2025-10-28T03:28:14.437Z"
}
