{
  "bag_usd": 0.000001,
  "xrp_usd": 2.18608,
  "bag_xrp": 4.5744e-7,
  "timestamp": "2025-11-28T19:21:31.685Z"
}
