{
  "bag_usd": 0.000001,
  "xrp_usd": 2.42318,
  "bag_xrp": 4.12681e-7,
  "timestamp": "2025-10-21T04:58:43.406Z"
}
