{
  "bag_usd": 0.000001,
  "xrp_usd": 2.629,
  "bag_xrp": 3.80373e-7,
  "timestamp": "2025-10-29T16:56:41.049Z"
}
