{
  "bag_usd": 0.000001,
  "xrp_usd": 2.30719,
  "bag_xrp": 4.33428e-7,
  "timestamp": "2025-11-13T20:39:00.932Z"
}
