{
  "bag_usd": 0.000001,
  "xrp_usd": 2.23701,
  "bag_xrp": 4.47025e-7,
  "timestamp": "2025-11-24T21:17:44.784Z"
}
