{
  "bag_usd": 0.000001,
  "xrp_usd": 2.20633,
  "bag_xrp": 4.53241e-7,
  "timestamp": "2025-11-27T07:50:19.564Z"
}
