{
  "bag_usd": 0.000001,
  "xrp_usd": 2.2006,
  "bag_xrp": 4.54422e-7,
  "timestamp": "2025-11-27T23:52:02.997Z"
}
