{
  "bag_usd": 0.000001,
  "xrp_usd": 2.2083,
  "bag_xrp": 4.52837e-7,
  "timestamp": "2025-11-28T13:41:43.224Z"
}
