{
  "bag_usd": 0.000001,
  "xrp_usd": 2.17666,
  "bag_xrp": 4.59419e-7,
  "timestamp": "2025-11-28T17:49:56.184Z"
}
