{
  "bag_usd": 0.000001,
  "xrp_usd": 2.3932,
  "bag_xrp": 4.17851e-7,
  "timestamp": "2025-10-23T23:48:02.480Z"
}
