{
  "bag_usd": 0.000001,
  "xrp_usd": 2.50303,
  "bag_xrp": 3.99516e-7,
  "timestamp": "2025-11-02T17:28:26.220Z"
}
