{
  "bag_usd": 0.000001,
  "xrp_usd": 2.2439,
  "bag_xrp": 4.45653e-7,
  "timestamp": "2025-11-24T21:35:21.120Z"
}
