{
  "bag_usd": 0.000001,
  "xrp_usd": 2.20913,
  "bag_xrp": 4.52667e-7,
  "timestamp": "2025-11-06T23:55:48.195Z"
}
