{
  "bag_usd": 0.000001,
  "xrp_usd": 2.3592,
  "bag_xrp": 4.23872e-7,
  "timestamp": "2025-10-19T04:38:15.902Z"
}
