{
  "bag_usd": 0.000001,
  "xrp_usd": 2.18445,
  "bag_xrp": 4.57781e-7,
  "timestamp": "2025-11-25T15:56:32.196Z"
}
