{
  "bag_usd": 0.000001,
  "xrp_usd": 2.18123,
  "bag_xrp": 4.58457e-7,
  "timestamp": "2025-11-27T13:28:21.045Z"
}
