{
  "bag_usd": 0.000001,
  "xrp_usd": 2.4889,
  "bag_xrp": 4.01784e-7,
  "timestamp": "2025-10-15T11:22:26.867Z"
}
