{
  "bag_usd": 0.000001,
  "xrp_usd": 2.35992,
  "bag_xrp": 4.23743e-7,
  "timestamp": "2025-10-18T21:00:01.617Z"
}
