{
  "bag_usd": 0.000001,
  "xrp_usd": 2.09068,
  "bag_xrp": 4.78313e-7,
  "timestamp": "2025-11-19T21:54:19.453Z"
}
