{
  "bag_usd": 0.000001,
  "xrp_usd": 2.04518,
  "bag_xrp": 4.88955e-7,
  "timestamp": "2025-11-20T22:31:58.461Z"
}
