{
  "bag_usd": 0.000001,
  "xrp_usd": 2.14275,
  "bag_xrp": 4.6669e-7,
  "timestamp": "2025-11-19T06:47:36.496Z"
}
