{
  "bag_usd": 0.000001,
  "xrp_usd": 2.50649,
  "bag_xrp": 3.98964e-7,
  "timestamp": "2025-11-10T15:00:30.746Z"
}
