{
  "bag_usd": 0.000001,
  "xrp_usd": 2.6357,
  "bag_xrp": 3.79406e-7,
  "timestamp": "2025-10-26T22:19:04.324Z"
}
