{
  "bag_usd": 0.000001,
  "xrp_usd": 2.60819,
  "bag_xrp": 3.83408e-7,
  "timestamp": "2025-10-29T21:44:23.735Z"
}
