{
  "bag_usd": 0.000001,
  "xrp_usd": 2.33002,
  "bag_xrp": 4.29181e-7,
  "timestamp": "2025-11-12T19:23:13.525Z"
}
