{
  "bag_usd": 0.000001,
  "xrp_usd": 2.64627,
  "bag_xrp": 3.7789e-7,
  "timestamp": "2025-10-26T22:49:25.243Z"
}
