{
  "bag_usd": 0.000001,
  "xrp_usd": 1.94393,
  "bag_xrp": 5.14422e-7,
  "timestamp": "2025-11-21T19:52:53.909Z"
}
