{
  "bag_usd": 0.000001,
  "xrp_usd": 2.47983,
  "bag_xrp": 4.03253e-7,
  "timestamp": "2025-10-31T08:42:45.767Z"
}
