{
  "bag_usd": 0.000001,
  "xrp_usd": 2.41235,
  "bag_xrp": 4.14534e-7,
  "timestamp": "2025-10-23T15:55:08.338Z"
}
