{
  "bag_usd": 0.000001,
  "xrp_usd": 2.48675,
  "bag_xrp": 4.02131e-7,
  "timestamp": "2025-11-10T07:44:27.283Z"
}
