{
  "bag_usd": 0.000001,
  "xrp_usd": 2.22661,
  "bag_xrp": 4.49113e-7,
  "timestamp": "2025-11-05T08:36:12.344Z"
}
