{
  "bag_usd": 0.000001,
  "xrp_usd": 3.00095,
  "bag_xrp": 3.33228e-7,
  "timestamp": "2025-10-06T22:52:13.162Z"
}
