{
  "bag_usd": 0.000001,
  "xrp_usd": 2.39999,
  "bag_xrp": 4.16668e-7,
  "timestamp": "2025-10-19T19:58:25.597Z"
}
