{
  "bag_usd": 0.000001,
  "xrp_usd": 2.28959,
  "bag_xrp": 4.36759e-7,
  "timestamp": "2025-10-17T11:20:13.319Z"
}
