{
  "bag_usd": 0.000001,
  "xrp_usd": 2.0294,
  "bag_xrp": 4.92756e-7,
  "timestamp": "2025-11-23T11:39:08.064Z"
}
