{
  "bag_usd": 0.000001,
  "xrp_usd": 2.04617,
  "bag_xrp": 4.88718e-7,
  "timestamp": "2025-11-23T23:40:29.218Z"
}
