{
  "bag_usd": 0.000001,
  "xrp_usd": 2.2375,
  "bag_xrp": 4.46927e-7,
  "timestamp": "2025-11-06T15:54:57.194Z"
}
