{
  "bag_usd": 0.000001,
  "xrp_usd": 2.6402,
  "bag_xrp": 3.78759e-7,
  "timestamp": "2025-10-26T15:11:22.570Z"
}
