{
  "bag_usd": 0.000001,
  "xrp_usd": 2.45239,
  "bag_xrp": 4.07765e-7,
  "timestamp": "2025-10-11T08:37:11.213Z"
}
