{
  "bag_usd": 0.000001,
  "xrp_usd": 2.23455,
  "bag_xrp": 4.47517e-7,
  "timestamp": "2025-11-15T23:56:52.650Z"
}
