{
  "bag_usd": 0.000001,
  "xrp_usd": 2.61705,
  "bag_xrp": 3.8211e-7,
  "timestamp": "2025-10-29T19:28:55.075Z"
}
