{
  "bag_usd": 0.000001,
  "xrp_usd": 2.41544,
  "bag_xrp": 4.14003e-7,
  "timestamp": "2025-10-23T06:55:52.895Z"
}
