{
  "bag_usd": 0.000001,
  "xrp_usd": 2.23507,
  "bag_xrp": 4.47413e-7,
  "timestamp": "2025-10-17T09:12:01.453Z"
}
