{
  "bag_usd": 0.000001,
  "xrp_usd": 2.69729,
  "bag_xrp": 3.70742e-7,
  "timestamp": "2025-10-10T19:26:22.638Z"
}
