{
  "bag_usd": 0.000001,
  "xrp_usd": 2.62135,
  "bag_xrp": 3.81483e-7,
  "timestamp": "2025-10-28T14:48:13.835Z"
}
