{
  "bag_usd": 0.000001,
  "xrp_usd": 2.34608,
  "bag_xrp": 4.26243e-7,
  "timestamp": "2025-11-09T20:36:57.026Z"
}
