{
  "bag_usd": 0.000001,
  "xrp_usd": 2.61148,
  "bag_xrp": 3.82925e-7,
  "timestamp": "2025-10-26T20:54:30.591Z"
}
