{
  "bag_usd": 0.000001,
  "xrp_usd": 2.3632,
  "bag_xrp": 4.23155e-7,
  "timestamp": "2025-11-07T20:46:53.051Z"
}
