{
  "bag_usd": 0.000001,
  "xrp_usd": 2.06705,
  "bag_xrp": 4.83781e-7,
  "timestamp": "2025-11-23T20:35:41.005Z"
}
