{
  "bag_usd": 0.000001,
  "xrp_usd": 2.59666,
  "bag_xrp": 3.8511e-7,
  "timestamp": "2025-10-25T21:56:46.518Z"
}
