{
  "bag_usd": 0.000001,
  "xrp_usd": 2.32509,
  "bag_xrp": 4.30091e-7,
  "timestamp": "2025-10-16T23:51:37.744Z"
}
