{
  "bag_usd": 0.000001,
  "xrp_usd": 2.2677,
  "bag_xrp": 4.40975e-7,
  "timestamp": "2025-11-24T20:40:55.321Z"
}
