{
  "bag_usd": 0.000001,
  "xrp_usd": 2.4915,
  "bag_xrp": 4.01365e-7,
  "timestamp": "2025-10-20T22:33:01.907Z"
}
