{
  "bag_usd": 0.000001,
  "xrp_usd": 2.43246,
  "bag_xrp": 4.11106e-7,
  "timestamp": "2025-11-12T11:50:17.315Z"
}
