{
  "bag_usd": 0.000001,
  "xrp_usd": 2.50195,
  "bag_xrp": 3.99688e-7,
  "timestamp": "2025-10-15T10:25:07.614Z"
}
