{
  "bag_usd": 0.000001,
  "xrp_usd": 2.44638,
  "bag_xrp": 4.08767e-7,
  "timestamp": "2025-11-03T04:54:53.765Z"
}
