{
  "bag_usd": 0.000001,
  "xrp_usd": 2.50573,
  "bag_xrp": 3.99085e-7,
  "timestamp": "2025-11-01T07:56:01.853Z"
}
