{
  "bag_usd": 0.000001,
  "xrp_usd": 2.17235,
  "bag_xrp": 4.60331e-7,
  "timestamp": "2025-11-26T11:37:12.563Z"
}
