{
  "bag_usd": 0.000001,
  "xrp_usd": 2.62948,
  "bag_xrp": 3.80303e-7,
  "timestamp": "2025-10-29T16:36:54.817Z"
}
