{
  "bag_usd": 0.000001,
  "xrp_usd": 2.23749,
  "bag_xrp": 4.46929e-7,
  "timestamp": "2025-11-05T09:58:24.561Z"
}
