{
  "bag_usd": 0.000001,
  "xrp_usd": 2.61999,
  "bag_xrp": 3.81681e-7,
  "timestamp": "2025-10-25T18:39:31.202Z"
}
