{
  "bag_usd": 0.000001,
  "xrp_usd": 1.92965,
  "bag_xrp": 5.18229e-7,
  "timestamp": "2025-11-21T21:11:30.902Z"
}
