{
  "bag_usd": 0.000001,
  "xrp_usd": 2.22465,
  "bag_xrp": 4.49509e-7,
  "timestamp": "2025-11-26T22:34:53.821Z"
}
