{
  "bag_usd": 0.000001,
  "xrp_usd": 2.069,
  "bag_xrp": 4.83325e-7,
  "timestamp": "2025-11-23T21:39:06.203Z"
}
