{
  "bag_usd": 0.000001,
  "xrp_usd": 2.80299,
  "bag_xrp": 3.56762e-7,
  "timestamp": "2025-10-09T14:39:06.708Z"
}
