{
  "bag_usd": 0.000001,
  "xrp_usd": 2.2977,
  "bag_xrp": 4.35218e-7,
  "timestamp": "2025-11-06T11:46:11.993Z"
}
