{
  "bag_usd": 0.000001,
  "xrp_usd": 2.18275,
  "bag_xrp": 4.58138e-7,
  "timestamp": "2025-11-28T03:37:44.822Z"
}
