{
  "bag_usd": 0.000001,
  "xrp_usd": 2.9998,
  "bag_xrp": 3.33356e-7,
  "timestamp": "2025-10-06T11:27:02.859Z"
}
