{
  "bag_usd": 0.000001,
  "xrp_usd": 2.45958,
  "bag_xrp": 4.06573e-7,
  "timestamp": "2025-11-13T13:57:33.124Z"
}
