{
  "bag_usd": 0.000001,
  "xrp_usd": 2.49845,
  "bag_xrp": 4.00248e-7,
  "timestamp": "2025-11-01T15:59:06.192Z"
}
