{
  "bag_usd": 0.000001,
  "xrp_usd": 2.1097,
  "bag_xrp": 4.74001e-7,
  "timestamp": "2025-11-20T11:28:34.390Z"
}
