{
  "bag_usd": 0.000001,
  "xrp_usd": 2.18474,
  "bag_xrp": 4.5772e-7,
  "timestamp": "2025-11-29T04:49:41.330Z"
}
