{
  "bag_usd": 0.000001,
  "xrp_usd": 2.41115,
  "bag_xrp": 4.1474e-7,
  "timestamp": "2025-10-21T13:55:36.060Z"
}
