{
  "bag_usd": 0.000001,
  "xrp_usd": 2.5001,
  "bag_xrp": 3.99984e-7,
  "timestamp": "2025-11-01T09:38:46.206Z"
}
