{
  "bag_usd": 0.000001,
  "xrp_usd": 2.62972,
  "bag_xrp": 3.80269e-7,
  "timestamp": "2025-10-29T14:13:04.089Z"
}
