{
  "bag_usd": 0.000001,
  "xrp_usd": 2.31452,
  "bag_xrp": 4.32055e-7,
  "timestamp": "2025-11-14T15:57:41.624Z"
}
