{
  "bag_usd": 0.000001,
  "xrp_usd": 2.2345,
  "bag_xrp": 4.47527e-7,
  "timestamp": "2025-11-26T19:25:35.381Z"
}
