{
  "bag_usd": 0.000001,
  "xrp_usd": 2.61678,
  "bag_xrp": 3.82149e-7,
  "timestamp": "2025-10-13T21:51:10.671Z"
}
