{
  "bag_usd": 0.000001,
  "xrp_usd": 2.49815,
  "bag_xrp": 4.00296e-7,
  "timestamp": "2025-11-13T09:51:02.082Z"
}
