{
  "bag_usd": 0.000001,
  "xrp_usd": 1.9252,
  "bag_xrp": 5.19427e-7,
  "timestamp": "2025-11-22T14:56:38.111Z"
}
