{
  "bag_usd": 0.000001,
  "xrp_usd": 2.40364,
  "bag_xrp": 4.16036e-7,
  "timestamp": "2025-10-19T22:15:56.058Z"
}
