{
  "bag_usd": 0.000001,
  "xrp_usd": 2.9945,
  "bag_xrp": 3.33946e-7,
  "timestamp": "2025-10-06T10:50:31.767Z"
}
