{
  "bag_usd": 0.000001,
  "xrp_usd": 2.29648,
  "bag_xrp": 4.35449e-7,
  "timestamp": "2025-10-16T20:36:15.748Z"
}
