{
  "bag_usd": 0.000001,
  "xrp_usd": 1.9919,
  "bag_xrp": 5.02033e-7,
  "timestamp": "2025-11-21T17:26:54.908Z"
}
