{
  "bag_usd": 0.000001,
  "xrp_usd": 3.00495,
  "bag_xrp": 3.32784e-7,
  "timestamp": "2025-10-06T21:48:41.342Z"
}
