{
  "bag_usd": 0.000001,
  "xrp_usd": 3.04518,
  "bag_xrp": 3.28388e-7,
  "timestamp": "2025-10-06T18:30:07.894Z"
}
