{
  "bag_usd": 0.000001,
  "xrp_usd": 2.61957,
  "bag_xrp": 3.81742e-7,
  "timestamp": "2025-10-13T18:21:12.645Z"
}
