{
  "bag_usd": 0.000001,
  "xrp_usd": 2.48845,
  "bag_xrp": 4.01857e-7,
  "timestamp": "2025-11-13T11:37:11.984Z"
}
