{
  "bag_usd": 0.000001,
  "xrp_usd": 2.36245,
  "bag_xrp": 4.23289e-7,
  "timestamp": "2025-10-18T14:21:15.440Z"
}
