{
  "bag_usd": 0.000001,
  "xrp_usd": 2.39921,
  "bag_xrp": 4.16804e-7,
  "timestamp": "2025-10-15T20:39:20.154Z"
}
