{
  "bag_usd": 0.000001,
  "xrp_usd": 2.28969,
  "bag_xrp": 4.3674e-7,
  "timestamp": "2025-11-06T14:19:23.011Z"
}
