{
  "bag_usd": 0.000001,
  "xrp_usd": 2.52595,
  "bag_xrp": 3.95891e-7,
  "timestamp": "2025-11-02T23:48:16.392Z"
}
