{
  "bag_usd": 0.000001,
  "xrp_usd": 2.52926,
  "bag_xrp": 3.95373e-7,
  "timestamp": "2025-11-10T21:09:40.273Z"
}
