{
  "bag_usd": 0.000001,
  "xrp_usd": 2.04385,
  "bag_xrp": 4.89273e-7,
  "timestamp": "2025-11-24T09:31:14.812Z"
}
