{
  "bag_usd": 0.000001,
  "xrp_usd": 3.02095,
  "bag_xrp": 3.31022e-7,
  "timestamp": "2025-10-06T20:34:03.913Z"
}
