{
  "bag_usd": 0.000001,
  "xrp_usd": 2.3642,
  "bag_xrp": 4.22976e-7,
  "timestamp": "2025-10-22T20:27:35.197Z"
}
