{
  "bag_usd": 0.000001,
  "xrp_usd": 2.18394,
  "bag_xrp": 4.57888e-7,
  "timestamp": "2025-11-28T01:11:37.202Z"
}
