{
  "bag_usd": 0.000001,
  "xrp_usd": 2.8284,
  "bag_xrp": 3.53557e-7,
  "timestamp": "2025-10-10T13:45:49.366Z"
}
