{
  "bag_usd": 0.000001,
  "xrp_usd": 2.44906,
  "bag_xrp": 4.0832e-7,
  "timestamp": "2025-11-10T05:50:16.239Z"
}
