{
  "bag_usd": 0.000001,
  "xrp_usd": 2.31027,
  "bag_xrp": 4.3285e-7,
  "timestamp": "2025-11-06T09:35:57.799Z"
}
