{
  "bag_usd": 0.000001,
  "xrp_usd": 3.0285,
  "bag_xrp": 3.30196e-7,
  "timestamp": "2025-10-06T19:51:15.487Z"
}
