{
  "bag_usd": 0.000001,
  "xrp_usd": 2.21263,
  "bag_xrp": 4.51951e-7,
  "timestamp": "2025-11-27T16:44:23.585Z"
}
