{
  "bag_usd": 0.000001,
  "xrp_usd": 2.39147,
  "bag_xrp": 4.18153e-7,
  "timestamp": "2025-10-20T00:00:05.363Z"
}
