{
  "bag_usd": 0.000001,
  "xrp_usd": 2.42865,
  "bag_xrp": 4.11751e-7,
  "timestamp": "2025-10-16T03:10:01.889Z"
}
