{
  "bag_usd": 0.000001,
  "xrp_usd": 2.26841,
  "bag_xrp": 4.40837e-7,
  "timestamp": "2025-11-04T16:30:34.932Z"
}
