{
  "bag_usd": 0.000001,
  "xrp_usd": 2.81812,
  "bag_xrp": 3.54846e-7,
  "timestamp": "2025-10-10T03:59:09.029Z"
}
