{
  "bag_usd": 0.000001,
  "xrp_usd": 2.17275,
  "bag_xrp": 4.60246e-7,
  "timestamp": "2025-11-26T10:41:18.968Z"
}
