{
  "bag_usd": 0.000001,
  "xrp_usd": 2.31558,
  "bag_xrp": 4.31857e-7,
  "timestamp": "2025-10-16T22:38:53.291Z"
}
