{
  "bag_usd": 0.000001,
  "xrp_usd": 2.86633,
  "bag_xrp": 3.48878e-7,
  "timestamp": "2025-10-08T09:48:00.484Z"
}
