{
  "bag_usd": 0.000001,
  "xrp_usd": 2.57686,
  "bag_xrp": 3.88069e-7,
  "timestamp": "2025-10-13T11:42:14.521Z"
}
