{
  "bag_usd": 0.000001,
  "xrp_usd": 2.12913,
  "bag_xrp": 4.69675e-7,
  "timestamp": "2025-11-20T04:33:25.571Z"
}
