{
  "bag_usd": 0.000001,
  "xrp_usd": 2.5255,
  "bag_xrp": 3.95961e-7,
  "timestamp": "2025-11-02T13:45:00.757Z"
}
