{
  "bag_usd": 0.000001,
  "xrp_usd": 2.46153,
  "bag_xrp": 4.06251e-7,
  "timestamp": "2025-11-13T14:44:04.392Z"
}
