{
  "bag_usd": 0.000001,
  "xrp_usd": 2.40653,
  "bag_xrp": 4.15536e-7,
  "timestamp": "2025-10-12T13:02:59.041Z"
}
