{
  "bag_usd": 0.000001,
  "xrp_usd": 2.81271,
  "bag_xrp": 3.55529e-7,
  "timestamp": "2025-10-09T22:37:31.412Z"
}
