{
  "bag_usd": 0.000001,
  "xrp_usd": 2.2052,
  "bag_xrp": 4.53474e-7,
  "timestamp": "2025-11-29T13:20:56.220Z"
}
