{
  "bag_usd": 0.000001,
  "xrp_usd": 2.49673,
  "bag_xrp": 4.00524e-7,
  "timestamp": "2025-11-13T07:42:10.489Z"
}
