{
  "bag_usd": 0.000001,
  "xrp_usd": 2.57789,
  "bag_xrp": 3.87914e-7,
  "timestamp": "2025-10-25T12:41:13.040Z"
}
