{
  "bag_usd": 0.000001,
  "xrp_usd": 2.61632,
  "bag_xrp": 3.82216e-7,
  "timestamp": "2025-10-26T04:35:09.310Z"
}
