{
  "bag_usd": 0.000001,
  "xrp_usd": 2.83299,
  "bag_xrp": 3.52984e-7,
  "timestamp": "2025-10-09T06:46:28.459Z"
}
