{
  "bag_usd": 0.000001,
  "xrp_usd": 2.256,
  "bag_xrp": 4.43262e-7,
  "timestamp": "2025-11-25T05:52:36.189Z"
}
