{
  "bag_usd": 0.000001,
  "xrp_usd": 1.95176,
  "bag_xrp": 5.12358e-7,
  "timestamp": "2025-11-22T07:23:18.792Z"
}
