{
  "bag_usd": 0.000001,
  "xrp_usd": 2.04835,
  "bag_xrp": 4.88198e-7,
  "timestamp": "2025-11-23T12:21:38.741Z"
}
