{
  "bag_usd": 0.000001,
  "xrp_usd": 2.50445,
  "bag_xrp": 3.99289e-7,
  "timestamp": "2025-11-01T23:48:41.029Z"
}
