{
  "bag_usd": 0.000001,
  "xrp_usd": 2.65208,
  "bag_xrp": 3.77063e-7,
  "timestamp": "2025-10-28T12:34:16.061Z"
}
