{
  "bag_usd": 0.000001,
  "xrp_usd": 2.47922,
  "bag_xrp": 4.03353e-7,
  "timestamp": "2025-10-11T15:52:20.812Z"
}
