{
  "bag_usd": 0.000001,
  "xrp_usd": 2.23496,
  "bag_xrp": 4.47435e-7,
  "timestamp": "2025-11-24T22:44:26.815Z"
}
