{
  "bag_usd": 0.000001,
  "xrp_usd": 2.54018,
  "bag_xrp": 3.93673e-7,
  "timestamp": "2025-10-25T09:53:13.600Z"
}
