{
  "bag_usd": 0.000001,
  "xrp_usd": 2.66668,
  "bag_xrp": 3.74998e-7,
  "timestamp": "2025-10-27T19:41:25.653Z"
}
