{
  "bag_usd": 0.000001,
  "xrp_usd": 2.8206,
  "bag_xrp": 3.54534e-7,
  "timestamp": "2025-10-10T11:35:12.849Z"
}
