{
  "bag_usd": 0.000001,
  "xrp_usd": 2.46355,
  "bag_xrp": 4.05918e-7,
  "timestamp": "2025-10-31T03:31:22.630Z"
}
