{
  "bag_usd": 0.000001,
  "xrp_usd": 2.09118,
  "bag_xrp": 4.78199e-7,
  "timestamp": "2025-11-19T22:50:08.400Z"
}
