{
  "bag_usd": 0.000001,
  "xrp_usd": 2.39755,
  "bag_xrp": 4.17092e-7,
  "timestamp": "2025-10-12T11:42:35.258Z"
}
