{
  "bag_usd": 0.000001,
  "xrp_usd": 2.38478,
  "bag_xrp": 4.19326e-7,
  "timestamp": "2025-10-12T14:14:21.305Z"
}
