{
  "bag_usd": 0.000001,
  "xrp_usd": 2.16001,
  "bag_xrp": 4.62961e-7,
  "timestamp": "2025-11-18T00:00:27.776Z"
}
