{
  "bag_usd": 0.000001,
  "xrp_usd": 2.49,
  "bag_xrp": 4.01606e-7,
  "timestamp": "2025-10-12T15:54:21.315Z"
}
