{
  "bag_usd": 0.000001,
  "xrp_usd": 2.41071,
  "bag_xrp": 4.14816e-7,
  "timestamp": "2025-10-16T07:32:09.490Z"
}
