{
  "bag_usd": 0.000001,
  "xrp_usd": 2.12657,
  "bag_xrp": 4.70241e-7,
  "timestamp": "2025-11-20T07:26:10.673Z"
}
