{
  "bag_usd": 0.000001,
  "xrp_usd": 2.4446,
  "bag_xrp": 4.09065e-7,
  "timestamp": "2025-11-11T14:53:10.383Z"
}
