{
  "bag_usd": 0.000001,
  "xrp_usd": 2.1626,
  "bag_xrp": 4.62406e-7,
  "timestamp": "2025-11-17T18:50:02.112Z"
}
