{
  "bag_usd": 0.000001,
  "xrp_usd": 2.27912,
  "bag_xrp": 4.38766e-7,
  "timestamp": "2025-11-09T09:43:04.050Z"
}
