{
  "bag_usd": 0.000001,
  "xrp_usd": 2.06495,
  "bag_xrp": 4.84273e-7,
  "timestamp": "2025-11-23T21:24:57.054Z"
}
