{
  "bag_usd": 0.000001,
  "xrp_usd": 2.30699,
  "bag_xrp": 4.33465e-7,
  "timestamp": "2025-11-08T07:29:11.976Z"
}
