{
  "bag_usd": 0.000001,
  "xrp_usd": 2.23515,
  "bag_xrp": 4.47397e-7,
  "timestamp": "2025-11-05T11:43:12.644Z"
}
