{
  "bag_usd": 0.000001,
  "xrp_usd": 2.27122,
  "bag_xrp": 4.40292e-7,
  "timestamp": "2025-11-14T22:36:02.572Z"
}
