{
  "bag_usd": 0.000001,
  "xrp_usd": 2.49065,
  "bag_xrp": 4.01502e-7,
  "timestamp": "2025-11-02T20:43:08.339Z"
}
