{
  "bag_usd": 0.000001,
  "xrp_usd": 2.505,
  "bag_xrp": 3.99202e-7,
  "timestamp": "2025-11-10T09:27:15.535Z"
}
