{
  "bag_usd": 0.000001,
  "xrp_usd": 2.24379,
  "bag_xrp": 4.45675e-7,
  "timestamp": "2025-11-07T16:31:58.004Z"
}
