{
  "bag_usd": 0.000001,
  "xrp_usd": 2.17872,
  "bag_xrp": 4.58985e-7,
  "timestamp": "2025-11-16T16:15:17.523Z"
}
