{
  "bag_usd": 0.000001,
  "xrp_usd": 2.51778,
  "bag_xrp": 3.97175e-7,
  "timestamp": "2025-10-31T21:47:28.456Z"
}
