{
  "bag_usd": 0.000001,
  "xrp_usd": 2.22828,
  "bag_xrp": 4.48777e-7,
  "timestamp": "2025-11-26T20:13:50.653Z"
}
