{
  "bag_usd": 0.000001,
  "xrp_usd": 2.15525,
  "bag_xrp": 4.63983e-7,
  "timestamp": "2025-11-26T12:18:56.345Z"
}
