{
  "bag_usd": 0.000001,
  "xrp_usd": 2.64658,
  "bag_xrp": 3.77846e-7,
  "timestamp": "2025-10-27T06:33:33.623Z"
}
