{
  "bag_usd": 0.000001,
  "xrp_usd": 2.26716,
  "bag_xrp": 4.4108e-7,
  "timestamp": "2025-11-08T17:41:16.321Z"
}
