{
  "bag_usd": 0.000001,
  "xrp_usd": 2.21045,
  "bag_xrp": 4.52397e-7,
  "timestamp": "2025-11-04T23:43:40.492Z"
}
