{
  "bag_usd": 0.000001,
  "xrp_usd": 2.50754,
  "bag_xrp": 3.98797e-7,
  "timestamp": "2025-11-01T05:51:57.003Z"
}
