{
  "bag_usd": 0.000001,
  "xrp_usd": 2.39556,
  "bag_xrp": 4.17439e-7,
  "timestamp": "2025-10-19T13:54:00.268Z"
}
