{
  "bag_usd": 0.000001,
  "xrp_usd": 2.53321,
  "bag_xrp": 3.94756e-7,
  "timestamp": "2025-10-25T10:35:08.851Z"
}
