{
  "bag_usd": 0.000001,
  "xrp_usd": 2.27154,
  "bag_xrp": 4.4023e-7,
  "timestamp": "2025-10-17T15:25:07.064Z"
}
