{
  "bag_usd": 0.000001,
  "xrp_usd": 2.60907,
  "bag_xrp": 3.83278e-7,
  "timestamp": "2025-10-25T15:37:48.601Z"
}
