{
  "bag_usd": 0.000001,
  "xrp_usd": 1.94668,
  "bag_xrp": 5.13695e-7,
  "timestamp": "2025-11-22T06:45:01.992Z"
}
