{
  "bag_usd": 0.000001,
  "xrp_usd": 2.6112,
  "bag_xrp": 3.82966e-7,
  "timestamp": "2025-10-26T02:08:38.857Z"
}
