{
  "bag_usd": 0.000001,
  "xrp_usd": 2.20845,
  "bag_xrp": 4.52806e-7,
  "timestamp": "2025-11-19T00:59:07.976Z"
}
