{
  "bag_usd": 0.000001,
  "xrp_usd": 2.19754,
  "bag_xrp": 4.55054e-7,
  "timestamp": "2025-11-29T18:14:56.800Z"
}
