{
  "bag_usd": 0.000001,
  "xrp_usd": 2.57609,
  "bag_xrp": 3.88185e-7,
  "timestamp": "2025-10-29T23:16:43.496Z"
}
