{
  "bag_usd": 0.000001,
  "xrp_usd": 2.29013,
  "bag_xrp": 4.36656e-7,
  "timestamp": "2025-11-15T04:23:51.303Z"
}
