{
  "bag_usd": 0.000001,
  "xrp_usd": 2.02955,
  "bag_xrp": 4.9272e-7,
  "timestamp": "2025-11-23T03:00:39.062Z"
}
