{
  "bag_usd": 0.000001,
  "xrp_usd": 2.46387,
  "bag_xrp": 4.05866e-7,
  "timestamp": "2025-11-11T11:35:45.378Z"
}
