{
  "bag_usd": 0.000001,
  "xrp_usd": 2.38644,
  "bag_xrp": 4.19034e-7,
  "timestamp": "2025-11-12T23:55:23.342Z"
}
