{
  "bag_usd": 0.000001,
  "xrp_usd": 2.96,
  "bag_xrp": 3.37838e-7,
  "timestamp": "2025-10-07T08:21:37.382Z"
}
