{
  "bag_usd": 0.000001,
  "xrp_usd": 2.41967,
  "bag_xrp": 4.13279e-7,
  "timestamp": "2025-10-21T23:48:45.659Z"
}
