{
  "bag_usd": 0.000001,
  "xrp_usd": 2.33625,
  "bag_xrp": 4.28036e-7,
  "timestamp": "2025-11-09T21:59:57.178Z"
}
