{
  "bag_usd": 0.000001,
  "xrp_usd": 2.62435,
  "bag_xrp": 3.81047e-7,
  "timestamp": "2025-10-27T09:00:38.776Z"
}
