{
  "bag_usd": 0.000001,
  "xrp_usd": 2.38788,
  "bag_xrp": 4.18782e-7,
  "timestamp": "2025-11-12T07:26:58.776Z"
}
