{
  "bag_usd": 0.000001,
  "xrp_usd": 2.13832,
  "bag_xrp": 4.67657e-7,
  "timestamp": "2025-11-19T10:21:34.612Z"
}
