{
  "bag_usd": 0.000001,
  "xrp_usd": 2.19538,
  "bag_xrp": 4.55502e-7,
  "timestamp": "2025-11-25T21:00:15.572Z"
}
