{
  "bag_usd": 0.000001,
  "xrp_usd": 2.18726,
  "bag_xrp": 4.57193e-7,
  "timestamp": "2025-11-27T11:10:51.365Z"
}
