{
  "bag_usd": 0.000001,
  "xrp_usd": 2.86995,
  "bag_xrp": 3.48438e-7,
  "timestamp": "2025-10-08T15:44:47.081Z"
}
