{
  "bag_usd": 0.000001,
  "xrp_usd": 2.2279,
  "bag_xrp": 4.48853e-7,
  "timestamp": "2025-11-27T18:49:15.094Z"
}
