{
  "bag_usd": 0.000001,
  "xrp_usd": 2.45234,
  "bag_xrp": 4.07774e-7,
  "timestamp": "2025-10-14T14:26:55.345Z"
}
