{
  "bag_usd": 0.000001,
  "xrp_usd": 2.51906,
  "bag_xrp": 3.96973e-7,
  "timestamp": "2025-11-10T16:37:43.750Z"
}
