{
  "bag_usd": 0.000001,
  "xrp_usd": 2.51472,
  "bag_xrp": 3.97659e-7,
  "timestamp": "2025-10-31T12:00:39.990Z"
}
