{
  "bag_usd": 0.000001,
  "xrp_usd": 2.33638,
  "bag_xrp": 4.28013e-7,
  "timestamp": "2025-11-07T19:28:50.578Z"
}
