{
  "bag_usd": 0.000001,
  "xrp_usd": 2.20986,
  "bag_xrp": 4.52517e-7,
  "timestamp": "2025-11-27T03:40:28.501Z"
}
