{
  "bag_usd": 0.000001,
  "xrp_usd": 2.2328,
  "bag_xrp": 4.47868e-7,
  "timestamp": "2025-11-26T19:10:07.760Z"
}
