{
  "bag_usd": 0.000001,
  "xrp_usd": 2.51965,
  "bag_xrp": 3.96881e-7,
  "timestamp": "2025-11-11T04:28:40.187Z"
}
