{
  "bag_usd": 0.000001,
  "xrp_usd": 2.33584,
  "bag_xrp": 4.28112e-7,
  "timestamp": "2025-10-18T02:34:48.659Z"
}
