{
  "bag_usd": 0.000001,
  "xrp_usd": 2.79283,
  "bag_xrp": 3.5806e-7,
  "timestamp": "2025-10-09T19:19:32.664Z"
}
