{
  "bag_usd": 0.000001,
  "xrp_usd": 2.36355,
  "bag_xrp": 4.23092e-7,
  "timestamp": "2025-10-18T22:39:03.188Z"
}
