{
  "bag_usd": 0.000001,
  "xrp_usd": 2.36861,
  "bag_xrp": 4.22189e-7,
  "timestamp": "2025-10-18T19:19:37.625Z"
}
