{
  "bag_usd": 0.000001,
  "xrp_usd": 1.92817,
  "bag_xrp": 5.18626e-7,
  "timestamp": "2025-11-22T20:09:12.732Z"
}
