{
  "bag_usd": 0.000001,
  "xrp_usd": 2.19904,
  "bag_xrp": 4.54744e-7,
  "timestamp": "2025-11-07T09:58:25.236Z"
}
