{
  "bag_usd": 0.000001,
  "xrp_usd": 2.34115,
  "bag_xrp": 4.27141e-7,
  "timestamp": "2025-10-22T21:39:20.649Z"
}
