{
  "bag_usd": 0.000001,
  "xrp_usd": 2.32845,
  "bag_xrp": 4.2947e-7,
  "timestamp": "2025-10-18T05:11:19.044Z"
}
