{
  "bag_usd": 0.000001,
  "xrp_usd": 2.802,
  "bag_xrp": 3.56888e-7,
  "timestamp": "2025-10-09T17:19:00.215Z"
}
