{
  "bag_usd": 0.000001,
  "xrp_usd": 2.29898,
  "bag_xrp": 4.34976e-7,
  "timestamp": "2025-11-06T11:58:14.403Z"
}
