{
  "bag_usd": 0.000001,
  "xrp_usd": 2.50535,
  "bag_xrp": 3.99146e-7,
  "timestamp": "2025-11-01T17:54:28.299Z"
}
