{
  "bag_usd": 0.000001,
  "xrp_usd": 1.91895,
  "bag_xrp": 5.21118e-7,
  "timestamp": "2025-11-22T05:24:00.848Z"
}
