{
  "bag_usd": 0.000001,
  "xrp_usd": 2.28885,
  "bag_xrp": 4.36901e-7,
  "timestamp": "2025-11-14T18:58:34.588Z"
}
