{
  "bag_usd": 0.000001,
  "xrp_usd": 2.52486,
  "bag_xrp": 3.96062e-7,
  "timestamp": "2025-11-10T21:30:17.803Z"
}
