{
  "bag_usd": 0.000001,
  "xrp_usd": 2.65292,
  "bag_xrp": 3.76943e-7,
  "timestamp": "2025-10-27T06:57:24.812Z"
}
