{
  "bag_usd": 0.000001,
  "xrp_usd": 2.45999,
  "bag_xrp": 4.06506e-7,
  "timestamp": "2025-10-12T14:54:41.729Z"
}
