{
  "bag_usd": 0.000001,
  "xrp_usd": 2.36766,
  "bag_xrp": 4.22358e-7,
  "timestamp": "2025-10-20T02:09:19.794Z"
}
