{
  "bag_usd": 0.000001,
  "xrp_usd": 2.48273,
  "bag_xrp": 4.02782e-7,
  "timestamp": "2025-10-31T05:59:06.360Z"
}
