{
  "bag_usd": 0.000001,
  "xrp_usd": 2.25098,
  "bag_xrp": 4.44251e-7,
  "timestamp": "2025-11-04T05:59:04.531Z"
}
