{
  "bag_usd": 0.000001,
  "xrp_usd": 2.40223,
  "bag_xrp": 4.1628e-7,
  "timestamp": "2025-11-12T05:57:07.446Z"
}
