{
  "bag_usd": 0.000001,
  "xrp_usd": 2.18655,
  "bag_xrp": 4.57341e-7,
  "timestamp": "2025-11-28T17:20:57.337Z"
}
