{
  "bag_usd": 0.000001,
  "xrp_usd": 2.82084,
  "bag_xrp": 3.54504e-7,
  "timestamp": "2025-10-10T14:26:35.358Z"
}
