{
  "bag_usd": 0.000001,
  "xrp_usd": 2.27943,
  "bag_xrp": 4.38706e-7,
  "timestamp": "2025-10-17T11:57:10.634Z"
}
