{
  "bag_usd": 0.000001,
  "xrp_usd": 2.40262,
  "bag_xrp": 4.16212e-7,
  "timestamp": "2025-10-22T12:30:58.732Z"
}
