{
  "bag_usd": 0.000001,
  "xrp_usd": 2.6717,
  "bag_xrp": 3.74294e-7,
  "timestamp": "2025-10-28T13:44:33.183Z"
}
