{
  "bag_usd": 0.000001,
  "xrp_usd": 2.42694,
  "bag_xrp": 4.12042e-7,
  "timestamp": "2025-11-13T15:57:01.707Z"
}
