{
  "bag_usd": 0.000001,
  "xrp_usd": 2.21044,
  "bag_xrp": 4.52399e-7,
  "timestamp": "2025-11-18T23:50:45.094Z"
}
