{
  "bag_usd": 0.000001,
  "xrp_usd": 2.139,
  "bag_xrp": 4.67508e-7,
  "timestamp": "2025-11-19T05:37:03.545Z"
}
