{
  "bag_usd": 0.000001,
  "xrp_usd": 2.13001,
  "bag_xrp": 4.69481e-7,
  "timestamp": "2025-11-04T21:16:53.201Z"
}
