{
  "bag_usd": 0.000001,
  "xrp_usd": 2.50242,
  "bag_xrp": 3.99613e-7,
  "timestamp": "2025-11-01T23:36:31.779Z"
}
