{
  "bag_usd": 0.000001,
  "xrp_usd": 1.93795,
  "bag_xrp": 5.16009e-7,
  "timestamp": "2025-11-21T09:20:09.756Z"
}
