{
  "bag_usd": 0.000001,
  "xrp_usd": 2.4215,
  "bag_xrp": 4.12967e-7,
  "timestamp": "2025-10-16T03:57:24.273Z"
}
