{
  "bag_usd": 0.000001,
  "xrp_usd": 2.17413,
  "bag_xrp": 4.59954e-7,
  "timestamp": "2025-11-26T04:36:07.355Z"
}
