{
  "bag_usd": 0.000001,
  "xrp_usd": 2.23265,
  "bag_xrp": 4.47898e-7,
  "timestamp": "2025-11-28T09:56:09.397Z"
}
