{
  "bag_usd": 0.000001,
  "xrp_usd": 2.44968,
  "bag_xrp": 4.08217e-7,
  "timestamp": "2025-10-16T10:17:29.273Z"
}
