{
  "bag_usd": 0.000001,
  "xrp_usd": 2.42748,
  "bag_xrp": 4.1195e-7,
  "timestamp": "2025-10-30T21:50:47.387Z"
}
