{
  "bag_usd": 0.000001,
  "xrp_usd": 2.55385,
  "bag_xrp": 3.91566e-7,
  "timestamp": "2025-10-25T05:56:35.689Z"
}
