{
  "bag_usd": 0.000001,
  "xrp_usd": 2.81963,
  "bag_xrp": 3.54656e-7,
  "timestamp": "2025-10-10T11:21:34.876Z"
}
