{
  "bag_usd": 0.000001,
  "xrp_usd": 2.48723,
  "bag_xrp": 4.02054e-7,
  "timestamp": "2025-10-31T08:56:52.150Z"
}
