{
  "bag_usd": 0.000001,
  "xrp_usd": 2.2517,
  "bag_xrp": 4.44109e-7,
  "timestamp": "2025-11-15T15:34:44.008Z"
}
