{
  "bag_usd": 0.000001,
  "xrp_usd": 2.48958,
  "bag_xrp": 4.01674e-7,
  "timestamp": "2025-10-20T21:51:24.990Z"
}
