{
  "bag_usd": 0.000001,
  "xrp_usd": 2.33594,
  "bag_xrp": 4.28093e-7,
  "timestamp": "2025-11-09T19:43:23.386Z"
}
