{
  "bag_usd": 0.000001,
  "xrp_usd": 2.36051,
  "bag_xrp": 4.23637e-7,
  "timestamp": "2025-10-18T23:28:16.656Z"
}
