{
  "bag_usd": 0.000001,
  "xrp_usd": 2.80576,
  "bag_xrp": 3.5641e-7,
  "timestamp": "2025-10-09T18:15:36.231Z"
}
