{
  "bag_usd": 0.000001,
  "xrp_usd": 2.5801,
  "bag_xrp": 3.87582e-7,
  "timestamp": "2025-10-13T12:40:07.613Z"
}
