{
  "bag_usd": 0.000001,
  "xrp_usd": 2.6253,
  "bag_xrp": 3.80909e-7,
  "timestamp": "2025-10-29T15:45:49.754Z"
}
