{
  "bag_usd": 0.000001,
  "xrp_usd": 2.3166,
  "bag_xrp": 4.31667e-7,
  "timestamp": "2025-11-08T07:12:43.779Z"
}
