{
  "bag_usd": 0.000001,
  "xrp_usd": 2.39173,
  "bag_xrp": 4.18107e-7,
  "timestamp": "2025-10-22T11:51:49.712Z"
}
