{
  "bag_usd": 0.000001,
  "xrp_usd": 2.20968,
  "bag_xrp": 4.52554e-7,
  "timestamp": "2025-11-27T04:00:35.800Z"
}
