{
  "bag_usd": 0.000001,
  "xrp_usd": 2.3821,
  "bag_xrp": 4.19798e-7,
  "timestamp": "2025-10-16T17:33:17.690Z"
}
