{
  "bag_usd": 0.000001,
  "xrp_usd": 2.4224,
  "bag_xrp": 4.12814e-7,
  "timestamp": "2025-11-12T15:12:25.243Z"
}
