{
  "bag_usd": 0.000001,
  "xrp_usd": 2.1683,
  "bag_xrp": 4.61191e-7,
  "timestamp": "2025-11-26T14:31:24.484Z"
}
