{
  "bag_usd": 0.000001,
  "xrp_usd": 2.60488,
  "bag_xrp": 3.83895e-7,
  "timestamp": "2025-10-13T23:56:28.025Z"
}
