{
  "bag_usd": 0.000001,
  "xrp_usd": 2.43022,
  "bag_xrp": 4.11485e-7,
  "timestamp": "2025-11-03T04:03:26.766Z"
}
