{
  "bag_usd": 0.000001,
  "xrp_usd": 2.27953,
  "bag_xrp": 4.38687e-7,
  "timestamp": "2025-11-15T04:42:59.033Z"
}
