{
  "bag_usd": 0.000001,
  "xrp_usd": 2.59108,
  "bag_xrp": 3.85939e-7,
  "timestamp": "2025-10-13T11:15:45.361Z"
}
