{
  "bag_usd": 0.000001,
  "xrp_usd": 2.48067,
  "bag_xrp": 4.03117e-7,
  "timestamp": "2025-11-10T08:54:58.694Z"
}
