{
  "bag_usd": 0.000001,
  "xrp_usd": 2.50104,
  "bag_xrp": 3.99834e-7,
  "timestamp": "2025-10-20T21:39:09.882Z"
}
