{
  "bag_usd": 0.000001,
  "xrp_usd": 2.4767,
  "bag_xrp": 4.03763e-7,
  "timestamp": "2025-10-21T21:40:24.386Z"
}
