{
  "bag_usd": 0.000001,
  "xrp_usd": 2.2491,
  "bag_xrp": 4.44622e-7,
  "timestamp": "2025-11-04T07:42:13.646Z"
}
