{
  "bag_usd": 0.000001,
  "xrp_usd": 2.42457,
  "bag_xrp": 4.12444e-7,
  "timestamp": "2025-10-21T05:55:21.500Z"
}
