{
  "bag_usd": 0.000001,
  "xrp_usd": 2.31503,
  "bag_xrp": 4.3196e-7,
  "timestamp": "2025-11-08T07:40:58.882Z"
}
