{
  "bag_usd": 0.000001,
  "xrp_usd": 1.95675,
  "bag_xrp": 5.11051e-7,
  "timestamp": "2025-11-23T00:58:25.984Z"
}
