{
  "bag_usd": 0.000001,
  "xrp_usd": 2.40103,
  "bag_xrp": 4.16488e-7,
  "timestamp": "2025-11-12T02:02:53.806Z"
}
