{
  "bag_usd": 0.000001,
  "xrp_usd": 2.03465,
  "bag_xrp": 4.91485e-7,
  "timestamp": "2025-11-19T20:01:13.296Z"
}
