{
  "bag_usd": 0.000001,
  "xrp_usd": 2.18435,
  "bag_xrp": 4.57802e-7,
  "timestamp": "2025-11-19T03:59:34.367Z"
}
