{
  "bag_usd": 0.000001,
  "xrp_usd": 2.26788,
  "bag_xrp": 4.4094e-7,
  "timestamp": "2025-11-15T13:38:10.352Z"
}
