{
  "bag_usd": 0.000001,
  "xrp_usd": 1.9178,
  "bag_xrp": 5.21431e-7,
  "timestamp": "2025-11-22T14:44:39.861Z"
}
