{
  "bag_usd": 0.000001,
  "xrp_usd": 2.28497,
  "bag_xrp": 4.37643e-7,
  "timestamp": "2025-11-15T07:32:40.900Z"
}
