{
  "bag_usd": 0.000001,
  "xrp_usd": 2.27302,
  "bag_xrp": 4.39943e-7,
  "timestamp": "2025-11-15T05:38:41.296Z"
}
