{
  "bag_usd": 0.000001,
  "xrp_usd": 2.17124,
  "bag_xrp": 4.60566e-7,
  "timestamp": "2025-11-18T09:32:12.926Z"
}
