{
  "bag_usd": 0.000001,
  "xrp_usd": 2.63346,
  "bag_xrp": 3.79729e-7,
  "timestamp": "2025-10-27T23:24:10.232Z"
}
