{
  "bag_usd": 0.000001,
  "xrp_usd": 2.2005,
  "bag_xrp": 4.54442e-7,
  "timestamp": "2025-11-25T10:47:11.332Z"
}
