{
  "bag_usd": 0.000001,
  "xrp_usd": 2.79538,
  "bag_xrp": 3.57733e-7,
  "timestamp": "2025-10-09T20:55:21.805Z"
}
