{
  "bag_usd": 0.000001,
  "xrp_usd": 2.61218,
  "bag_xrp": 3.82822e-7,
  "timestamp": "2025-10-26T05:27:20.472Z"
}
