{
  "bag_usd": 0.000001,
  "xrp_usd": 2.42698,
  "bag_xrp": 4.12035e-7,
  "timestamp": "2025-11-11T17:27:44.808Z"
}
