{
  "bag_usd": 0.000001,
  "xrp_usd": 2.43109,
  "bag_xrp": 4.11338e-7,
  "timestamp": "2025-11-11T15:52:52.594Z"
}
