{
  "bag_usd": 0.000001,
  "xrp_usd": 2.21555,
  "bag_xrp": 4.51355e-7,
  "timestamp": "2025-11-29T16:23:58.002Z"
}
