{
  "bag_usd": 0.000001,
  "xrp_usd": 1.93923,
  "bag_xrp": 5.15669e-7,
  "timestamp": "2025-11-22T17:30:23.696Z"
}
