{
  "bag_usd": 0.000001,
  "xrp_usd": 2.6106,
  "bag_xrp": 3.83054e-7,
  "timestamp": "2025-10-26T04:47:57.284Z"
}
