{
  "bag_usd": 0.000001,
  "xrp_usd": 2.50325,
  "bag_xrp": 3.99481e-7,
  "timestamp": "2025-10-20T22:44:49.336Z"
}
