{
  "bag_usd": 0.000001,
  "xrp_usd": 2.19595,
  "bag_xrp": 4.55384e-7,
  "timestamp": "2025-11-25T22:53:04.544Z"
}
