{
  "bag_usd": 0.000001,
  "xrp_usd": 2.63105,
  "bag_xrp": 3.80076e-7,
  "timestamp": "2025-10-27T11:54:35.584Z"
}
