{
  "bag_usd": 0.000001,
  "xrp_usd": 2.31099,
  "bag_xrp": 4.32715e-7,
  "timestamp": "2025-11-08T11:26:21.836Z"
}
