{
  "bag_usd": 0.000001,
  "xrp_usd": 2.22755,
  "bag_xrp": 4.48924e-7,
  "timestamp": "2025-11-25T13:23:38.399Z"
}
