{
  "bag_usd": 0.000001,
  "xrp_usd": 2.30283,
  "bag_xrp": 4.34248e-7,
  "timestamp": "2025-11-03T20:40:06.029Z"
}
