{
  "bag_usd": 0.000001,
  "xrp_usd": 2.19224,
  "bag_xrp": 4.56154e-7,
  "timestamp": "2025-11-28T04:34:36.409Z"
}
