{
  "bag_usd": 0.000001,
  "xrp_usd": 2.34247,
  "bag_xrp": 4.269e-7,
  "timestamp": "2025-10-18T16:47:29.567Z"
}
