{
  "bag_usd": 0.000001,
  "xrp_usd": 2.17671,
  "bag_xrp": 4.59409e-7,
  "timestamp": "2025-11-26T14:50:07.949Z"
}
