{
  "bag_usd": 0.000001,
  "xrp_usd": 2.43555,
  "bag_xrp": 4.10585e-7,
  "timestamp": "2025-10-20T16:51:45.305Z"
}
