{
  "bag_usd": 0.000001,
  "xrp_usd": 2.55808,
  "bag_xrp": 3.90918e-7,
  "timestamp": "2025-10-25T11:19:45.967Z"
}
