{
  "bag_usd": 0.000001,
  "xrp_usd": 2.49814,
  "bag_xrp": 4.00298e-7,
  "timestamp": "2025-11-01T18:26:09.407Z"
}
