{
  "bag_usd": 0.000001,
  "xrp_usd": 2.85942,
  "bag_xrp": 3.49721e-7,
  "timestamp": "2025-10-09T01:56:37.089Z"
}
