{
  "bag_usd": 0.000001,
  "xrp_usd": 2.18446,
  "bag_xrp": 4.57779e-7,
  "timestamp": "2025-11-28T23:24:50.653Z"
}
