{
  "bag_usd": 0.000001,
  "xrp_usd": 2.54095,
  "bag_xrp": 3.93554e-7,
  "timestamp": "2025-10-12T22:17:01.184Z"
}
