{
  "bag_usd": 0.000001,
  "xrp_usd": 2.18675,
  "bag_xrp": 4.573e-7,
  "timestamp": "2025-11-29T05:10:22.607Z"
}
