{
  "bag_usd": 0.000001,
  "xrp_usd": 2.065,
  "bag_xrp": 4.84262e-7,
  "timestamp": "2025-11-23T04:40:48.156Z"
}
