{
  "bag_usd": 0.000001,
  "xrp_usd": 2.27265,
  "bag_xrp": 4.40015e-7,
  "timestamp": "2025-11-05T17:48:12.260Z"
}
