{
  "bag_usd": 0.000001,
  "xrp_usd": 2.86755,
  "bag_xrp": 3.4873e-7,
  "timestamp": "2025-10-07T19:21:30.073Z"
}
