{
  "bag_usd": 0.000001,
  "xrp_usd": 2.27779,
  "bag_xrp": 4.39022e-7,
  "timestamp": "2025-11-14T22:47:45.430Z"
}
