{
  "bag_usd": 0.000001,
  "xrp_usd": 2.23847,
  "bag_xrp": 4.46734e-7,
  "timestamp": "2025-11-04T16:52:38.783Z"
}
