{
  "bag_usd": 0.000001,
  "xrp_usd": 2.8593,
  "bag_xrp": 3.49736e-7,
  "timestamp": "2025-10-07T19:47:30.544Z"
}
