{
  "bag_usd": 0.000001,
  "xrp_usd": 2.89688,
  "bag_xrp": 3.45199e-7,
  "timestamp": "2025-10-08T21:49:45.086Z"
}
