{
  "bag_usd": 0.000001,
  "xrp_usd": 2.4171,
  "bag_xrp": 4.13719e-7,
  "timestamp": "2025-11-12T09:40:53.013Z"
}
