{
  "bag_usd": 0.000001,
  "xrp_usd": 2.47904,
  "bag_xrp": 4.03382e-7,
  "timestamp": "2025-10-11T17:47:18.380Z"
}
