{
  "bag_usd": 0.000001,
  "xrp_usd": 2.07993,
  "bag_xrp": 4.80785e-7,
  "timestamp": "2025-11-24T15:33:29.340Z"
}
