{
  "bag_usd": 0.000001,
  "xrp_usd": 2.65206,
  "bag_xrp": 3.77065e-7,
  "timestamp": "2025-10-29T11:42:30.894Z"
}
