{
  "bag_usd": 0.000001,
  "xrp_usd": 3.02946,
  "bag_xrp": 3.30092e-7,
  "timestamp": "2025-10-06T20:14:20.777Z"
}
