{
  "bag_usd": 0.000001,
  "xrp_usd": 2.49935,
  "bag_xrp": 4.00104e-7,
  "timestamp": "2025-11-13T11:21:59.468Z"
}
