{
  "bag_usd": 0.000001,
  "xrp_usd": 1.90902,
  "bag_xrp": 5.23829e-7,
  "timestamp": "2025-11-22T09:30:26.816Z"
}
