{
  "bag_usd": 0.000001,
  "xrp_usd": 2.45986,
  "bag_xrp": 4.06527e-7,
  "timestamp": "2025-10-20T17:57:14.689Z"
}
