{
  "bag_usd": 0.000001,
  "xrp_usd": 2.50788,
  "bag_xrp": 3.98743e-7,
  "timestamp": "2025-10-31T22:26:58.245Z"
}
