{
  "bag_usd": 0.000001,
  "xrp_usd": 3.00198,
  "bag_xrp": 3.33113e-7,
  "timestamp": "2025-10-07T05:40:23.550Z"
}
