{
  "bag_usd": 0.000001,
  "xrp_usd": 2.3748,
  "bag_xrp": 4.21088e-7,
  "timestamp": "2025-10-12T05:40:10.361Z"
}
