{
  "bag_usd": 0.000001,
  "xrp_usd": 2.27873,
  "bag_xrp": 4.38841e-7,
  "timestamp": "2025-11-08T21:05:02.654Z"
}
