{
  "bag_usd": 0.000001,
  "xrp_usd": 2.47801,
  "bag_xrp": 4.0355e-7,
  "timestamp": "2025-10-11T15:28:12.027Z"
}
