{
  "bag_usd": 0.000001,
  "xrp_usd": 2.0295,
  "bag_xrp": 4.92732e-7,
  "timestamp": "2025-11-20T21:50:42.510Z"
}
