{
  "bag_usd": 0.000001,
  "xrp_usd": 2.197,
  "bag_xrp": 4.55166e-7,
  "timestamp": "2025-11-25T22:41:29.651Z"
}
