{
  "bag_usd": 0.000001,
  "xrp_usd": 2.4089,
  "bag_xrp": 4.15127e-7,
  "timestamp": "2025-10-22T07:42:45.516Z"
}
