{
  "bag_usd": 0.000001,
  "xrp_usd": 2.65983,
  "bag_xrp": 3.75964e-7,
  "timestamp": "2025-10-28T08:48:59.874Z"
}
