{
  "bag_usd": 0.000001,
  "xrp_usd": 2.21316,
  "bag_xrp": 4.51843e-7,
  "timestamp": "2025-11-16T20:43:41.355Z"
}
