{
  "bag_usd": 0.000001,
  "xrp_usd": 2.34999,
  "bag_xrp": 4.25534e-7,
  "timestamp": "2025-10-16T15:57:12.746Z"
}
