{
  "bag_usd": 0.000001,
  "xrp_usd": 2.23804,
  "bag_xrp": 4.4682e-7,
  "timestamp": "2025-11-15T20:54:01.274Z"
}
