{
  "bag_usd": 0.000001,
  "xrp_usd": 2.335,
  "bag_xrp": 4.28266e-7,
  "timestamp": "2025-11-12T17:16:32.308Z"
}
