{
  "bag_usd": 0.000001,
  "xrp_usd": 1.93578,
  "bag_xrp": 5.16588e-7,
  "timestamp": "2025-11-22T22:00:12.415Z"
}
