{
  "bag_usd": 0.000001,
  "xrp_usd": 2.48505,
  "bag_xrp": 4.02406e-7,
  "timestamp": "2025-10-20T19:33:49.172Z"
}
