{
  "bag_usd": 0.000001,
  "xrp_usd": 2.34402,
  "bag_xrp": 4.26618e-7,
  "timestamp": "2025-10-18T15:37:35.390Z"
}
