{
  "bag_usd": 0.000001,
  "xrp_usd": 2.27718,
  "bag_xrp": 4.3914e-7,
  "timestamp": "2025-11-09T12:56:00.121Z"
}
