{
  "bag_usd": 0.000001,
  "xrp_usd": 2.28315,
  "bag_xrp": 4.37991e-7,
  "timestamp": "2025-11-15T07:56:14.699Z"
}
