{
  "bag_usd": 0.000001,
  "xrp_usd": 2.15425,
  "bag_xrp": 4.64199e-7,
  "timestamp": "2025-11-19T07:27:44.154Z"
}
