{
  "bag_usd": 0.000001,
  "xrp_usd": 2.50753,
  "bag_xrp": 3.98799e-7,
  "timestamp": "2025-10-24T21:48:25.402Z"
}
