{
  "bag_usd": 0.000001,
  "xrp_usd": 2.25956,
  "bag_xrp": 4.42564e-7,
  "timestamp": "2025-11-08T19:31:52.437Z"
}
