{
  "bag_usd": 0.000001,
  "xrp_usd": 2.30655,
  "bag_xrp": 4.33548e-7,
  "timestamp": "2025-11-09T17:56:55.351Z"
}
