{
  "bag_usd": 0.000001,
  "xrp_usd": 2.42275,
  "bag_xrp": 4.12754e-7,
  "timestamp": "2025-10-21T05:27:15.265Z"
}
