{
  "bag_usd": 0.000001,
  "xrp_usd": 2.31975,
  "bag_xrp": 4.31081e-7,
  "timestamp": "2025-10-10T22:39:29.472Z"
}
