{
  "bag_usd": 0.000001,
  "xrp_usd": 2.82974,
  "bag_xrp": 3.53389e-7,
  "timestamp": "2025-10-09T12:56:07.957Z"
}
