{
  "bag_usd": 0.000001,
  "xrp_usd": 2.59003,
  "bag_xrp": 3.86096e-7,
  "timestamp": "2025-10-25T16:48:50.267Z"
}
