{
  "bag_usd": 0.000001,
  "xrp_usd": 2.8672,
  "bag_xrp": 3.48772e-7,
  "timestamp": "2025-10-08T15:29:03.476Z"
}
