{
  "bag_usd": 0.000001,
  "xrp_usd": 2.90869,
  "bag_xrp": 3.43797e-7,
  "timestamp": "2025-10-08T19:27:25.001Z"
}
