{
  "bag_usd": 0.000001,
  "xrp_usd": 2.27445,
  "bag_xrp": 4.39667e-7,
  "timestamp": "2025-11-14T20:31:25.936Z"
}
