{
  "bag_usd": 0.000001,
  "xrp_usd": 2.26405,
  "bag_xrp": 4.41686e-7,
  "timestamp": "2025-11-17T07:43:19.053Z"
}
