{
  "bag_usd": 0.000001,
  "xrp_usd": 2.49635,
  "bag_xrp": 4.00585e-7,
  "timestamp": "2025-11-02T22:33:24.057Z"
}
