{
  "bag_usd": 0.000001,
  "xrp_usd": 2.20145,
  "bag_xrp": 4.54246e-7,
  "timestamp": "2025-11-25T11:41:32.254Z"
}
