{
  "bag_usd": 0.000001,
  "xrp_usd": 2.44834,
  "bag_xrp": 4.0844e-7,
  "timestamp": "2025-10-11T14:40:30.065Z"
}
