{
  "bag_usd": 0.000001,
  "xrp_usd": 2.2844,
  "bag_xrp": 4.37752e-7,
  "timestamp": "2025-11-08T22:01:06.704Z"
}
