{
  "bag_usd": 0.000001,
  "xrp_usd": 2.40817,
  "bag_xrp": 4.15253e-7,
  "timestamp": "2025-11-03T09:34:05.934Z"
}
