{
  "bag_usd": 0.000001,
  "xrp_usd": 2.50718,
  "bag_xrp": 3.98854e-7,
  "timestamp": "2025-10-14T17:37:57.326Z"
}
