{
  "bag_usd": 0.000001,
  "xrp_usd": 2.49076,
  "bag_xrp": 4.01484e-7,
  "timestamp": "2025-11-01T22:18:57.113Z"
}
