{
  "bag_usd": 0.000001,
  "xrp_usd": 2.30291,
  "bag_xrp": 4.34233e-7,
  "timestamp": "2025-11-09T18:33:08.018Z"
}
