{
  "bag_usd": 0.000001,
  "xrp_usd": 2.49374,
  "bag_xrp": 4.01004e-7,
  "timestamp": "2025-10-15T12:00:38.229Z"
}
