{
  "bag_usd": 0.000001,
  "xrp_usd": 2.14026,
  "bag_xrp": 4.67233e-7,
  "timestamp": "2025-11-18T06:38:25.987Z"
}
