{
  "bag_usd": 0.000001,
  "xrp_usd": 2.40992,
  "bag_xrp": 4.14952e-7,
  "timestamp": "2025-11-03T08:59:57.124Z"
}
