{
  "bag_usd": 0.000001,
  "xrp_usd": 2.13414,
  "bag_xrp": 4.68573e-7,
  "timestamp": "2025-11-17T19:26:41.684Z"
}
