{
  "bag_usd": 0.000001,
  "xrp_usd": 2.64578,
  "bag_xrp": 3.7796e-7,
  "timestamp": "2025-10-26T23:53:42.583Z"
}
