{
  "bag_usd": 0.000001,
  "xrp_usd": 1.99619,
  "bag_xrp": 5.00954e-7,
  "timestamp": "2025-11-20T19:49:33.225Z"
}
