{
  "bag_usd": 0.000001,
  "xrp_usd": 2.46035,
  "bag_xrp": 4.06446e-7,
  "timestamp": "2025-10-11T13:51:51.710Z"
}
