{
  "bag_usd": 0.000001,
  "xrp_usd": 2.80001,
  "bag_xrp": 3.57142e-7,
  "timestamp": "2025-10-09T19:32:11.062Z"
}
