{
  "bag_usd": 0.000001,
  "xrp_usd": 2.48989,
  "bag_xrp": 4.01624e-7,
  "timestamp": "2025-10-20T23:47:34.811Z"
}
