{
  "bag_usd": 0.000001,
  "xrp_usd": 2.1873,
  "bag_xrp": 4.57185e-7,
  "timestamp": "2025-11-28T21:49:28.131Z"
}
