{
  "bag_usd": 0.000001,
  "xrp_usd": 2.50118,
  "bag_xrp": 3.99811e-7,
  "timestamp": "2025-10-24T22:27:34.920Z"
}
