{
  "bag_usd": 0.000001,
  "xrp_usd": 2.3435,
  "bag_xrp": 4.26712e-7,
  "timestamp": "2025-10-22T21:15:59.014Z"
}
