{
  "bag_usd": 0.000001,
  "xrp_usd": 2.4335,
  "bag_xrp": 4.10931e-7,
  "timestamp": "2025-10-21T06:53:08.202Z"
}
