{
  "bag_usd": 0.000001,
  "xrp_usd": 2.29792,
  "bag_xrp": 4.35176e-7,
  "timestamp": "2025-11-06T13:37:39.516Z"
}
