{
  "bag_usd": 0.000001,
  "xrp_usd": 2.40819,
  "bag_xrp": 4.1525e-7,
  "timestamp": "2025-10-23T15:28:13.294Z"
}
