{
  "bag_usd": 0.000001,
  "xrp_usd": 2.43551,
  "bag_xrp": 4.10592e-7,
  "timestamp": "2025-11-11T14:15:19.891Z"
}
