{
  "bag_usd": 0.000001,
  "xrp_usd": 2.34841,
  "bag_xrp": 4.2582e-7,
  "timestamp": "2025-11-05T21:51:48.861Z"
}
