{
  "bag_usd": 0.000001,
  "xrp_usd": 2.16225,
  "bag_xrp": 4.62481e-7,
  "timestamp": "2025-11-25T15:21:32.948Z"
}
