{
  "bag_usd": 0.000001,
  "xrp_usd": 2.22469,
  "bag_xrp": 4.49501e-7,
  "timestamp": "2025-11-18T22:47:39.163Z"
}
