{
  "bag_usd": 0.000001,
  "xrp_usd": 2.49035,
  "bag_xrp": 4.0155e-7,
  "timestamp": "2025-10-15T11:36:26.372Z"
}
