{
  "bag_usd": 0.000001,
  "xrp_usd": 2.3506,
  "bag_xrp": 4.25423e-7,
  "timestamp": "2025-10-17T04:46:58.704Z"
}
