{
  "bag_usd": 0.000001,
  "xrp_usd": 2.4988,
  "bag_xrp": 4.00192e-7,
  "timestamp": "2025-11-02T17:40:51.380Z"
}
