{
  "bag_usd": 0.000001,
  "xrp_usd": 2.5095,
  "bag_xrp": 3.98486e-7,
  "timestamp": "2025-11-01T16:56:22.881Z"
}
