{
  "bag_usd": 0.000001,
  "xrp_usd": 2.43639,
  "bag_xrp": 4.10443e-7,
  "timestamp": "2025-10-24T07:51:52.730Z"
}
