{
  "bag_usd": 0.000001,
  "xrp_usd": 2.19501,
  "bag_xrp": 4.55579e-7,
  "timestamp": "2025-11-25T16:57:35.219Z"
}
