{
  "bag_usd": 0.000001,
  "xrp_usd": 2.20227,
  "bag_xrp": 4.54077e-7,
  "timestamp": "2025-11-04T19:17:43.693Z"
}
