{
  "bag_usd": 0.000001,
  "xrp_usd": 2.3715,
  "bag_xrp": 4.21674e-7,
  "timestamp": "2025-10-19T09:52:37.567Z"
}
