{
  "bag_usd": 0.000001,
  "xrp_usd": 2.23031,
  "bag_xrp": 4.48368e-7,
  "timestamp": "2025-11-27T20:32:39.017Z"
}
