{
  "bag_usd": 0.000001,
  "xrp_usd": 2.47886,
  "bag_xrp": 4.03411e-7,
  "timestamp": "2025-11-02T19:38:12.998Z"
}
