{
  "bag_usd": 0.000001,
  "xrp_usd": 2.25355,
  "bag_xrp": 4.43744e-7,
  "timestamp": "2025-11-05T05:39:46.673Z"
}
