{
  "bag_usd": 0.000001,
  "xrp_usd": 2.2299,
  "bag_xrp": 4.48451e-7,
  "timestamp": "2025-11-28T09:44:17.647Z"
}
