{
  "bag_usd": 0.000001,
  "xrp_usd": 2.2146,
  "bag_xrp": 4.51549e-7,
  "timestamp": "2025-11-28T05:51:21.207Z"
}
