{
  "bag_usd": 0.000001,
  "xrp_usd": 2.50532,
  "bag_xrp": 3.99151e-7,
  "timestamp": "2025-11-01T08:46:23.985Z"
}
