{
  "bag_usd": 0.000001,
  "xrp_usd": 2.34985,
  "bag_xrp": 4.25559e-7,
  "timestamp": "2025-11-03T18:52:43.020Z"
}
