{
  "bag_usd": 0.000001,
  "xrp_usd": 2.45109,
  "bag_xrp": 4.07982e-7,
  "timestamp": "2025-10-11T13:27:19.037Z"
}
