{
  "bag_usd": 0.000001,
  "xrp_usd": 2.60998,
  "bag_xrp": 3.83145e-7,
  "timestamp": "2025-10-25T14:46:11.509Z"
}
