{
  "bag_usd": 0.000001,
  "xrp_usd": 2.40135,
  "bag_xrp": 4.16432e-7,
  "timestamp": "2025-10-23T16:49:33.979Z"
}
