{
  "bag_usd": 0.000001,
  "xrp_usd": 2.35184,
  "bag_xrp": 4.25199e-7,
  "timestamp": "2025-10-17T05:26:25.645Z"
}
