{
  "bag_usd": 0.000001,
  "xrp_usd": 1.98591,
  "bag_xrp": 5.03547e-7,
  "timestamp": "2025-11-21T03:58:28.320Z"
}
