{
  "bag_usd": 0.000001,
  "xrp_usd": 2.41139,
  "bag_xrp": 4.14699e-7,
  "timestamp": "2025-10-11T07:39:38.821Z"
}
