{
  "bag_usd": 0.000001,
  "xrp_usd": 1.91654,
  "bag_xrp": 5.21774e-7,
  "timestamp": "2025-11-21T22:51:21.565Z"
}
