{
  "bag_usd": 0.000001,
  "xrp_usd": 2.14446,
  "bag_xrp": 4.66318e-7,
  "timestamp": "2025-11-18T04:45:17.371Z"
}
