{
  "bag_usd": 0.000001,
  "xrp_usd": 2.4446,
  "bag_xrp": 4.09065e-7,
  "timestamp": "2025-10-11T14:52:27.754Z"
}
