{
  "bag_usd": 0.000001,
  "xrp_usd": 2.39575,
  "bag_xrp": 4.17406e-7,
  "timestamp": "2025-10-24T01:57:16.748Z"
}
