{
  "bag_usd": 0.000001,
  "xrp_usd": 2.63671,
  "bag_xrp": 3.79261e-7,
  "timestamp": "2025-10-27T23:50:02.717Z"
}
