{
  "bag_usd": 0.000001,
  "xrp_usd": 2.80424,
  "bag_xrp": 3.56603e-7,
  "timestamp": "2025-10-09T23:52:42.583Z"
}
