{
  "bag_usd": 0.000001,
  "xrp_usd": 2.04117,
  "bag_xrp": 4.89915e-7,
  "timestamp": "2025-11-23T14:57:33.810Z"
}
