{
  "bag_usd": 0.000001,
  "xrp_usd": 2.656,
  "bag_xrp": 3.76506e-7,
  "timestamp": "2025-10-28T10:50:00.920Z"
}
