{
  "bag_usd": 0.000001,
  "xrp_usd": 2.35331,
  "bag_xrp": 4.24933e-7,
  "timestamp": "2025-10-19T05:45:22.763Z"
}
