{
  "bag_usd": 0.000001,
  "xrp_usd": 2.50669,
  "bag_xrp": 3.98932e-7,
  "timestamp": "2025-11-01T10:32:55.967Z"
}
