{
  "bag_usd": 0.000001,
  "xrp_usd": 2.63521,
  "bag_xrp": 3.79476e-7,
  "timestamp": "2025-10-29T07:27:10.123Z"
}
