{
  "bag_usd": 0.000001,
  "xrp_usd": 2.48595,
  "bag_xrp": 4.02261e-7,
  "timestamp": "2025-10-31T05:10:55.719Z"
}
