{
  "bag_usd": 0.000001,
  "xrp_usd": 2.47148,
  "bag_xrp": 4.04616e-7,
  "timestamp": "2025-10-20T15:35:09.349Z"
}
