{
  "bag_usd": 0.000001,
  "xrp_usd": 2.55624,
  "bag_xrp": 3.912e-7,
  "timestamp": "2025-10-13T05:17:46.209Z"
}
