{
  "bag_usd": 0.000001,
  "xrp_usd": 2.22835,
  "bag_xrp": 4.48763e-7,
  "timestamp": "2025-11-05T11:28:46.966Z"
}
