{
  "bag_usd": 0.000001,
  "xrp_usd": 2.51154,
  "bag_xrp": 3.98162e-7,
  "timestamp": "2025-11-01T05:24:07.916Z"
}
