{
  "bag_usd": 0.000001,
  "xrp_usd": 1.95001,
  "bag_xrp": 5.12818e-7,
  "timestamp": "2025-11-21T22:21:09.578Z"
}
