{
  "bag_usd": 0.000001,
  "xrp_usd": 2.62483,
  "bag_xrp": 3.80977e-7,
  "timestamp": "2025-10-28T19:54:36.207Z"
}
