{
  "bag_usd": 0.000001,
  "xrp_usd": 2.39104,
  "bag_xrp": 4.18228e-7,
  "timestamp": "2025-10-22T19:19:19.241Z"
}
