{
  "bag_usd": 0.000001,
  "xrp_usd": 2.24918,
  "bag_xrp": 4.44606e-7,
  "timestamp": "2025-11-16T04:02:03.122Z"
}
