{
  "bag_usd": 0.000001,
  "xrp_usd": 2.3496,
  "bag_xrp": 4.25604e-7,
  "timestamp": "2025-11-04T04:33:00.989Z"
}
