{
  "bag_usd": 0.000001,
  "xrp_usd": 2.27977,
  "bag_xrp": 4.38641e-7,
  "timestamp": "2025-11-08T21:24:07.433Z"
}
