{
  "bag_usd": 0.000001,
  "xrp_usd": 2.26666,
  "bag_xrp": 4.41178e-7,
  "timestamp": "2025-11-14T20:58:27.898Z"
}
