{
  "bag_usd": 0.000001,
  "xrp_usd": 2.28178,
  "bag_xrp": 4.38254e-7,
  "timestamp": "2025-11-06T12:57:09.637Z"
}
