{
  "bag_usd": 0.000001,
  "xrp_usd": 2.61987,
  "bag_xrp": 3.81698e-7,
  "timestamp": "2025-10-29T15:57:42.557Z"
}
