{
  "bag_usd": 0.000001,
  "xrp_usd": 2.4124,
  "bag_xrp": 4.14525e-7,
  "timestamp": "2025-10-16T00:00:06.604Z"
}
