{
  "bag_usd": 0.000001,
  "xrp_usd": 2.05397,
  "bag_xrp": 4.86862e-7,
  "timestamp": "2025-11-23T23:25:30.419Z"
}
