{
  "bag_usd": 0.000001,
  "xrp_usd": 2.26761,
  "bag_xrp": 4.40993e-7,
  "timestamp": "2025-11-04T13:23:39.426Z"
}
