{
  "bag_usd": 0.000001,
  "xrp_usd": 2.24932,
  "bag_xrp": 4.44579e-7,
  "timestamp": "2025-11-05T04:53:30.623Z"
}
