{
  "bag_usd": 0.000001,
  "xrp_usd": 2.47202,
  "bag_xrp": 4.04527e-7,
  "timestamp": "2025-10-20T15:15:20.600Z"
}
