{
  "bag_usd": 0.000001,
  "xrp_usd": 1.93226,
  "bag_xrp": 5.17529e-7,
  "timestamp": "2025-11-22T21:48:32.560Z"
}
