{
  "bag_usd": 0.000001,
  "xrp_usd": 2.30982,
  "bag_xrp": 4.32934e-7,
  "timestamp": "2025-11-03T23:43:45.344Z"
}
