{
  "bag_usd": 0.000001,
  "xrp_usd": 2.32285,
  "bag_xrp": 4.30506e-7,
  "timestamp": "2025-10-12T02:54:53.884Z"
}
