{
  "bag_usd": 0.000001,
  "xrp_usd": 2.21158,
  "bag_xrp": 4.52165e-7,
  "timestamp": "2025-11-16T14:19:03.111Z"
}
