{
  "bag_usd": 0.000001,
  "xrp_usd": 2.63827,
  "bag_xrp": 3.79036e-7,
  "timestamp": "2025-10-29T14:54:45.829Z"
}
