{
  "bag_usd": 0.000001,
  "xrp_usd": 1.91063,
  "bag_xrp": 5.23388e-7,
  "timestamp": "2025-11-21T23:13:05.907Z"
}
