{
  "bag_usd": 0.000001,
  "xrp_usd": 1.93594,
  "bag_xrp": 5.16545e-7,
  "timestamp": "2025-11-21T13:54:16.056Z"
}
