{
  "bag_usd": 0.000001,
  "xrp_usd": 2.01832,
  "bag_xrp": 4.95462e-7,
  "timestamp": "2025-11-23T07:31:07.280Z"
}
