{
  "bag_usd": 0.000001,
  "xrp_usd": 2.43326,
  "bag_xrp": 4.10971e-7,
  "timestamp": "2025-10-11T06:18:04.025Z"
}
