{
  "bag_usd": 0.000001,
  "xrp_usd": 2.46134,
  "bag_xrp": 4.06283e-7,
  "timestamp": "2025-10-11T10:44:45.869Z"
}
