{
  "bag_usd": 0.000001,
  "xrp_usd": 2.52683,
  "bag_xrp": 3.95753e-7,
  "timestamp": "2025-11-02T23:59:43.474Z"
}
