{
  "bag_usd": 0.000001,
  "xrp_usd": 2.48735,
  "bag_xrp": 4.02034e-7,
  "timestamp": "2025-10-31T11:22:08.869Z"
}
