{
  "bag_usd": 0.000001,
  "xrp_usd": 2.57801,
  "bag_xrp": 3.87896e-7,
  "timestamp": "2025-11-10T20:49:54.649Z"
}
