{
  "bag_usd": 0.000001,
  "xrp_usd": 2.36905,
  "bag_xrp": 4.2211e-7,
  "timestamp": "2025-10-18T13:56:44.429Z"
}
