{
  "bag_usd": 0.000001,
  "xrp_usd": 2.50305,
  "bag_xrp": 3.99513e-7,
  "timestamp": "2025-11-01T10:10:32.787Z"
}
