{
  "bag_usd": 0.000001,
  "xrp_usd": 2.40476,
  "bag_xrp": 4.15842e-7,
  "timestamp": "2025-11-03T11:55:17.703Z"
}
