{
  "bag_usd": 0.000001,
  "xrp_usd": 2.6467,
  "bag_xrp": 3.77829e-7,
  "timestamp": "2025-10-28T16:37:34.984Z"
}
