{
  "bag_usd": 0.000001,
  "xrp_usd": 2.40545,
  "bag_xrp": 4.15723e-7,
  "timestamp": "2025-10-22T06:59:54.318Z"
}
