{
  "bag_usd": 0.000001,
  "xrp_usd": 2.58284,
  "bag_xrp": 3.87171e-7,
  "timestamp": "2025-10-30T03:18:04.057Z"
}
