{
  "bag_usd": 0.000001,
  "xrp_usd": 2.16625,
  "bag_xrp": 4.61627e-7,
  "timestamp": "2025-11-19T07:55:32.247Z"
}
