{
  "bag_usd": 0.000001,
  "xrp_usd": 2.49265,
  "bag_xrp": 4.01179e-7,
  "timestamp": "2025-11-01T15:47:27.344Z"
}
