{
  "bag_usd": 0.000001,
  "xrp_usd": 2.40853,
  "bag_xrp": 4.15191e-7,
  "timestamp": "2025-10-22T13:18:41.229Z"
}
