{
  "bag_usd": 0.000001,
  "xrp_usd": 2.60558,
  "bag_xrp": 3.83792e-7,
  "timestamp": "2025-10-13T10:41:35.964Z"
}
