{
  "bag_usd": 0.000001,
  "xrp_usd": 2.47656,
  "bag_xrp": 4.03786e-7,
  "timestamp": "2025-11-10T07:31:19.222Z"
}
