{
  "bag_usd": 0.000001,
  "xrp_usd": 2.40725,
  "bag_xrp": 4.15412e-7,
  "timestamp": "2025-10-22T07:55:13.879Z"
}
