{
  "bag_usd": 0.000001,
  "xrp_usd": 2.40885,
  "bag_xrp": 4.15136e-7,
  "timestamp": "2025-10-23T07:51:14.474Z"
}
