{
  "bag_usd": 0.000001,
  "xrp_usd": 2.56025,
  "bag_xrp": 3.90587e-7,
  "timestamp": "2025-11-10T13:47:22.771Z"
}
