{
  "bag_usd": 0.000001,
  "xrp_usd": 2.11862,
  "bag_xrp": 4.72005e-7,
  "timestamp": "2025-11-20T10:00:32.752Z"
}
