{
  "bag_usd": 0.000001,
  "xrp_usd": 2.37915,
  "bag_xrp": 4.20318e-7,
  "timestamp": "2025-10-23T04:18:13.515Z"
}
