{
  "bag_usd": 0.000001,
  "xrp_usd": 2.36688,
  "bag_xrp": 4.22497e-7,
  "timestamp": "2025-10-18T17:59:03.319Z"
}
