{
  "bag_usd": 0.000001,
  "xrp_usd": 2.22264,
  "bag_xrp": 4.49915e-7,
  "timestamp": "2025-11-16T23:42:21.190Z"
}
