{
  "bag_usd": 0.000001,
  "xrp_usd": 2.04345,
  "bag_xrp": 4.89368e-7,
  "timestamp": "2025-11-19T20:54:58.994Z"
}
