{
  "bag_usd": 0.000001,
  "xrp_usd": 2.36601,
  "bag_xrp": 4.22652e-7,
  "timestamp": "2025-10-18T22:24:15.767Z"
}
