{
  "bag_usd": 0.000001,
  "xrp_usd": 2.62668,
  "bag_xrp": 3.80709e-7,
  "timestamp": "2025-10-26T17:32:54.157Z"
}
