{
  "bag_usd": 0.000001,
  "xrp_usd": 2.19445,
  "bag_xrp": 4.55695e-7,
  "timestamp": "2025-11-16T22:38:03.173Z"
}
