{
  "bag_usd": 0.000001,
  "xrp_usd": 2.403,
  "bag_xrp": 4.16146e-7,
  "timestamp": "2025-10-23T13:55:40.549Z"
}
