{
  "bag_usd": 0.000001,
  "xrp_usd": 2.49466,
  "bag_xrp": 4.00856e-7,
  "timestamp": "2025-10-31T17:25:14.033Z"
}
