{
  "bag_usd": 0.000001,
  "xrp_usd": 2.41501,
  "bag_xrp": 4.14077e-7,
  "timestamp": "2025-10-30T21:38:33.181Z"
}
