{
  "bag_usd": 0.000001,
  "xrp_usd": 2.4026,
  "bag_xrp": 4.16216e-7,
  "timestamp": "2025-10-23T17:30:37.607Z"
}
