{
  "bag_usd": 0.000001,
  "xrp_usd": 2.18017,
  "bag_xrp": 4.5868e-7,
  "timestamp": "2025-11-29T09:34:23.080Z"
}
