{
  "bag_usd": 0.000001,
  "xrp_usd": 2.64187,
  "bag_xrp": 3.7852e-7,
  "timestamp": "2025-10-26T09:52:54.594Z"
}
