{
  "bag_usd": 0.000001,
  "xrp_usd": 2.48433,
  "bag_xrp": 4.02523e-7,
  "timestamp": "2025-11-13T05:47:05.382Z"
}
