{
  "bag_usd": 0.000001,
  "xrp_usd": 2.11646,
  "bag_xrp": 4.72487e-7,
  "timestamp": "2025-11-20T10:49:35.171Z"
}
