{
  "bag_usd": 0.000001,
  "xrp_usd": 2.39105,
  "bag_xrp": 4.18226e-7,
  "timestamp": "2025-10-12T09:40:21.790Z"
}
