{
  "bag_usd": 0.000001,
  "xrp_usd": 2.26575,
  "bag_xrp": 4.41355e-7,
  "timestamp": "2025-11-16T07:31:58.533Z"
}
