{
  "bag_usd": 0.000001,
  "xrp_usd": 2.56191,
  "bag_xrp": 3.90334e-7,
  "timestamp": "2025-10-12T20:30:59.699Z"
}
