{
  "bag_usd": 0.000001,
  "xrp_usd": 2.1715,
  "bag_xrp": 4.60511e-7,
  "timestamp": "2025-11-28T18:44:16.916Z"
}
