{
  "bag_usd": 0.000001,
  "xrp_usd": 2.56452,
  "bag_xrp": 3.89937e-7,
  "timestamp": "2025-10-14T03:53:11.188Z"
}
