{
  "bag_usd": 0.000001,
  "xrp_usd": 2.38385,
  "bag_xrp": 4.19489e-7,
  "timestamp": "2025-10-11T03:49:03.246Z"
}
