{
  "bag_usd": 0.000001,
  "xrp_usd": 2.17988,
  "bag_xrp": 4.58741e-7,
  "timestamp": "2025-11-18T14:53:59.898Z"
}
