{
  "bag_usd": 0.000001,
  "xrp_usd": 2.19618,
  "bag_xrp": 4.55336e-7,
  "timestamp": "2025-11-28T05:14:07.145Z"
}
