{
  "bag_usd": 0.000001,
  "xrp_usd": 2.64175,
  "bag_xrp": 3.78537e-7,
  "timestamp": "2025-10-27T04:37:12.717Z"
}
