{
  "bag_usd": 0.000001,
  "xrp_usd": 2.45479,
  "bag_xrp": 4.07367e-7,
  "timestamp": "2025-10-24T09:55:53.069Z"
}
