{
  "bag_usd": 0.000001,
  "xrp_usd": 2.49505,
  "bag_xrp": 4.00794e-7,
  "timestamp": "2025-11-02T20:54:44.634Z"
}
