{
  "bag_usd": 0.000001,
  "xrp_usd": 2.63554,
  "bag_xrp": 3.79429e-7,
  "timestamp": "2025-10-28T15:59:50.775Z"
}
