{
  "bag_usd": 0.000001,
  "xrp_usd": 2.19282,
  "bag_xrp": 4.56034e-7,
  "timestamp": "2025-11-17T17:22:21.546Z"
}
