{
  "bag_usd": 0.000001,
  "xrp_usd": 2.66221,
  "bag_xrp": 3.75628e-7,
  "timestamp": "2025-10-28T09:47:52.606Z"
}
