{
  "bag_usd": 0.000001,
  "xrp_usd": 2.38643,
  "bag_xrp": 4.19036e-7,
  "timestamp": "2025-10-23T21:09:12.737Z"
}
