{
  "bag_usd": 0.000001,
  "xrp_usd": 2.36284,
  "bag_xrp": 4.2322e-7,
  "timestamp": "2025-10-22T23:53:30.708Z"
}
