{
  "bag_usd": 0.000001,
  "xrp_usd": 2.36005,
  "bag_xrp": 4.2372e-7,
  "timestamp": "2025-10-18T14:36:22.744Z"
}
