{
  "bag_usd": 0.000001,
  "xrp_usd": 2.45955,
  "bag_xrp": 4.06578e-7,
  "timestamp": "2025-10-21T03:46:04.437Z"
}
