{
  "bag_usd": 0.000001,
  "xrp_usd": 2.12614,
  "bag_xrp": 4.70336e-7,
  "timestamp": "2025-11-20T01:48:01.277Z"
}
