{
  "bag_usd": 0.000001,
  "xrp_usd": 2.99025,
  "bag_xrp": 3.3442e-7,
  "timestamp": "2025-10-06T06:53:47.324Z"
}
