{
  "bag_usd": 0.000001,
  "xrp_usd": 2.4594,
  "bag_xrp": 4.06603e-7,
  "timestamp": "2025-11-11T11:59:33.257Z"
}
