{
  "bag_usd": 0.000001,
  "xrp_usd": 2.38285,
  "bag_xrp": 4.19666e-7,
  "timestamp": "2025-10-22T09:44:07.270Z"
}
