{
  "bag_usd": 0.000001,
  "xrp_usd": 2.36715,
  "bag_xrp": 4.22449e-7,
  "timestamp": "2025-10-18T20:48:23.284Z"
}
