{
  "bag_usd": 0.000001,
  "xrp_usd": 2.54279,
  "bag_xrp": 3.93269e-7,
  "timestamp": "2025-10-25T07:51:52.518Z"
}
