{
  "bag_usd": 0.000001,
  "xrp_usd": 2.44388,
  "bag_xrp": 4.09185e-7,
  "timestamp": "2025-10-24T11:38:13.686Z"
}
