{
  "bag_usd": 0.000001,
  "xrp_usd": 2.4581,
  "bag_xrp": 4.06818e-7,
  "timestamp": "2025-10-14T11:27:17.748Z"
}
