{
  "bag_usd": 0.000001,
  "xrp_usd": 2.45282,
  "bag_xrp": 4.07694e-7,
  "timestamp": "2025-10-14T07:59:23.509Z"
}
