{
  "bag_usd": 0.000001,
  "xrp_usd": 2.68429,
  "bag_xrp": 3.72538e-7,
  "timestamp": "2025-10-27T16:53:29.975Z"
}
