{
  "bag_usd": 0.000001,
  "xrp_usd": 2.336,
  "bag_xrp": 4.28082e-7,
  "timestamp": "2025-11-07T22:25:48.349Z"
}
