{
  "bag_usd": 0.000001,
  "xrp_usd": 2.22714,
  "bag_xrp": 4.49006e-7,
  "timestamp": "2025-11-06T17:40:12.905Z"
}
