{
  "bag_usd": 0.000001,
  "xrp_usd": 2.43959,
  "bag_xrp": 4.09905e-7,
  "timestamp": "2025-10-20T16:34:24.468Z"
}
