{
  "bag_usd": 0.000001,
  "xrp_usd": 2.38122,
  "bag_xrp": 4.19953e-7,
  "timestamp": "2025-10-22T19:43:29.863Z"
}
