{
  "bag_usd": 0.000001,
  "xrp_usd": 2.24808,
  "bag_xrp": 4.44824e-7,
  "timestamp": "2025-11-14T23:25:48.761Z"
}
