{
  "bag_usd": 0.000001,
  "xrp_usd": 2.50507,
  "bag_xrp": 3.9919e-7,
  "timestamp": "2025-10-15T09:43:05.568Z"
}
