{
  "bag_usd": 0.000001,
  "xrp_usd": 2.4658,
  "bag_xrp": 4.05548e-7,
  "timestamp": "2025-10-30T15:27:42.511Z"
}
