{
  "bag_usd": 0.000001,
  "xrp_usd": 2.59377,
  "bag_xrp": 3.85539e-7,
  "timestamp": "2025-10-13T06:47:40.593Z"
}
