{
  "bag_usd": 0.000001,
  "xrp_usd": 2.41236,
  "bag_xrp": 4.14532e-7,
  "timestamp": "2025-10-15T22:33:21.907Z"
}
