{
  "bag_usd": 0.000001,
  "xrp_usd": 2.32945,
  "bag_xrp": 4.29286e-7,
  "timestamp": "2025-11-07T22:54:35.437Z"
}
