{
  "bag_usd": 0.000001,
  "xrp_usd": 2.29287,
  "bag_xrp": 4.36135e-7,
  "timestamp": "2025-11-13T21:54:21.891Z"
}
