{
  "bag_usd": 0.000001,
  "xrp_usd": 1.90401,
  "bag_xrp": 5.25207e-7,
  "timestamp": "2025-11-22T11:06:53.908Z"
}
