{
  "bag_usd": 0.000001,
  "xrp_usd": 2.304,
  "bag_xrp": 4.34028e-7,
  "timestamp": "2025-10-16T20:48:25.345Z"
}
