{
  "bag_usd": 0.000001,
  "xrp_usd": 2.508,
  "bag_xrp": 3.98724e-7,
  "timestamp": "2025-11-01T17:42:47.674Z"
}
