{
  "bag_usd": 0.000001,
  "xrp_usd": 2.3899,
  "bag_xrp": 4.18428e-7,
  "timestamp": "2025-10-11T23:43:08.824Z"
}
