{
  "bag_usd": 0.000001,
  "xrp_usd": 1.94367,
  "bag_xrp": 5.14491e-7,
  "timestamp": "2025-11-22T07:36:23.199Z"
}
