{
  "bag_usd": 0.000001,
  "xrp_usd": 2.29413,
  "bag_xrp": 4.35895e-7,
  "timestamp": "2025-11-03T23:15:00.886Z"
}
