{
  "bag_usd": 0.000001,
  "xrp_usd": 2.22862,
  "bag_xrp": 4.48708e-7,
  "timestamp": "2025-11-27T20:57:24.937Z"
}
