{
  "bag_usd": 0.000001,
  "xrp_usd": 2.42826,
  "bag_xrp": 4.11818e-7,
  "timestamp": "2025-10-24T04:42:25.981Z"
}
