{
  "bag_usd": 0.000001,
  "xrp_usd": 2.49895,
  "bag_xrp": 4.00168e-7,
  "timestamp": "2025-10-21T15:18:35.266Z"
}
