{
  "bag_usd": 0.000001,
  "xrp_usd": 2.97405,
  "bag_xrp": 3.36242e-7,
  "timestamp": "2025-10-06T05:56:02.240Z"
}
