{
  "bag_usd": 0.000001,
  "xrp_usd": 2.51042,
  "bag_xrp": 3.9834e-7,
  "timestamp": "2025-11-13T10:42:32.429Z"
}
