{
  "bag_usd": 0.000001,
  "xrp_usd": 2.1402,
  "bag_xrp": 4.67246e-7,
  "timestamp": "2025-11-19T10:43:53.282Z"
}
