{
  "bag_usd": 0.000001,
  "xrp_usd": 2.34086,
  "bag_xrp": 4.27193e-7,
  "timestamp": "2025-10-19T08:37:04.574Z"
}
