{
  "bag_usd": 0.000001,
  "xrp_usd": 2.62871,
  "bag_xrp": 3.80415e-7,
  "timestamp": "2025-10-13T07:27:36.324Z"
}
