{
  "bag_usd": 0.000001,
  "xrp_usd": 2.66672,
  "bag_xrp": 3.74993e-7,
  "timestamp": "2025-10-28T09:59:54.082Z"
}
