{
  "bag_usd": 0.000001,
  "xrp_usd": 2.25417,
  "bag_xrp": 4.43622e-7,
  "timestamp": "2025-11-25T05:40:26.841Z"
}
