{
  "bag_usd": 0.000001,
  "xrp_usd": 2.40536,
  "bag_xrp": 4.15738e-7,
  "timestamp": "2025-10-23T07:23:41.027Z"
}
