{
  "bag_usd": 0.000001,
  "xrp_usd": 2.07306,
  "bag_xrp": 4.82379e-7,
  "timestamp": "2025-11-23T20:14:37.843Z"
}
