{
  "bag_usd": 0.000001,
  "xrp_usd": 2.46547,
  "bag_xrp": 4.05602e-7,
  "timestamp": "2025-10-20T15:59:15.654Z"
}
