{
  "bag_usd": 0.000001,
  "xrp_usd": 2.26768,
  "bag_xrp": 4.40979e-7,
  "timestamp": "2025-11-05T15:40:14.846Z"
}
