{
  "bag_usd": 0.000001,
  "xrp_usd": 2.50931,
  "bag_xrp": 3.98516e-7,
  "timestamp": "2025-10-31T23:31:14.329Z"
}
