{
  "bag_usd": 0.000001,
  "xrp_usd": 2.41255,
  "bag_xrp": 4.14499e-7,
  "timestamp": "2025-10-22T03:18:08.408Z"
}
