{
  "bag_usd": 0.000001,
  "xrp_usd": 2.18762,
  "bag_xrp": 4.57118e-7,
  "timestamp": "2025-11-27T11:30:22.578Z"
}
