{
  "bag_usd": 0.000001,
  "xrp_usd": 1.91611,
  "bag_xrp": 5.21891e-7,
  "timestamp": "2025-11-22T09:53:54.872Z"
}
