{
  "bag_usd": 0.000001,
  "xrp_usd": 2.34577,
  "bag_xrp": 4.26299e-7,
  "timestamp": "2025-11-03T19:41:01.550Z"
}
