{
  "bag_usd": 0.000001,
  "xrp_usd": 2.24724,
  "bag_xrp": 4.4499e-7,
  "timestamp": "2025-11-17T05:37:08.591Z"
}
