{
  "bag_usd": 0.000001,
  "xrp_usd": 2.8155,
  "bag_xrp": 3.55177e-7,
  "timestamp": "2025-10-10T09:57:19.763Z"
}
