{
  "bag_usd": 0.000001,
  "xrp_usd": 2.48859,
  "bag_xrp": 4.01834e-7,
  "timestamp": "2025-11-01T13:55:01.989Z"
}
