{
  "bag_usd": 0.000001,
  "xrp_usd": 2.35356,
  "bag_xrp": 4.24888e-7,
  "timestamp": "2025-10-19T07:10:37.283Z"
}
