{
  "bag_usd": 0.000001,
  "xrp_usd": 2.49251,
  "bag_xrp": 4.01202e-7,
  "timestamp": "2025-11-02T22:45:23.144Z"
}
