{
  "bag_usd": 0.000001,
  "xrp_usd": 2.5092,
  "bag_xrp": 3.98533e-7,
  "timestamp": "2025-11-01T11:18:36.075Z"
}
