{
  "bag_usd": 0.000001,
  "xrp_usd": 2.52106,
  "bag_xrp": 3.96659e-7,
  "timestamp": "2025-10-30T05:15:01.589Z"
}
