{
  "bag_usd": 0.000001,
  "xrp_usd": 2.0702,
  "bag_xrp": 4.83045e-7,
  "timestamp": "2025-11-24T08:55:53.347Z"
}
