{
  "bag_usd": 0.000001,
  "xrp_usd": 2.3915,
  "bag_xrp": 4.18148e-7,
  "timestamp": "2025-10-19T11:19:31.521Z"
}
