{
  "bag_usd": 0.000001,
  "xrp_usd": 2.35862,
  "bag_xrp": 4.23977e-7,
  "timestamp": "2025-10-18T23:52:33.356Z"
}
