{
  "bag_usd": 0.000001,
  "xrp_usd": 2.3744,
  "bag_xrp": 4.21159e-7,
  "timestamp": "2025-11-12T22:49:34.702Z"
}
