{
  "bag_usd": 0.000001,
  "xrp_usd": 2.2179,
  "bag_xrp": 4.50877e-7,
  "timestamp": "2025-11-18T17:26:28.091Z"
}
