{
  "bag_usd": 0.000001,
  "xrp_usd": 2.47422,
  "bag_xrp": 4.04168e-7,
  "timestamp": "2025-11-13T04:29:40.011Z"
}
