{
  "bag_usd": 0.000001,
  "xrp_usd": 2.3314,
  "bag_xrp": 4.28927e-7,
  "timestamp": "2025-11-12T16:26:10.591Z"
}
