{
  "bag_usd": 0.000001,
  "xrp_usd": 2.33456,
  "bag_xrp": 4.28346e-7,
  "timestamp": "2025-11-06T05:45:32.637Z"
}
