{
  "bag_usd": 0.000001,
  "xrp_usd": 2.51,
  "bag_xrp": 3.98406e-7,
  "timestamp": "2025-10-24T22:55:39.807Z"
}
