{
  "bag_usd": 0.000001,
  "xrp_usd": 2.50274,
  "bag_xrp": 3.99562e-7,
  "timestamp": "2025-11-01T21:19:25.547Z"
}
