{
  "bag_usd": 0.000001,
  "xrp_usd": 2.58917,
  "bag_xrp": 3.86224e-7,
  "timestamp": "2025-10-28T21:37:57.689Z"
}
