{
  "bag_usd": 0.000001,
  "xrp_usd": 2.28795,
  "bag_xrp": 4.37072e-7,
  "timestamp": "2025-11-09T07:30:05.204Z"
}
