{
  "bag_usd": 0.000001,
  "xrp_usd": 2.36705,
  "bag_xrp": 4.22467e-7,
  "timestamp": "2025-11-05T21:26:07.361Z"
}
