{
  "bag_usd": 0.000001,
  "xrp_usd": 2.3462,
  "bag_xrp": 4.26221e-7,
  "timestamp": "2025-10-18T15:49:50.328Z"
}
