{
  "bag_usd": 0.000001,
  "xrp_usd": 2.33898,
  "bag_xrp": 4.27537e-7,
  "timestamp": "2025-10-18T03:53:23.109Z"
}
