{
  "bag_usd": 0.000001,
  "xrp_usd": 2.49414,
  "bag_xrp": 4.0094e-7,
  "timestamp": "2025-11-02T18:20:52.601Z"
}
