{
  "bag_usd": 0.000001,
  "xrp_usd": 2.51572,
  "bag_xrp": 3.97501e-7,
  "timestamp": "2025-11-02T10:46:37.601Z"
}
