{
  "bag_usd": 0.000001,
  "xrp_usd": 2.40118,
  "bag_xrp": 4.16462e-7,
  "timestamp": "2025-10-19T15:33:15.644Z"
}
