{
  "bag_usd": 0.000001,
  "xrp_usd": 2.87092,
  "bag_xrp": 3.4832e-7,
  "timestamp": "2025-10-08T10:29:36.878Z"
}
