{
  "bag_usd": 0.000001,
  "xrp_usd": 2.3856,
  "bag_xrp": 4.19182e-7,
  "timestamp": "2025-10-12T13:41:18.330Z"
}
