{
  "bag_usd": 0.000001,
  "xrp_usd": 2.93352,
  "bag_xrp": 3.40887e-7,
  "timestamp": "2025-10-07T14:22:31.041Z"
}
