{
  "bag_usd": 0.000001,
  "xrp_usd": 2.12078,
  "bag_xrp": 4.71525e-7,
  "timestamp": "2025-11-20T14:43:38.976Z"
}
