{
  "bag_usd": 0.000001,
  "xrp_usd": 2.51531,
  "bag_xrp": 3.97565e-7,
  "timestamp": "2025-10-14T17:49:49.065Z"
}
