{
  "bag_usd": 0.000001,
  "xrp_usd": 2.6329,
  "bag_xrp": 3.79809e-7,
  "timestamp": "2025-10-29T09:35:47.036Z"
}
