{
  "bag_usd": 0.000001,
  "xrp_usd": 3.00374,
  "bag_xrp": 3.32918e-7,
  "timestamp": "2025-10-06T13:39:22.641Z"
}
