{
  "bag_usd": 0.000001,
  "xrp_usd": 2.49574,
  "bag_xrp": 4.00683e-7,
  "timestamp": "2025-10-31T10:27:14.668Z"
}
