{
  "bag_usd": 0.000001,
  "xrp_usd": 2.84825,
  "bag_xrp": 3.51093e-7,
  "timestamp": "2025-10-08T05:46:05.446Z"
}
