{
  "bag_usd": 0.000001,
  "xrp_usd": 2.3492,
  "bag_xrp": 4.25677e-7,
  "timestamp": "2025-11-07T20:34:33.072Z"
}
