{
  "bag_usd": 0.000001,
  "xrp_usd": 2.27383,
  "bag_xrp": 4.39787e-7,
  "timestamp": "2025-11-09T11:49:27.829Z"
}
