{
  "bag_usd": 0.000001,
  "xrp_usd": 2.42955,
  "bag_xrp": 4.11599e-7,
  "timestamp": "2025-10-11T19:17:52.391Z"
}
