{
  "bag_usd": 0.000001,
  "xrp_usd": 2.13845,
  "bag_xrp": 4.67628e-7,
  "timestamp": "2025-11-20T07:53:04.637Z"
}
