{
  "bag_usd": 0.000001,
  "xrp_usd": 2.45565,
  "bag_xrp": 4.07224e-7,
  "timestamp": "2025-11-11T09:17:58.223Z"
}
