{
  "bag_usd": 0.000001,
  "xrp_usd": 2.05745,
  "bag_xrp": 4.86039e-7,
  "timestamp": "2025-11-23T15:50:28.415Z"
}
