{
  "bag_usd": 0.000001,
  "xrp_usd": 2.62925,
  "bag_xrp": 3.80337e-7,
  "timestamp": "2025-10-13T19:31:36.356Z"
}
