{
  "bag_usd": 0.000001,
  "xrp_usd": 2.50334,
  "bag_xrp": 3.99466e-7,
  "timestamp": "2025-10-24T23:20:31.986Z"
}
