{
  "bag_usd": 0.000001,
  "xrp_usd": 2.4083,
  "bag_xrp": 4.15231e-7,
  "timestamp": "2025-10-21T09:33:10.543Z"
}
