{
  "bag_usd": 0.000001,
  "xrp_usd": 2.11762,
  "bag_xrp": 4.72228e-7,
  "timestamp": "2025-11-20T12:41:59.744Z"
}
