{
  "bag_usd": 0.000001,
  "xrp_usd": 2.24558,
  "bag_xrp": 4.45319e-7,
  "timestamp": "2025-11-25T05:19:03.500Z"
}
