{
  "bag_usd": 0.000001,
  "xrp_usd": 2.61807,
  "bag_xrp": 3.81961e-7,
  "timestamp": "2025-10-27T13:48:51.397Z"
}
