{
  "bag_usd": 0.000001,
  "xrp_usd": 1.95802,
  "bag_xrp": 5.1072e-7,
  "timestamp": "2025-11-21T04:32:55.419Z"
}
