{
  "bag_usd": 0.000001,
  "xrp_usd": 1.95633,
  "bag_xrp": 5.11161e-7,
  "timestamp": "2025-11-21T07:28:46.854Z"
}
