{
  "bag_usd": 0.000001,
  "xrp_usd": 2.98,
  "bag_xrp": 0.0000003369,
  "timestamp": "2025-10-06T01:40:00Z"
}
