{
  "bag_usd": 0.000001,
  "xrp_usd": 2.24354,
  "bag_xrp": 4.45724e-7,
  "timestamp": "2025-11-16T04:50:22.637Z"
}
