{
  "bag_usd": 0.000001,
  "xrp_usd": 2.50598,
  "bag_xrp": 3.99045e-7,
  "timestamp": "2025-10-24T20:45:01.840Z"
}
