{
  "bag_usd": 0.000001,
  "xrp_usd": 2.31206,
  "bag_xrp": 4.32515e-7,
  "timestamp": "2025-11-08T05:58:02.496Z"
}
