{
  "bag_usd": 0.000001,
  "xrp_usd": 2.81585,
  "bag_xrp": 3.55133e-7,
  "timestamp": "2025-10-10T10:28:09.901Z"
}
