{
  "bag_usd": 0.000001,
  "xrp_usd": 2.62969,
  "bag_xrp": 3.80273e-7,
  "timestamp": "2025-10-26T10:59:09.651Z"
}
