{
  "bag_usd": 0.000001,
  "xrp_usd": 2.55418,
  "bag_xrp": 3.91515e-7,
  "timestamp": "2025-10-25T05:14:48.271Z"
}
