{
  "bag_usd": 0.000001,
  "xrp_usd": 2.40294,
  "bag_xrp": 4.16157e-7,
  "timestamp": "2025-10-24T03:05:47.033Z"
}
