{
  "bag_usd": 0.000001,
  "xrp_usd": 2.82847,
  "bag_xrp": 3.53548e-7,
  "timestamp": "2025-10-10T13:28:40.496Z"
}
