{
  "bag_usd": 0.000001,
  "xrp_usd": 2.51198,
  "bag_xrp": 3.98092e-7,
  "timestamp": "2025-11-01T03:48:02.015Z"
}
