{
  "bag_usd": 0.000001,
  "xrp_usd": 2.35263,
  "bag_xrp": 4.25056e-7,
  "timestamp": "2025-11-03T15:29:43.772Z"
}
