{
  "bag_usd": 0.000001,
  "xrp_usd": 2.36626,
  "bag_xrp": 4.22608e-7,
  "timestamp": "2025-11-07T20:58:23.688Z"
}
