{
  "bag_usd": 0.000001,
  "xrp_usd": 2.26971,
  "bag_xrp": 4.40585e-7,
  "timestamp": "2025-11-14T14:17:29.602Z"
}
