{
  "bag_usd": 0.000001,
  "xrp_usd": 2.24813,
  "bag_xrp": 4.44814e-7,
  "timestamp": "2025-11-15T21:15:58.988Z"
}
