{
  "bag_usd": 0.000001,
  "xrp_usd": 2.29795,
  "bag_xrp": 4.3517e-7,
  "timestamp": "2025-11-14T04:25:21.282Z"
}
