{
  "bag_usd": 0.000001,
  "xrp_usd": 2.19603,
  "bag_xrp": 4.55367e-7,
  "timestamp": "2025-11-06T21:15:32.648Z"
}
