{
  "bag_usd": 0.000001,
  "xrp_usd": 2.3203,
  "bag_xrp": 4.30979e-7,
  "timestamp": "2025-10-17T06:28:37.925Z"
}
