{
  "bag_usd": 0.000001,
  "xrp_usd": 2.5957,
  "bag_xrp": 3.85253e-7,
  "timestamp": "2025-10-25T17:23:15.604Z"
}
