{
  "bag_usd": 0.000001,
  "xrp_usd": 2.53375,
  "bag_xrp": 3.94672e-7,
  "timestamp": "2025-10-12T21:54:18.163Z"
}
