{
  "bag_usd": 0.000001,
  "xrp_usd": 2.47006,
  "bag_xrp": 4.04848e-7,
  "timestamp": "2025-10-20T08:44:38.317Z"
}
