{
  "bag_usd": 0.000001,
  "xrp_usd": 2.22145,
  "bag_xrp": 4.50156e-7,
  "timestamp": "2025-11-05T08:56:00.530Z"
}
