{
  "bag_usd": 0.000001,
  "xrp_usd": 2.57685,
  "bag_xrp": 3.88071e-7,
  "timestamp": "2025-10-13T15:43:16.374Z"
}
