{
  "bag_usd": 0.000001,
  "xrp_usd": 2.01496,
  "bag_xrp": 4.96288e-7,
  "timestamp": "2025-11-21T01:02:17.989Z"
}
