{
  "bag_usd": 0.000001,
  "xrp_usd": 2.12475,
  "bag_xrp": 4.70644e-7,
  "timestamp": "2025-11-20T14:26:33.707Z"
}
