{
  "bag_usd": 0.000001,
  "xrp_usd": 2.33699,
  "bag_xrp": 4.27901e-7,
  "timestamp": "2025-10-18T03:41:35.195Z"
}
