{
  "bag_usd": 0.000001,
  "xrp_usd": 2.644,
  "bag_xrp": 3.78215e-7,
  "timestamp": "2025-10-27T05:54:15.323Z"
}
