{
  "bag_usd": 0.000001,
  "xrp_usd": 2.6248,
  "bag_xrp": 3.80981e-7,
  "timestamp": "2025-10-13T21:39:19.768Z"
}
