{
  "bag_usd": 0.000001,
  "xrp_usd": 2.33506,
  "bag_xrp": 4.28255e-7,
  "timestamp": "2025-11-13T23:31:42.803Z"
}
