{
  "bag_usd": 0.000001,
  "xrp_usd": 2.50438,
  "bag_xrp": 3.993e-7,
  "timestamp": "2025-10-14T05:58:37.498Z"
}
