{
  "bag_usd": 0.000001,
  "xrp_usd": 2.434,
  "bag_xrp": 4.10846e-7,
  "timestamp": "2025-10-21T04:31:26.204Z"
}
