{
  "bag_usd": 0.000001,
  "xrp_usd": 2.4321,
  "bag_xrp": 4.11167e-7,
  "timestamp": "2025-10-21T11:58:54.938Z"
}
