{
  "bag_usd": 0.000001,
  "xrp_usd": 2.35911,
  "bag_xrp": 4.23889e-7,
  "timestamp": "2025-10-18T17:34:55.667Z"
}
