{
  "bag_usd": 0.000001,
  "xrp_usd": 2.44895,
  "bag_xrp": 4.08338e-7,
  "timestamp": "2025-11-11T07:54:43.715Z"
}
