{
  "bag_usd": 0.000001,
  "xrp_usd": 2.53635,
  "bag_xrp": 3.94267e-7,
  "timestamp": "2025-11-10T10:33:02.291Z"
}
