{
  "bag_usd": 0.000001,
  "xrp_usd": 2.2445,
  "bag_xrp": 4.45534e-7,
  "timestamp": "2025-11-04T07:54:27.522Z"
}
