{
  "bag_usd": 0.000001,
  "xrp_usd": 2.50425,
  "bag_xrp": 3.99321e-7,
  "timestamp": "2025-11-01T19:53:52.445Z"
}
