{
  "bag_usd": 0.000001,
  "xrp_usd": 2.15908,
  "bag_xrp": 4.6316e-7,
  "timestamp": "2025-11-18T07:52:30.465Z"
}
