{
  "bag_usd": 0.000001,
  "xrp_usd": 2.56,
  "bag_xrp": 3.90625e-7,
  "timestamp": "2025-11-10T19:48:44.724Z"
}
