{
  "bag_usd": 0.000001,
  "xrp_usd": 2.34546,
  "bag_xrp": 4.26356e-7,
  "timestamp": "2025-10-22T21:51:36.564Z"
}
