{
  "bag_usd": 0.000001,
  "xrp_usd": 2.21293,
  "bag_xrp": 4.5189e-7,
  "timestamp": "2025-11-07T09:14:16.723Z"
}
