{
  "bag_usd": 0.000001,
  "xrp_usd": 2.38677,
  "bag_xrp": 4.18976e-7,
  "timestamp": "2025-10-11T23:54:52.497Z"
}
