{
  "bag_usd": 0.000001,
  "xrp_usd": 2.33421,
  "bag_xrp": 4.2841e-7,
  "timestamp": "2025-10-18T03:17:02.619Z"
}
