{
  "bag_usd": 0.000001,
  "xrp_usd": 2.24714,
  "bag_xrp": 4.4501e-7,
  "timestamp": "2025-11-05T06:50:21.810Z"
}
