{
  "bag_usd": 0.000001,
  "xrp_usd": 2.21336,
  "bag_xrp": 4.51802e-7,
  "timestamp": "2025-11-06T18:23:19.870Z"
}
