{
  "bag_usd": 0.000001,
  "xrp_usd": 2.79425,
  "bag_xrp": 3.57878e-7,
  "timestamp": "2025-10-09T21:19:42.010Z"
}
