{
  "bag_usd": 0.000001,
  "xrp_usd": 2.47139,
  "bag_xrp": 4.04631e-7,
  "timestamp": "2025-10-11T18:57:25.509Z"
}
