{
  "bag_usd": 0.000001,
  "xrp_usd": 2.49754,
  "bag_xrp": 4.00394e-7,
  "timestamp": "2025-11-11T04:59:20.845Z"
}
