{
  "bag_usd": 0.000001,
  "xrp_usd": 2.06421,
  "bag_xrp": 4.84447e-7,
  "timestamp": "2025-11-23T16:13:28.150Z"
}
