{
  "bag_usd": 0.000001,
  "xrp_usd": 2.40463,
  "bag_xrp": 4.15864e-7,
  "timestamp": "2025-11-03T08:45:11.098Z"
}
