{
  "bag_usd": 0.000001,
  "xrp_usd": 2.19691,
  "bag_xrp": 4.55185e-7,
  "timestamp": "2025-11-26T07:46:10.952Z"
}
