{
  "bag_usd": 0.000001,
  "xrp_usd": 1.98644,
  "bag_xrp": 5.03413e-7,
  "timestamp": "2025-11-20T18:59:46.040Z"
}
