{
  "bag_usd": 0.000001,
  "xrp_usd": 2.42006,
  "bag_xrp": 4.13213e-7,
  "timestamp": "2025-10-30T18:47:18.148Z"
}
