{
  "bag_usd": 0.000001,
  "xrp_usd": 2.26902,
  "bag_xrp": 4.40719e-7,
  "timestamp": "2025-11-05T14:54:15.801Z"
}
