{
  "bag_usd": 0.000001,
  "xrp_usd": 2.3947,
  "bag_xrp": 4.17589e-7,
  "timestamp": "2025-10-23T23:59:42.395Z"
}
