{
  "bag_usd": 0.000001,
  "xrp_usd": 2.6003,
  "bag_xrp": 3.84571e-7,
  "timestamp": "2025-10-25T16:11:01.295Z"
}
