{
  "bag_usd": 0.000001,
  "xrp_usd": 2.49208,
  "bag_xrp": 4.01271e-7,
  "timestamp": "2025-10-21T19:23:36.380Z"
}
