{
  "bag_usd": 0.000001,
  "xrp_usd": 2.4359,
  "bag_xrp": 4.10526e-7,
  "timestamp": "2025-10-30T22:45:23.852Z"
}
