{
  "bag_usd": 0.000001,
  "xrp_usd": 2.21357,
  "bag_xrp": 4.51759e-7,
  "timestamp": "2025-11-16T22:50:06.220Z"
}
