{
  "bag_usd": 0.000001,
  "xrp_usd": 2.37462,
  "bag_xrp": 4.2112e-7,
  "timestamp": "2025-10-18T13:14:46.593Z"
}
