{
  "bag_usd": 0.000001,
  "xrp_usd": 2.49081,
  "bag_xrp": 4.01476e-7,
  "timestamp": "2025-11-01T13:04:06.938Z"
}
