{
  "bag_usd": 0.000001,
  "xrp_usd": 2.66163,
  "bag_xrp": 3.7571e-7,
  "timestamp": "2025-10-28T17:54:51.142Z"
}
