{
  "bag_usd": 0.000001,
  "xrp_usd": 2.15873,
  "bag_xrp": 4.63235e-7,
  "timestamp": "2025-11-17T23:21:18.962Z"
}
