{
  "bag_usd": 0.000001,
  "xrp_usd": 2.78801,
  "bag_xrp": 3.58679e-7,
  "timestamp": "2025-10-09T16:54:45.060Z"
}
