{
  "bag_usd": 0.000001,
  "xrp_usd": 2.20876,
  "bag_xrp": 4.52743e-7,
  "timestamp": "2025-11-06T19:41:09.159Z"
}
