{
  "bag_usd": 0.000001,
  "xrp_usd": 2.49353,
  "bag_xrp": 4.01038e-7,
  "timestamp": "2025-10-20T23:35:32.423Z"
}
