{
  "bag_usd": 0.000001,
  "xrp_usd": 2.38538,
  "bag_xrp": 4.1922e-7,
  "timestamp": "2025-10-12T07:29:00.626Z"
}
