{
  "bag_usd": 0.000001,
  "xrp_usd": 2.54295,
  "bag_xrp": 3.93244e-7,
  "timestamp": "2025-10-25T01:53:59.461Z"
}
