{
  "bag_usd": 0.000001,
  "xrp_usd": 2.41088,
  "bag_xrp": 4.14786e-7,
  "timestamp": "2025-10-23T09:30:03.444Z"
}
