{
  "bag_usd": 0.000001,
  "xrp_usd": 2.25501,
  "bag_xrp": 4.43457e-7,
  "timestamp": "2025-11-15T20:00:03.215Z"
}
