{
  "bag_usd": 0.000001,
  "xrp_usd": 2.26481,
  "bag_xrp": 4.41538e-7,
  "timestamp": "2025-11-08T18:24:13.023Z"
}
