{
  "bag_usd": 0.000001,
  "xrp_usd": 2.02221,
  "bag_xrp": 4.94508e-7,
  "timestamp": "2025-11-20T16:35:36.371Z"
}
