{
  "bag_usd": 0.000001,
  "xrp_usd": 2.40134,
  "bag_xrp": 4.16434e-7,
  "timestamp": "2025-10-16T05:53:32.197Z"
}
