{
  "bag_usd": 0.000001,
  "xrp_usd": 2.26875,
  "bag_xrp": 4.40771e-7,
  "timestamp": "2025-11-17T11:44:10.880Z"
}
