{
  "bag_usd": 0.000001,
  "xrp_usd": 2.7559,
  "bag_xrp": 3.62858e-7,
  "timestamp": "2025-10-10T16:42:15.596Z"
}
