{
  "bag_usd": 0.000001,
  "xrp_usd": 2.4671,
  "bag_xrp": 4.05334e-7,
  "timestamp": "2025-10-20T07:39:19.469Z"
}
