{
  "bag_usd": 0.000001,
  "xrp_usd": 2.00353,
  "bag_xrp": 4.99119e-7,
  "timestamp": "2025-11-20T17:37:28.231Z"
}
