{
  "bag_usd": 0.000001,
  "xrp_usd": 2.54294,
  "bag_xrp": 3.93246e-7,
  "timestamp": "2025-11-10T11:54:29.930Z"
}
