{
  "bag_usd": 0.000001,
  "xrp_usd": 2.32115,
  "bag_xrp": 4.30821e-7,
  "timestamp": "2025-11-08T09:32:50.184Z"
}
