{
  "bag_usd": 0.000001,
  "xrp_usd": 2.63473,
  "bag_xrp": 3.79546e-7,
  "timestamp": "2025-10-13T07:42:11.534Z"
}
