{
  "bag_usd": 0.000001,
  "xrp_usd": 2.55315,
  "bag_xrp": 3.91673e-7,
  "timestamp": "2025-10-29T23:45:01.948Z"
}
