{
  "bag_usd": 0.000001,
  "xrp_usd": 2.82053,
  "bag_xrp": 3.54543e-7,
  "timestamp": "2025-10-10T11:58:58.441Z"
}
