{
  "bag_usd": 0.000001,
  "xrp_usd": 2.18385,
  "bag_xrp": 4.57907e-7,
  "timestamp": "2025-11-29T04:33:21.394Z"
}
