{
  "bag_usd": 0.000001,
  "xrp_usd": 2.2529,
  "bag_xrp": 4.43872e-7,
  "timestamp": "2025-11-17T03:55:39.084Z"
}
