{
  "bag_usd": 0.000001,
  "xrp_usd": 2.53163,
  "bag_xrp": 3.95002e-7,
  "timestamp": "2025-11-10T23:48:13.740Z"
}
