{
  "bag_usd": 0.000001,
  "xrp_usd": 2.55858,
  "bag_xrp": 3.90842e-7,
  "timestamp": "2025-10-30T06:00:17.694Z"
}
