{
  "bag_usd": 0.000001,
  "xrp_usd": 2.53078,
  "bag_xrp": 3.95135e-7,
  "timestamp": "2025-11-10T23:36:10.524Z"
}
