{
  "bag_usd": 0.000001,
  "xrp_usd": 2.62954,
  "bag_xrp": 3.80295e-7,
  "timestamp": "2025-10-28T14:59:39.510Z"
}
