{
  "bag_usd": 0.000001,
  "xrp_usd": 1.935,
  "bag_xrp": 5.16796e-7,
  "timestamp": "2025-11-21T20:38:30.865Z"
}
