{
  "bag_usd": 0.000001,
  "xrp_usd": 2.40457,
  "bag_xrp": 4.15875e-7,
  "timestamp": "2025-11-03T11:31:01.487Z"
}
