{
  "bag_usd": 0.000001,
  "xrp_usd": 2.38968,
  "bag_xrp": 4.18466e-7,
  "timestamp": "2025-11-03T10:54:51.804Z"
}
