{
  "bag_usd": 0.000001,
  "xrp_usd": 2.39801,
  "bag_xrp": 4.17012e-7,
  "timestamp": "2025-10-23T16:28:31.227Z"
}
