{
  "bag_usd": 0.000001,
  "xrp_usd": 2.31567,
  "bag_xrp": 4.3184e-7,
  "timestamp": "2025-11-09T18:47:59.203Z"
}
