{
  "bag_usd": 0.000001,
  "xrp_usd": 2.3771,
  "bag_xrp": 4.20681e-7,
  "timestamp": "2025-10-19T10:34:07.817Z"
}
