{
  "bag_usd": 0.000001,
  "xrp_usd": 2.41091,
  "bag_xrp": 4.14781e-7,
  "timestamp": "2025-11-03T13:58:49.210Z"
}
