{
  "bag_usd": 0.000001,
  "xrp_usd": 2.81876,
  "bag_xrp": 3.54766e-7,
  "timestamp": "2025-10-09T14:12:28.227Z"
}
