{
  "bag_usd": 0.000001,
  "xrp_usd": 2.35143,
  "bag_xrp": 4.25273e-7,
  "timestamp": "2025-10-19T05:57:00.593Z"
}
