{
  "bag_usd": 0.000001,
  "xrp_usd": 2.21536,
  "bag_xrp": 4.51394e-7,
  "timestamp": "2025-11-06T17:21:11.561Z"
}
