{
  "bag_usd": 0.000001,
  "xrp_usd": 2.20163,
  "bag_xrp": 4.54209e-7,
  "timestamp": "2025-11-07T01:52:58.398Z"
}
