{
  "bag_usd": 0.000001,
  "xrp_usd": 2.63007,
  "bag_xrp": 3.80218e-7,
  "timestamp": "2025-10-27T07:53:21.211Z"
}
