{
  "bag_usd": 0.000001,
  "xrp_usd": 2.23725,
  "bag_xrp": 4.46977e-7,
  "timestamp": "2025-11-25T06:55:14.312Z"
}
