{
  "bag_usd": 0.000001,
  "xrp_usd": 2.35017,
  "bag_xrp": 4.25501e-7,
  "timestamp": "2025-10-22T23:12:36.703Z"
}
