{
  "bag_usd": 0.000001,
  "xrp_usd": 2.52675,
  "bag_xrp": 3.95765e-7,
  "timestamp": "2025-11-10T22:54:37.139Z"
}
