{
  "bag_usd": 0.000001,
  "xrp_usd": 2.30496,
  "bag_xrp": 4.33847e-7,
  "timestamp": "2025-11-14T17:49:49.036Z"
}
