{
  "bag_usd": 0.000001,
  "xrp_usd": 2.8172,
  "bag_xrp": 3.54962e-7,
  "timestamp": "2025-10-10T14:44:29.256Z"
}
