{
  "bag_usd": 0.000001,
  "xrp_usd": 2.44178,
  "bag_xrp": 4.09537e-7,
  "timestamp": "2025-10-15T16:11:54.590Z"
}
