{
  "bag_usd": 0.000001,
  "xrp_usd": 2.40926,
  "bag_xrp": 4.15065e-7,
  "timestamp": "2025-10-24T03:54:12.116Z"
}
