{
  "bag_usd": 0.000001,
  "xrp_usd": 2.3617,
  "bag_xrp": 4.23424e-7,
  "timestamp": "2025-11-06T03:53:10.464Z"
}
