{
  "bag_usd": 0.000001,
  "xrp_usd": 2.60047,
  "bag_xrp": 3.84546e-7,
  "timestamp": "2025-10-13T10:18:53.974Z"
}
