{
  "bag_usd": 0.000001,
  "xrp_usd": 2.4989,
  "bag_xrp": 4.00176e-7,
  "timestamp": "2025-10-12T15:17:54.712Z"
}
