{
  "bag_usd": 0.000001,
  "xrp_usd": 2.13014,
  "bag_xrp": 4.69453e-7,
  "timestamp": "2025-11-20T03:02:12.144Z"
}
