{
  "bag_usd": 0.000001,
  "xrp_usd": 2.51476,
  "bag_xrp": 3.97652e-7,
  "timestamp": "2025-10-31T21:35:26.825Z"
}
