{
  "bag_usd": 0.000001,
  "xrp_usd": 2.36091,
  "bag_xrp": 4.23565e-7,
  "timestamp": "2025-10-12T03:34:37.537Z"
}
