{
  "bag_usd": 0.000001,
  "xrp_usd": 2.54359,
  "bag_xrp": 3.93145e-7,
  "timestamp": "2025-10-31T15:36:11.149Z"
}
