{
  "bag_usd": 0.000001,
  "xrp_usd": 2.46025,
  "bag_xrp": 4.06463e-7,
  "timestamp": "2025-10-30T13:42:30.438Z"
}
