{
  "bag_usd": 0.000001,
  "xrp_usd": 2.65117,
  "bag_xrp": 3.77192e-7,
  "timestamp": "2025-10-28T11:09:08.392Z"
}
