{
  "bag_usd": 0.000001,
  "xrp_usd": 2.8175,
  "bag_xrp": 3.54925e-7,
  "timestamp": "2025-10-10T08:31:01.857Z"
}
