{
  "bag_usd": 0.000001,
  "xrp_usd": 2.4011,
  "bag_xrp": 4.16476e-7,
  "timestamp": "2025-10-22T11:39:37.063Z"
}
