{
  "bag_usd": 0.000001,
  "xrp_usd": 2.39772,
  "bag_xrp": 4.17063e-7,
  "timestamp": "2025-10-11T22:55:33.449Z"
}
