{
  "bag_usd": 0.000001,
  "xrp_usd": 2.82686,
  "bag_xrp": 3.53749e-7,
  "timestamp": "2025-10-10T09:45:28.104Z"
}
