{
  "bag_usd": 0.000001,
  "xrp_usd": 2.208,
  "bag_xrp": 4.52899e-7,
  "timestamp": "2025-10-17T10:44:48.548Z"
}
