{
  "bag_usd": 0.000001,
  "xrp_usd": 2.50608,
  "bag_xrp": 3.9903e-7,
  "timestamp": "2025-11-13T10:15:24.861Z"
}
