{
  "bag_usd": 0.000001,
  "xrp_usd": 2.12685,
  "bag_xrp": 4.70179e-7,
  "timestamp": "2025-11-20T09:13:09.024Z"
}
