{
  "bag_usd": 0.000001,
  "xrp_usd": 2.52797,
  "bag_xrp": 3.95574e-7,
  "timestamp": "2025-11-10T15:59:44.360Z"
}
