{
  "bag_usd": 0.000001,
  "xrp_usd": 2.02701,
  "bag_xrp": 4.93337e-7,
  "timestamp": "2025-11-23T11:50:49.575Z"
}
