{
  "bag_usd": 0.000001,
  "xrp_usd": 2.32803,
  "bag_xrp": 4.29548e-7,
  "timestamp": "2025-11-14T17:19:32.955Z"
}
