{
  "bag_usd": 0.000001,
  "xrp_usd": 2.24014,
  "bag_xrp": 4.46401e-7,
  "timestamp": "2025-11-04T17:47:59.157Z"
}
