{
  "bag_usd": 0.000001,
  "xrp_usd": 2.30779,
  "bag_xrp": 4.33315e-7,
  "timestamp": "2025-10-16T22:50:32.717Z"
}
