{
  "bag_usd": 0.000001,
  "xrp_usd": 2.56195,
  "bag_xrp": 3.90328e-7,
  "timestamp": "2025-10-12T20:43:30.696Z"
}
