{
  "bag_usd": 0.000001,
  "xrp_usd": 2.21962,
  "bag_xrp": 4.50528e-7,
  "timestamp": "2025-11-18T17:55:24.617Z"
}
