{
  "bag_usd": 0.000001,
  "xrp_usd": 2.17216,
  "bag_xrp": 4.60371e-7,
  "timestamp": "2025-11-16T17:12:31.494Z"
}
