{
  "bag_usd": 0.000001,
  "xrp_usd": 2.44481,
  "bag_xrp": 4.0903e-7,
  "timestamp": "2025-10-20T17:32:52.292Z"
}
