{
  "bag_usd": 0.000001,
  "xrp_usd": 2.47273,
  "bag_xrp": 4.04411e-7,
  "timestamp": "2025-11-13T05:00:03.285Z"
}
