{
  "bag_usd": 0.000001,
  "xrp_usd": 2.12513,
  "bag_xrp": 4.70559e-7,
  "timestamp": "2025-11-17T19:52:14.197Z"
}
