{
  "bag_usd": 0.000001,
  "xrp_usd": 2.63775,
  "bag_xrp": 3.79111e-7,
  "timestamp": "2025-10-13T08:51:53.707Z"
}
