{
  "bag_usd": 0.000001,
  "xrp_usd": 2.56667,
  "bag_xrp": 3.8961e-7,
  "timestamp": "2025-10-13T03:16:34.429Z"
}
