{
  "bag_usd": 0.000001,
  "xrp_usd": 2.24086,
  "bag_xrp": 4.46257e-7,
  "timestamp": "2025-11-15T22:31:38.868Z"
}
