{
  "bag_usd": 0.000001,
  "xrp_usd": 2.22176,
  "bag_xrp": 4.50094e-7,
  "timestamp": "2025-11-16T14:59:10.109Z"
}
