{
  "bag_usd": 0.000001,
  "xrp_usd": 2.174,
  "bag_xrp": 4.59982e-7,
  "timestamp": "2025-11-26T09:49:17.255Z"
}
