{
  "bag_usd": 0.000001,
  "xrp_usd": 2.61465,
  "bag_xrp": 3.8246e-7,
  "timestamp": "2025-10-26T20:42:58.065Z"
}
