{
  "bag_usd": 0.000001,
  "xrp_usd": 2.50783,
  "bag_xrp": 3.98751e-7,
  "timestamp": "2025-11-01T03:03:41.295Z"
}
