{
  "bag_usd": 0.000001,
  "xrp_usd": 2.62495,
  "bag_xrp": 3.8096e-7,
  "timestamp": "2025-10-26T17:44:27.946Z"
}
