{
  "bag_usd": 0.000001,
  "xrp_usd": 2.65808,
  "bag_xrp": 3.76211e-7,
  "timestamp": "2025-10-26T23:27:48.389Z"
}
