{
  "bag_usd": 0.000001,
  "xrp_usd": 2.64184,
  "bag_xrp": 3.78524e-7,
  "timestamp": "2025-10-26T15:54:44.440Z"
}
