{
  "bag_usd": 0.000001,
  "xrp_usd": 2.4049,
  "bag_xrp": 4.15818e-7,
  "timestamp": "2025-11-12T05:45:04.140Z"
}
