{
  "bag_usd": 0.000001,
  "xrp_usd": 2.19231,
  "bag_xrp": 4.5614e-7,
  "timestamp": "2025-11-25T21:54:44.187Z"
}
