{
  "bag_usd": 0.000001,
  "xrp_usd": 2.31273,
  "bag_xrp": 4.32389e-7,
  "timestamp": "2025-10-17T20:47:16.442Z"
}
