{
  "bag_usd": 0.000001,
  "xrp_usd": 1.96484,
  "bag_xrp": 5.08947e-7,
  "timestamp": "2025-11-21T19:09:19.015Z"
}
