{
  "bag_usd": 0.000001,
  "xrp_usd": 2.35212,
  "bag_xrp": 4.25148e-7,
  "timestamp": "2025-10-19T07:26:38.649Z"
}
