{
  "bag_usd": 0.000001,
  "xrp_usd": 2.3438,
  "bag_xrp": 4.26658e-7,
  "timestamp": "2025-10-18T06:49:22.503Z"
}
