{
  "bag_usd": 0.000001,
  "xrp_usd": 2.54477,
  "bag_xrp": 3.92963e-7,
  "timestamp": "2025-11-10T11:42:44.816Z"
}
