{
  "bag_usd": 0.000001,
  "xrp_usd": 2.36627,
  "bag_xrp": 4.22606e-7,
  "timestamp": "2025-10-12T14:43:15.345Z"
}
