{
  "bag_usd": 0.000001,
  "xrp_usd": 2.08385,
  "bag_xrp": 4.79881e-7,
  "timestamp": "2025-11-19T22:38:30.417Z"
}
