{
  "bag_usd": 0.000001,
  "xrp_usd": 2.87677,
  "bag_xrp": 3.47612e-7,
  "timestamp": "2025-10-08T11:58:52.202Z"
}
