{
  "bag_usd": 0.000001,
  "xrp_usd": 2.412,
  "bag_xrp": 4.14594e-7,
  "timestamp": "2025-10-22T13:59:00.511Z"
}
