{
  "bag_usd": 0.000001,
  "xrp_usd": 2.53119,
  "bag_xrp": 3.95071e-7,
  "timestamp": "2025-10-12T21:42:08.190Z"
}
