{
  "bag_usd": 0.000001,
  "xrp_usd": 2.50395,
  "bag_xrp": 3.99369e-7,
  "timestamp": "2025-10-31T13:50:49.728Z"
}
