{
  "bag_usd": 0.000001,
  "xrp_usd": 2.51963,
  "bag_xrp": 3.96884e-7,
  "timestamp": "2025-11-02T09:41:07.167Z"
}
