{
  "bag_usd": 0.000001,
  "xrp_usd": 2.42287,
  "bag_xrp": 4.12734e-7,
  "timestamp": "2025-11-12T09:21:31.646Z"
}
