{
  "bag_usd": 0.000001,
  "xrp_usd": 2.19393,
  "bag_xrp": 4.55803e-7,
  "timestamp": "2025-11-26T05:51:05.661Z"
}
