{
  "bag_usd": 0.000001,
  "xrp_usd": 2.30348,
  "bag_xrp": 4.34126e-7,
  "timestamp": "2025-11-05T19:21:02.887Z"
}
