{
  "bag_usd": 0.000001,
  "xrp_usd": 2.27625,
  "bag_xrp": 4.39319e-7,
  "timestamp": "2025-11-08T14:56:56.958Z"
}
