{
  "bag_usd": 0.000001,
  "xrp_usd": 2.38831,
  "bag_xrp": 4.18706e-7,
  "timestamp": "2025-10-19T13:42:29.921Z"
}
