{
  "bag_usd": 0.000001,
  "xrp_usd": 2.42759,
  "bag_xrp": 4.11931e-7,
  "timestamp": "2025-10-11T19:29:15.686Z"
}
