{
  "bag_usd": 0.000001,
  "xrp_usd": 1.98485,
  "bag_xrp": 5.03816e-7,
  "timestamp": "2025-11-21T17:43:37.860Z"
}
