{
  "bag_usd": 0.000001,
  "xrp_usd": 2.45075,
  "bag_xrp": 4.08038e-7,
  "timestamp": "2025-10-30T15:46:04.163Z"
}
