{
  "bag_usd": 0.000001,
  "xrp_usd": 2.97502,
  "bag_xrp": 3.36132e-7,
  "timestamp": "2025-10-07T09:26:51.028Z"
}
