{
  "bag_usd": 0.000001,
  "xrp_usd": 2.33665,
  "bag_xrp": 4.27963e-7,
  "timestamp": "2025-11-06T05:29:30.163Z"
}
