{
  "bag_usd": 0.000001,
  "xrp_usd": 2.25915,
  "bag_xrp": 4.42644e-7,
  "timestamp": "2025-11-05T15:21:10.196Z"
}
