{
  "bag_usd": 0.000001,
  "xrp_usd": 2.62601,
  "bag_xrp": 3.80806e-7,
  "timestamp": "2025-10-27T21:28:10.660Z"
}
