{
  "bag_usd": 0.000001,
  "xrp_usd": 2.41402,
  "bag_xrp": 4.14247e-7,
  "timestamp": "2025-10-15T22:45:30.346Z"
}
