{
  "bag_usd": 0.000001,
  "xrp_usd": 2.00489,
  "bag_xrp": 4.9878e-7,
  "timestamp": "2025-11-20T20:36:25.042Z"
}
