{
  "bag_usd": 0.000001,
  "xrp_usd": 2.61418,
  "bag_xrp": 3.82529e-7,
  "timestamp": "2025-10-26T19:58:07.983Z"
}
