{
  "bag_usd": 0.000001,
  "xrp_usd": 2.5279,
  "bag_xrp": 3.95585e-7,
  "timestamp": "2025-10-21T15:50:10.923Z"
}
