{
  "bag_usd": 0.000001,
  "xrp_usd": 2.39657,
  "bag_xrp": 4.17263e-7,
  "timestamp": "2025-10-23T22:32:36.233Z"
}
