{
  "bag_usd": 0.000001,
  "xrp_usd": 2.49771,
  "bag_xrp": 4.00367e-7,
  "timestamp": "2025-10-31T16:57:23.388Z"
}
