{
  "bag_usd": 0.000001,
  "xrp_usd": 2.03724,
  "bag_xrp": 4.9086e-7,
  "timestamp": "2025-11-23T10:49:52.876Z"
}
