{
  "bag_usd": 0.000001,
  "xrp_usd": 2.24921,
  "bag_xrp": 4.44601e-7,
  "timestamp": "2025-11-15T21:29:29.235Z"
}
