{
  "bag_usd": 0.000001,
  "xrp_usd": 2.88359,
  "bag_xrp": 3.4679e-7,
  "timestamp": "2025-10-07T17:52:35.994Z"
}
