{
  "bag_usd": 0.000001,
  "xrp_usd": 2.61188,
  "bag_xrp": 3.82866e-7,
  "timestamp": "2025-10-28T23:39:56.222Z"
}
