{
  "bag_usd": 0.000001,
  "xrp_usd": 2.31179,
  "bag_xrp": 4.32565e-7,
  "timestamp": "2025-10-17T16:22:55.620Z"
}
