{
  "bag_usd": 0.000001,
  "xrp_usd": 2.32003,
  "bag_xrp": 4.31029e-7,
  "timestamp": "2025-11-13T22:39:28.243Z"
}
