{
  "bag_usd": 0.000001,
  "xrp_usd": 2.46207,
  "bag_xrp": 4.06162e-7,
  "timestamp": "2025-11-11T11:20:24.340Z"
}
