{
  "bag_usd": 0.000001,
  "xrp_usd": 2.40896,
  "bag_xrp": 4.15117e-7,
  "timestamp": "2025-10-11T19:41:24.120Z"
}
