{
  "bag_usd": 0.000001,
  "xrp_usd": 1.92951,
  "bag_xrp": 5.18266e-7,
  "timestamp": "2025-11-22T17:54:43.945Z"
}
