{
  "bag_usd": 0.000001,
  "xrp_usd": 2.58711,
  "bag_xrp": 3.86532e-7,
  "timestamp": "2025-10-30T08:43:19.657Z"
}
