{
  "bag_usd": 0.000001,
  "xrp_usd": 2.60007,
  "bag_xrp": 3.84605e-7,
  "timestamp": "2025-10-25T23:36:48.272Z"
}
