{
  "bag_usd": 0.000001,
  "xrp_usd": 2.45488,
  "bag_xrp": 4.07352e-7,
  "timestamp": "2025-10-24T08:44:25.283Z"
}
