{
  "bag_usd": 0.000001,
  "xrp_usd": 2.32151,
  "bag_xrp": 4.30754e-7,
  "timestamp": "2025-10-16T22:00:43.815Z"
}
