{
  "bag_usd": 0.000001,
  "xrp_usd": 2.25144,
  "bag_xrp": 4.4416e-7,
  "timestamp": "2025-11-09T03:49:54.832Z"
}
