{
  "bag_usd": 0.000001,
  "xrp_usd": 2.40101,
  "bag_xrp": 4.16491e-7,
  "timestamp": "2025-10-22T14:52:12.216Z"
}
