{
  "bag_usd": 0.000001,
  "xrp_usd": 2.40326,
  "bag_xrp": 4.16101e-7,
  "timestamp": "2025-10-23T13:41:18.293Z"
}
