{
  "bag_usd": 0.000001,
  "xrp_usd": 2.25991,
  "bag_xrp": 4.42495e-7,
  "timestamp": "2025-11-09T04:37:13.406Z"
}
