{
  "bag_usd": 0.000001,
  "xrp_usd": 2.53484,
  "bag_xrp": 3.94502e-7,
  "timestamp": "2025-10-25T10:16:18.861Z"
}
