{
  "bag_usd": 0.000001,
  "xrp_usd": 2.39335,
  "bag_xrp": 4.17824e-7,
  "timestamp": "2025-11-12T15:38:14.420Z"
}
