{
  "bag_usd": 0.000001,
  "xrp_usd": 2.63764,
  "bag_xrp": 3.79127e-7,
  "timestamp": "2025-10-13T20:51:59.922Z"
}
