{
  "bag_usd": 0.000001,
  "xrp_usd": 2.314,
  "bag_xrp": 4.32152e-7,
  "timestamp": "2025-11-09T17:19:12.784Z"
}
