{
  "bag_usd": 0.000001,
  "xrp_usd": 2.63754,
  "bag_xrp": 3.79141e-7,
  "timestamp": "2025-10-27T22:58:31.986Z"
}
