{
  "bag_usd": 0.000001,
  "xrp_usd": 2.8342,
  "bag_xrp": 3.52833e-7,
  "timestamp": "2025-10-09T05:37:26.902Z"
}
