{
  "bag_usd": 0.000001,
  "xrp_usd": 2.18011,
  "bag_xrp": 4.58692e-7,
  "timestamp": "2025-11-29T08:35:21.815Z"
}
