{
  "bag_usd": 0.000001,
  "xrp_usd": 2.22539,
  "bag_xrp": 4.49359e-7,
  "timestamp": "2025-11-26T22:58:39.564Z"
}
