{
  "bag_usd": 0.000001,
  "xrp_usd": 2.1549,
  "bag_xrp": 4.64059e-7,
  "timestamp": "2025-11-18T04:56:56.183Z"
}
