{
  "bag_usd": 0.000001,
  "xrp_usd": 2.16445,
  "bag_xrp": 4.62011e-7,
  "timestamp": "2025-11-18T05:27:27.687Z"
}
