{
  "bag_usd": 0.000001,
  "xrp_usd": 2.55125,
  "bag_xrp": 3.91965e-7,
  "timestamp": "2025-10-30T11:38:05.866Z"
}
