{
  "bag_usd": 0.000001,
  "xrp_usd": 2.41276,
  "bag_xrp": 4.14463e-7,
  "timestamp": "2025-10-24T04:23:32.009Z"
}
