{
  "bag_usd": 0.000001,
  "xrp_usd": 2.20879,
  "bag_xrp": 4.52737e-7,
  "timestamp": "2025-11-25T10:58:53.758Z"
}
