{
  "bag_usd": 0.000001,
  "xrp_usd": 2.59093,
  "bag_xrp": 3.85962e-7,
  "timestamp": "2025-10-30T07:38:24.959Z"
}
