{
  "bag_usd": 0.000001,
  "xrp_usd": 2.61616,
  "bag_xrp": 3.8224e-7,
  "timestamp": "2025-10-29T21:31:56.023Z"
}
