{
  "bag_usd": 0.000001,
  "xrp_usd": 2.41753,
  "bag_xrp": 4.13645e-7,
  "timestamp": "2025-11-03T06:29:16.795Z"
}
