{
  "bag_usd": 0.000001,
  "xrp_usd": 2.21755,
  "bag_xrp": 4.50948e-7,
  "timestamp": "2025-11-28T14:19:39.197Z"
}
