{
  "bag_usd": 0.000001,
  "xrp_usd": 2.38886,
  "bag_xrp": 4.1861e-7,
  "timestamp": "2025-10-10T23:27:33.538Z"
}
