{
  "bag_usd": 0.000001,
  "xrp_usd": 2.51105,
  "bag_xrp": 3.9824e-7,
  "timestamp": "2025-11-02T21:41:18.514Z"
}
