{
  "bag_usd": 0.000001,
  "xrp_usd": 2.28742,
  "bag_xrp": 4.37174e-7,
  "timestamp": "2025-10-17T12:54:38.932Z"
}
