{
  "bag_usd": 0.000001,
  "xrp_usd": 2.4914,
  "bag_xrp": 4.01381e-7,
  "timestamp": "2025-11-02T16:12:35.762Z"
}
