{
  "bag_usd": 0.000001,
  "xrp_usd": 2.34483,
  "bag_xrp": 4.2647e-7,
  "timestamp": "2025-10-19T07:51:25.134Z"
}
