{
  "bag_usd": 0.000001,
  "xrp_usd": 2.2156,
  "bag_xrp": 4.51345e-7,
  "timestamp": "2025-11-06T21:44:07.701Z"
}
