{
  "bag_usd": 0.000001,
  "xrp_usd": 2.89325,
  "bag_xrp": 3.45632e-7,
  "timestamp": "2025-10-08T21:00:26.476Z"
}
