{
  "bag_usd": 0.000001,
  "xrp_usd": 2.97928,
  "bag_xrp": 3.35652e-7,
  "timestamp": "2025-10-07T10:54:41.756Z"
}
