{
  "bag_usd": 0.000001,
  "xrp_usd": 2.42378,
  "bag_xrp": 4.12579e-7,
  "timestamp": "2025-11-12T10:44:15.553Z"
}
