{
  "bag_usd": 0.000001,
  "xrp_usd": 2.65094,
  "bag_xrp": 3.77225e-7,
  "timestamp": "2025-10-28T11:40:11.063Z"
}
