{
  "bag_usd": 0.000001,
  "xrp_usd": 2.87816,
  "bag_xrp": 3.47444e-7,
  "timestamp": "2025-10-08T11:21:19.021Z"
}
