{
  "bag_usd": 0.000001,
  "xrp_usd": 2.5594,
  "bag_xrp": 3.90717e-7,
  "timestamp": "2025-10-30T09:57:30.820Z"
}
