{
  "bag_usd": 0.000001,
  "xrp_usd": 2.4562,
  "bag_xrp": 4.07133e-7,
  "timestamp": "2025-11-11T09:51:27.218Z"
}
