{
  "bag_usd": 0.000001,
  "xrp_usd": 2.63556,
  "bag_xrp": 3.79426e-7,
  "timestamp": "2025-10-13T21:13:17.882Z"
}
