{
  "bag_usd": 0.000001,
  "xrp_usd": 2.20259,
  "bag_xrp": 4.54011e-7,
  "timestamp": "2025-11-04T19:29:40.618Z"
}
