{
  "bag_usd": 0.000001,
  "xrp_usd": 2.03889,
  "bag_xrp": 4.90463e-7,
  "timestamp": "2025-11-23T10:17:16.242Z"
}
