{
  "bag_usd": 0.000001,
  "xrp_usd": 2.72796,
  "bag_xrp": 3.66574e-7,
  "timestamp": "2025-10-10T17:18:52.951Z"
}
