{
  "bag_usd": 0.000001,
  "xrp_usd": 2.51602,
  "bag_xrp": 3.97453e-7,
  "timestamp": "2025-10-31T16:41:59.535Z"
}
