{
  "bag_usd": 0.000001,
  "xrp_usd": 2.80586,
  "bag_xrp": 3.56397e-7,
  "timestamp": "2025-10-10T02:40:23.938Z"
}
