{
  "bag_usd": 0.000001,
  "xrp_usd": 2.60053,
  "bag_xrp": 3.84537e-7,
  "timestamp": "2025-10-25T14:34:22.005Z"
}
