{
  "bag_usd": 0.000001,
  "xrp_usd": 2.87702,
  "bag_xrp": 3.47582e-7,
  "timestamp": "2025-10-08T16:50:08.440Z"
}
