{
  "bag_usd": 0.000001,
  "xrp_usd": 2.34695,
  "bag_xrp": 4.26085e-7,
  "timestamp": "2025-10-19T06:35:53.852Z"
}
