{
  "bag_usd": 0.000001,
  "xrp_usd": 2.12993,
  "bag_xrp": 4.69499e-7,
  "timestamp": "2025-11-19T05:49:56.580Z"
}
