{
  "bag_usd": 0.000001,
  "xrp_usd": 2.39988,
  "bag_xrp": 4.16688e-7,
  "timestamp": "2025-10-22T08:54:36.942Z"
}
