{
  "bag_usd": 0.000001,
  "xrp_usd": 2.819,
  "bag_xrp": 3.54736e-7,
  "timestamp": "2025-10-10T08:49:59.238Z"
}
