{
  "bag_usd": 0.000001,
  "xrp_usd": 2.29794,
  "bag_xrp": 4.35172e-7,
  "timestamp": "2025-11-15T03:32:10.437Z"
}
