{
  "bag_usd": 0.000001,
  "xrp_usd": 2.43822,
  "bag_xrp": 4.10135e-7,
  "timestamp": "2025-11-11T16:22:15.656Z"
}
