{
  "bag_usd": 0.000001,
  "xrp_usd": 2.09516,
  "bag_xrp": 4.77291e-7,
  "timestamp": "2025-11-04T21:32:46.297Z"
}
