{
  "bag_usd": 0.000001,
  "xrp_usd": 2.32015,
  "bag_xrp": 4.31007e-7,
  "timestamp": "2025-11-09T15:55:58.841Z"
}
