{
  "bag_usd": 0.000001,
  "xrp_usd": 2.22274,
  "bag_xrp": 4.49895e-7,
  "timestamp": "2025-11-06T19:28:02.805Z"
}
