{
  "bag_usd": 0.000001,
  "xrp_usd": 2.25437,
  "bag_xrp": 4.43583e-7,
  "timestamp": "2025-11-15T12:50:58.434Z"
}
