{
  "bag_usd": 0.000001,
  "xrp_usd": 2.87646,
  "bag_xrp": 3.4765e-7,
  "timestamp": "2025-10-07T20:43:22.664Z"
}
