{
  "bag_usd": 0.000001,
  "xrp_usd": 2.5007,
  "bag_xrp": 3.99888e-7,
  "timestamp": "2025-10-21T17:40:01.678Z"
}
