{
  "bag_usd": 0.000001,
  "xrp_usd": 2.48135,
  "bag_xrp": 4.03006e-7,
  "timestamp": "2025-11-01T14:57:39.618Z"
}
