{
  "bag_usd": 0.000001,
  "xrp_usd": 2.18895,
  "bag_xrp": 4.5684e-7,
  "timestamp": "2025-11-18T14:40:23.345Z"
}
