{
  "bag_usd": 0.000001,
  "xrp_usd": 2.30946,
  "bag_xrp": 4.33002e-7,
  "timestamp": "2025-11-06T10:13:50.211Z"
}
