{
  "bag_usd": 0.000001,
  "xrp_usd": 3.04114,
  "bag_xrp": 3.28824e-7,
  "timestamp": "2025-10-06T17:43:07.940Z"
}
