{
  "bag_usd": 0.000001,
  "xrp_usd": 2.21678,
  "bag_xrp": 4.51105e-7,
  "timestamp": "2025-10-17T08:28:54.814Z"
}
