{
  "bag_usd": 0.000001,
  "xrp_usd": 2.87905,
  "bag_xrp": 3.47337e-7,
  "timestamp": "2025-10-07T21:19:06.865Z"
}
