{
  "bag_usd": 0.000001,
  "xrp_usd": 2.40433,
  "bag_xrp": 4.15916e-7,
  "timestamp": "2025-10-16T09:21:22.918Z"
}
