{
  "bag_usd": 0.000001,
  "xrp_usd": 2.17752,
  "bag_xrp": 4.59238e-7,
  "timestamp": "2025-11-25T14:53:21.613Z"
}
