{
  "bag_usd": 0.000001,
  "xrp_usd": 2.64206,
  "bag_xrp": 3.78493e-7,
  "timestamp": "2025-10-27T21:41:16.091Z"
}
