{
  "bag_usd": 0.000001,
  "xrp_usd": 2.37885,
  "bag_xrp": 4.20371e-7,
  "timestamp": "2025-10-19T11:43:15.640Z"
}
