{
  "bag_usd": 0.000001,
  "xrp_usd": 2.04025,
  "bag_xrp": 4.90136e-7,
  "timestamp": "2025-11-24T01:21:13.769Z"
}
