{
  "bag_usd": 0.000001,
  "xrp_usd": 2.21373,
  "bag_xrp": 4.51726e-7,
  "timestamp": "2025-11-29T17:23:01.610Z"
}
