{
  "bag_usd": 0.000001,
  "xrp_usd": 2.6382,
  "bag_xrp": 3.79046e-7,
  "timestamp": "2025-10-13T20:40:05.489Z"
}
