{
  "bag_usd": 0.000001,
  "xrp_usd": 2.20301,
  "bag_xrp": 4.53924e-7,
  "timestamp": "2025-11-27T22:57:35.480Z"
}
