{
  "bag_usd": 0.000001,
  "xrp_usd": 2.40572,
  "bag_xrp": 4.15676e-7,
  "timestamp": "2025-11-03T11:43:26.928Z"
}
