{
  "bag_usd": 0.000001,
  "xrp_usd": 2.62608,
  "bag_xrp": 3.80796e-7,
  "timestamp": "2025-10-13T21:27:33.212Z"
}
