{
  "bag_usd": 0.000001,
  "xrp_usd": 2.21297,
  "bag_xrp": 4.51881e-7,
  "timestamp": "2025-11-27T04:35:17.791Z"
}
