{
  "bag_usd": 0.000001,
  "xrp_usd": 2.19075,
  "bag_xrp": 4.56465e-7,
  "timestamp": "2025-11-26T03:31:06.646Z"
}
