{
  "bag_usd": 0.000001,
  "xrp_usd": 2.48618,
  "bag_xrp": 4.02223e-7,
  "timestamp": "2025-11-02T20:31:03.564Z"
}
