{
  "bag_usd": 0.000001,
  "xrp_usd": 2.3991,
  "bag_xrp": 4.16823e-7,
  "timestamp": "2025-11-03T13:24:02.203Z"
}
