{
  "bag_usd": 0.000001,
  "xrp_usd": 2.12372,
  "bag_xrp": 4.70872e-7,
  "timestamp": "2025-11-20T06:56:48.066Z"
}
