{
  "bag_usd": 0.000001,
  "xrp_usd": 2.50885,
  "bag_xrp": 3.98589e-7,
  "timestamp": "2025-11-01T16:44:44.380Z"
}
