{
  "bag_usd": 0.000001,
  "xrp_usd": 2.25586,
  "bag_xrp": 4.4329e-7,
  "timestamp": "2025-11-15T18:35:01.275Z"
}
