{
  "bag_usd": 0.000001,
  "xrp_usd": 2.8168,
  "bag_xrp": 3.55013e-7,
  "timestamp": "2025-10-09T10:44:40.410Z"
}
