{
  "bag_usd": 0.000001,
  "xrp_usd": 2.49455,
  "bag_xrp": 4.00874e-7,
  "timestamp": "2025-11-02T17:53:00.408Z"
}
