{
  "bag_usd": 0.000001,
  "xrp_usd": 2.326,
  "bag_xrp": 4.29923e-7,
  "timestamp": "2025-10-18T05:44:06.321Z"
}
