{
  "bag_usd": 0.000001,
  "xrp_usd": 2.31492,
  "bag_xrp": 4.3198e-7,
  "timestamp": "2025-11-09T17:32:58.596Z"
}
