{
  "bag_usd": 0.000001,
  "xrp_usd": 2.7121,
  "bag_xrp": 3.68718e-7,
  "timestamp": "2025-10-10T18:51:59.194Z"
}
