{
  "bag_usd": 0.000001,
  "xrp_usd": 2.27129,
  "bag_xrp": 4.40278e-7,
  "timestamp": "2025-11-15T13:19:21.829Z"
}
