{
  "bag_usd": 0.000001,
  "xrp_usd": 2.4013,
  "bag_xrp": 4.16441e-7,
  "timestamp": "2025-10-19T17:47:21.305Z"
}
