{
  "bag_usd": 0.000001,
  "xrp_usd": 2.03951,
  "bag_xrp": 4.90314e-7,
  "timestamp": "2025-11-23T13:41:38.304Z"
}
