{
  "bag_usd": 0.000001,
  "xrp_usd": 2.25556,
  "bag_xrp": 4.43349e-7,
  "timestamp": "2025-11-15T10:14:05.713Z"
}
