{
  "bag_usd": 0.000001,
  "xrp_usd": 2.51707,
  "bag_xrp": 3.97287e-7,
  "timestamp": "2025-11-02T14:21:52.452Z"
}
