{
  "bag_usd": 0.000001,
  "xrp_usd": 2.26182,
  "bag_xrp": 4.42122e-7,
  "timestamp": "2025-11-15T19:08:05.174Z"
}
