{
  "bag_usd": 0.000001,
  "xrp_usd": 2.87725,
  "bag_xrp": 3.47554e-7,
  "timestamp": "2025-10-08T13:33:03.169Z"
}
