{
  "bag_usd": 0.000001,
  "xrp_usd": 2.25001,
  "bag_xrp": 4.44442e-7,
  "timestamp": "2025-11-05T05:19:25.349Z"
}
