{
  "bag_usd": 0.000001,
  "xrp_usd": 2.32165,
  "bag_xrp": 4.30728e-7,
  "timestamp": "2025-11-05T19:58:31.351Z"
}
