{
  "bag_usd": 0.000001,
  "xrp_usd": 2.99029,
  "bag_xrp": 3.34416e-7,
  "timestamp": "2025-10-06T08:52:13.908Z"
}
