{
  "bag_usd": 0.000001,
  "xrp_usd": 2.40227,
  "bag_xrp": 4.16273e-7,
  "timestamp": "2025-10-22T08:31:32.587Z"
}
