{
  "bag_usd": 0.000001,
  "xrp_usd": 2.09209,
  "bag_xrp": 4.77991e-7,
  "timestamp": "2025-11-24T05:32:14.707Z"
}
