{
  "bag_usd": 0.000001,
  "xrp_usd": 2.21275,
  "bag_xrp": 4.51926e-7,
  "timestamp": "2025-11-27T18:25:50.976Z"
}
