{
  "bag_usd": 0.000001,
  "xrp_usd": 2.87846,
  "bag_xrp": 3.47408e-7,
  "timestamp": "2025-10-08T10:57:36.379Z"
}
