{
  "bag_usd": 0.000001,
  "xrp_usd": 2.52061,
  "bag_xrp": 3.96729e-7,
  "timestamp": "2025-11-10T14:48:18.108Z"
}
