{
  "bag_usd": 0.000001,
  "xrp_usd": 2.88495,
  "bag_xrp": 3.46626e-7,
  "timestamp": "2025-10-08T14:01:24.216Z"
}
