{
  "bag_usd": 0.000001,
  "xrp_usd": 2.5296,
  "bag_xrp": 3.95319e-7,
  "timestamp": "2025-11-10T23:20:39.608Z"
}
