{
  "bag_usd": 0.000001,
  "xrp_usd": 2.29522,
  "bag_xrp": 4.35688e-7,
  "timestamp": "2025-10-17T19:40:07.503Z"
}
