{
  "bag_usd": 0.000001,
  "xrp_usd": 2.18355,
  "bag_xrp": 4.5797e-7,
  "timestamp": "2025-11-18T12:55:33.693Z"
}
