{
  "bag_usd": 0.000001,
  "xrp_usd": 2.65386,
  "bag_xrp": 3.7681e-7,
  "timestamp": "2025-10-26T23:08:02.647Z"
}
