{
  "bag_usd": 0.000001,
  "xrp_usd": 2.38364,
  "bag_xrp": 4.19526e-7,
  "timestamp": "2025-11-12T23:30:16.853Z"
}
