{
  "bag_usd": 0.000001,
  "xrp_usd": 2.46491,
  "bag_xrp": 4.05694e-7,
  "timestamp": "2025-10-15T14:54:54.802Z"
}
