{
  "bag_usd": 0.000001,
  "xrp_usd": 2.19035,
  "bag_xrp": 4.56548e-7,
  "timestamp": "2025-11-28T13:08:32.639Z"
}
