{
  "bag_usd": 0.000001,
  "xrp_usd": 2.50956,
  "bag_xrp": 3.98476e-7,
  "timestamp": "2025-11-01T07:32:34.848Z"
}
