{
  "bag_usd": 0.000001,
  "xrp_usd": 1.90828,
  "bag_xrp": 5.24032e-7,
  "timestamp": "2025-11-21T09:39:01.784Z"
}
