{
  "bag_usd": 0.000001,
  "xrp_usd": 2.84655,
  "bag_xrp": 3.51302e-7,
  "timestamp": "2025-10-09T04:53:51.416Z"
}
