{
  "bag_usd": 0.000001,
  "xrp_usd": 2.41001,
  "bag_xrp": 4.14936e-7,
  "timestamp": "2025-10-23T09:45:46.998Z"
}
