{
  "bag_usd": 0.000001,
  "xrp_usd": 2.265,
  "bag_xrp": 4.41501e-7,
  "timestamp": "2025-11-24T20:52:57.192Z"
}
