{
  "bag_usd": 0.000001,
  "xrp_usd": 2.37596,
  "bag_xrp": 4.20883e-7,
  "timestamp": "2025-11-03T16:52:09.513Z"
}
