{
  "bag_usd": 0.000001,
  "xrp_usd": 2.35398,
  "bag_xrp": 4.24812e-7,
  "timestamp": "2025-11-04T03:48:47.037Z"
}
