{
  "bag_usd": 0.000001,
  "xrp_usd": 2.43456,
  "bag_xrp": 4.10752e-7,
  "timestamp": "2025-10-30T22:57:25.936Z"
}
