{
  "bag_usd": 0.000001,
  "xrp_usd": 2.51098,
  "bag_xrp": 3.98251e-7,
  "timestamp": "2025-10-14T23:37:20.472Z"
}
