{
  "bag_usd": 0.000001,
  "xrp_usd": 2.16358,
  "bag_xrp": 4.62197e-7,
  "timestamp": "2025-11-04T20:53:06.442Z"
}
