{
  "bag_usd": 0.000001,
  "xrp_usd": 2.17495,
  "bag_xrp": 4.59781e-7,
  "timestamp": "2025-11-26T10:55:36.333Z"
}
