{
  "bag_usd": 0.000001,
  "xrp_usd": 2.2736,
  "bag_xrp": 4.39831e-7,
  "timestamp": "2025-11-08T20:22:33.073Z"
}
