{
  "bag_usd": 0.000001,
  "xrp_usd": 2.25553,
  "bag_xrp": 4.43355e-7,
  "timestamp": "2025-11-14T12:31:31.096Z"
}
