{
  "bag_usd": 0.000001,
  "xrp_usd": 2.31207,
  "bag_xrp": 4.32513e-7,
  "timestamp": "2025-11-13T20:15:32.635Z"
}
