{
  "bag_usd": 0.000001,
  "xrp_usd": 2.3431,
  "bag_xrp": 4.26785e-7,
  "timestamp": "2025-10-17T01:03:47.163Z"
}
