{
  "bag_usd": 0.000001,
  "xrp_usd": 2.53991,
  "bag_xrp": 3.93715e-7,
  "timestamp": "2025-10-25T06:49:27.789Z"
}
