{
  "bag_usd": 0.000001,
  "xrp_usd": 2.65999,
  "bag_xrp": 3.75941e-7,
  "timestamp": "2025-10-28T17:24:20.152Z"
}
