{
  "bag_usd": 0.000001,
  "xrp_usd": 2.39255,
  "bag_xrp": 4.17964e-7,
  "timestamp": "2025-11-11T23:56:37.552Z"
}
