{
  "bag_usd": 0.000001,
  "xrp_usd": 1.976,
  "bag_xrp": 5.06073e-7,
  "timestamp": "2025-11-21T18:50:02.421Z"
}
