{
  "bag_usd": 0.000001,
  "xrp_usd": 2.98501,
  "bag_xrp": 3.35007e-7,
  "timestamp": "2025-10-06T07:34:54.599Z"
}
