{
  "bag_usd": 0.000001,
  "xrp_usd": 2.40785,
  "bag_xrp": 4.15308e-7,
  "timestamp": "2025-10-14T13:18:20.679Z"
}
