{
  "bag_usd": 0.000001,
  "xrp_usd": 2.62348,
  "bag_xrp": 3.81173e-7,
  "timestamp": "2025-10-26T18:31:48.231Z"
}
