{
  "bag_usd": 0.000001,
  "xrp_usd": 1.93725,
  "bag_xrp": 5.16196e-7,
  "timestamp": "2025-11-22T04:56:14.870Z"
}
