{
  "bag_usd": 0.000001,
  "xrp_usd": 2.40095,
  "bag_xrp": 4.16502e-7,
  "timestamp": "2025-10-23T19:13:21.604Z"
}
