{
  "bag_usd": 0.000001,
  "xrp_usd": 2.04716,
  "bag_xrp": 4.88482e-7,
  "timestamp": "2025-11-23T09:41:32.464Z"
}
