{
  "bag_usd": 0.000001,
  "xrp_usd": 2.4088,
  "bag_xrp": 4.15144e-7,
  "timestamp": "2025-10-19T16:45:19.396Z"
}
