{
  "bag_usd": 0.000001,
  "xrp_usd": 2.2625,
  "bag_xrp": 4.41989e-7,
  "timestamp": "2025-10-17T14:44:22.929Z"
}
