{
  "bag_usd": 0.000001,
  "xrp_usd": 2.8677,
  "bag_xrp": 3.48712e-7,
  "timestamp": "2025-10-08T09:15:36.308Z"
}
