{
  "bag_usd": 0.000001,
  "xrp_usd": 2.57564,
  "bag_xrp": 3.88253e-7,
  "timestamp": "2025-10-30T03:51:42.553Z"
}
