{
  "bag_usd": 0.000001,
  "xrp_usd": 2.18501,
  "bag_xrp": 4.57664e-7,
  "timestamp": "2025-11-25T18:56:03.865Z"
}
