{
  "bag_usd": 0.000001,
  "xrp_usd": 2.18899,
  "bag_xrp": 4.56832e-7,
  "timestamp": "2025-11-27T10:50:18.244Z"
}
