{
  "bag_usd": 0.000001,
  "xrp_usd": 2.49363,
  "bag_xrp": 4.01022e-7,
  "timestamp": "2025-11-13T11:49:35.733Z"
}
