{
  "bag_usd": 0.000001,
  "xrp_usd": 2.25782,
  "bag_xrp": 4.42905e-7,
  "timestamp": "2025-11-15T11:20:53.042Z"
}
