{
  "bag_usd": 0.000001,
  "xrp_usd": 2.18657,
  "bag_xrp": 4.57337e-7,
  "timestamp": "2025-11-25T15:42:58.289Z"
}
