{
  "bag_usd": 0.000001,
  "xrp_usd": 2.88101,
  "bag_xrp": 3.471e-7,
  "timestamp": "2025-10-07T17:40:31.797Z"
}
