{
  "bag_usd": 0.000001,
  "xrp_usd": 2.49673,
  "bag_xrp": 4.00524e-7,
  "timestamp": "2025-10-15T11:48:42.578Z"
}
