{
  "bag_usd": 0.000001,
  "xrp_usd": 2.26262,
  "bag_xrp": 4.41966e-7,
  "timestamp": "2025-11-17T04:30:53.758Z"
}
