{
  "bag_usd": 0.000001,
  "xrp_usd": 2.13745,
  "bag_xrp": 4.67847e-7,
  "timestamp": "2025-11-20T05:46:13.633Z"
}
