{
  "bag_usd": 0.000001,
  "xrp_usd": 2.65772,
  "bag_xrp": 3.76262e-7,
  "timestamp": "2025-10-27T15:43:57.935Z"
}
