{
  "bag_usd": 0.000001,
  "xrp_usd": 2.26823,
  "bag_xrp": 4.40872e-7,
  "timestamp": "2025-11-17T10:34:39.380Z"
}
