{
  "bag_usd": 0.000001,
  "xrp_usd": 2.23012,
  "bag_xrp": 4.48406e-7,
  "timestamp": "2025-11-07T05:16:27.630Z"
}
