{
  "bag_usd": 0.000001,
  "xrp_usd": 2.33774,
  "bag_xrp": 4.27764e-7,
  "timestamp": "2025-10-17T21:59:35.081Z"
}
