{
  "bag_usd": 0.000001,
  "xrp_usd": 2.42436,
  "bag_xrp": 4.1248e-7,
  "timestamp": "2025-11-11T19:42:09.466Z"
}
