{
  "bag_usd": 0.000001,
  "xrp_usd": 2.39455,
  "bag_xrp": 4.17615e-7,
  "timestamp": "2025-10-22T05:38:51.424Z"
}
