{
  "bag_usd": 0.000001,
  "xrp_usd": 2.42135,
  "bag_xrp": 4.12993e-7,
  "timestamp": "2025-10-21T10:56:56.607Z"
}
