{
  "bag_usd": 0.000001,
  "xrp_usd": 2.26378,
  "bag_xrp": 4.41739e-7,
  "timestamp": "2025-11-15T10:58:41.281Z"
}
