{
  "bag_usd": 0.000001,
  "xrp_usd": 2.2003,
  "bag_xrp": 4.54483e-7,
  "timestamp": "2025-11-16T18:28:54.316Z"
}
