{
  "bag_usd": 0.000001,
  "xrp_usd": 2.44016,
  "bag_xrp": 4.09809e-7,
  "timestamp": "2025-10-20T17:45:21.432Z"
}
