{
  "bag_usd": 0.000001,
  "xrp_usd": 2.42288,
  "bag_xrp": 4.12732e-7,
  "timestamp": "2025-10-21T11:21:41.233Z"
}
