{
  "bag_usd": 0.000001,
  "xrp_usd": 2.49788,
  "bag_xrp": 4.00339e-7,
  "timestamp": "2025-10-15T05:26:37.999Z"
}
