{
  "bag_usd": 0.000001,
  "xrp_usd": 2.3485,
  "bag_xrp": 4.25804e-7,
  "timestamp": "2025-10-16T18:53:19.826Z"
}
