{
  "bag_usd": 0.000001,
  "xrp_usd": 2.46788,
  "bag_xrp": 4.05206e-7,
  "timestamp": "2025-11-10T06:49:43.111Z"
}
