{
  "bag_usd": 0.000001,
  "xrp_usd": 2.404,
  "bag_xrp": 4.15973e-7,
  "timestamp": "2025-10-23T19:27:49.691Z"
}
