{
  "bag_usd": 0.000001,
  "xrp_usd": 2.48,
  "bag_xrp": 4.03226e-7,
  "timestamp": "2025-10-24T13:06:18.090Z"
}
