{
  "bag_usd": 0.000001,
  "xrp_usd": 2.36165,
  "bag_xrp": 4.23433e-7,
  "timestamp": "2025-10-18T21:47:13.195Z"
}
