{
  "bag_usd": 0.000001,
  "xrp_usd": 2.2634,
  "bag_xrp": 4.41813e-7,
  "timestamp": "2025-11-15T09:25:50.460Z"
}
