{
  "bag_usd": 0.000001,
  "xrp_usd": 2.53645,
  "bag_xrp": 3.94252e-7,
  "timestamp": "2025-10-31T15:15:46.796Z"
}
