{
  "bag_usd": 0.000001,
  "xrp_usd": 2.04545,
  "bag_xrp": 4.8889e-7,
  "timestamp": "2025-11-23T13:53:29.822Z"
}
