{
  "bag_usd": 0.000001,
  "xrp_usd": 2.31079,
  "bag_xrp": 4.32752e-7,
  "timestamp": "2025-11-08T09:56:17.110Z"
}
