{
  "bag_usd": 0.000001,
  "xrp_usd": 2.51085,
  "bag_xrp": 3.98272e-7,
  "timestamp": "2025-10-14T23:24:18.607Z"
}
