{
  "bag_usd": 0.000001,
  "xrp_usd": 2.21185,
  "bag_xrp": 4.5211e-7,
  "timestamp": "2025-11-27T22:10:20.561Z"
}
