{
  "bag_usd": 0.000001,
  "xrp_usd": 2.03743,
  "bag_xrp": 4.90814e-7,
  "timestamp": "2025-11-19T19:22:38.106Z"
}
