{
  "bag_usd": 0.000001,
  "xrp_usd": 2.50498,
  "bag_xrp": 3.99205e-7,
  "timestamp": "2025-11-02T15:50:30.779Z"
}
