{
  "bag_usd": 0.000001,
  "xrp_usd": 2.38157,
  "bag_xrp": 4.19891e-7,
  "timestamp": "2025-11-03T17:59:52.511Z"
}
