{
  "bag_usd": 0.000001,
  "xrp_usd": 2.26239,
  "bag_xrp": 4.4201e-7,
  "timestamp": "2025-11-15T19:23:19.437Z"
}
