{
  "bag_usd": 0.000001,
  "xrp_usd": 2.67356,
  "bag_xrp": 3.74033e-7,
  "timestamp": "2025-10-27T16:33:36.623Z"
}
