{
  "bag_usd": 0.000001,
  "xrp_usd": 2.1068,
  "bag_xrp": 4.74654e-7,
  "timestamp": "2025-11-19T23:43:31.138Z"
}
