{
  "bag_usd": 0.000001,
  "xrp_usd": 2.21509,
  "bag_xrp": 4.51449e-7,
  "timestamp": "2025-11-07T04:52:30.048Z"
}
