{
  "bag_usd": 0.000001,
  "xrp_usd": 2.64253,
  "bag_xrp": 3.78425e-7,
  "timestamp": "2025-10-26T15:42:23.475Z"
}
