{
  "bag_usd": 0.000001,
  "xrp_usd": 2.63601,
  "bag_xrp": 3.79361e-7,
  "timestamp": "2025-10-25T18:51:58.566Z"
}
