{
  "bag_usd": 0.000001,
  "xrp_usd": 2.48527,
  "bag_xrp": 4.02371e-7,
  "timestamp": "2025-10-11T12:31:04.321Z"
}
