{
  "bag_usd": 0.000001,
  "xrp_usd": 2.39701,
  "bag_xrp": 4.17186e-7,
  "timestamp": "2025-11-12T06:40:23.042Z"
}
