{
  "bag_usd": 0.000001,
  "xrp_usd": 2.30705,
  "bag_xrp": 4.33454e-7,
  "timestamp": "2025-11-04T14:54:53.523Z"
}
