{
  "bag_usd": 0.000001,
  "xrp_usd": 2.2185,
  "bag_xrp": 4.50755e-7,
  "timestamp": "2025-11-26T20:33:54.488Z"
}
