{
  "bag_usd": 0.000001,
  "xrp_usd": 2.41498,
  "bag_xrp": 4.14082e-7,
  "timestamp": "2025-10-15T17:33:28.709Z"
}
