{
  "bag_usd": 0.000001,
  "xrp_usd": 2.46167,
  "bag_xrp": 4.06228e-7,
  "timestamp": "2025-10-20T11:24:16.612Z"
}
