{
  "bag_usd": 0.000001,
  "xrp_usd": 2.18989,
  "bag_xrp": 4.56644e-7,
  "timestamp": "2025-11-18T08:48:41.132Z"
}
