{
  "bag_usd": 0.000001,
  "xrp_usd": 2.82172,
  "bag_xrp": 3.54394e-7,
  "timestamp": "2025-10-10T11:46:56.627Z"
}
