{
  "bag_usd": 0.000001,
  "xrp_usd": 2.53724,
  "bag_xrp": 3.94129e-7,
  "timestamp": "2025-10-12T18:20:41.700Z"
}
