{
  "bag_usd": 0.000001,
  "xrp_usd": 2.22315,
  "bag_xrp": 4.49812e-7,
  "timestamp": "2025-11-26T23:52:22.457Z"
}
