{
  "bag_usd": 0.000001,
  "xrp_usd": 2.62085,
  "bag_xrp": 3.81556e-7,
  "timestamp": "2025-10-26T07:26:48.683Z"
}
