{
  "bag_usd": 0.000001,
  "xrp_usd": 2.19025,
  "bag_xrp": 4.56569e-7,
  "timestamp": "2025-11-26T08:56:47.133Z"
}
