{
  "bag_usd": 0.000001,
  "xrp_usd": 2.26556,
  "bag_xrp": 4.41392e-7,
  "timestamp": "2025-11-06T14:53:27.366Z"
}
