{
  "bag_usd": 0.000001,
  "xrp_usd": 2.41112,
  "bag_xrp": 4.14745e-7,
  "timestamp": "2025-10-21T10:44:42.634Z"
}
