{
  "bag_usd": 0.000001,
  "xrp_usd": 2.58244,
  "bag_xrp": 3.87231e-7,
  "timestamp": "2025-10-25T13:10:14.583Z"
}
