{
  "bag_usd": 0.000001,
  "xrp_usd": 2.40038,
  "bag_xrp": 4.16601e-7,
  "timestamp": "2025-10-19T15:56:59.127Z"
}
