{
  "bag_usd": 0.000001,
  "xrp_usd": 2.36277,
  "bag_xrp": 4.23232e-7,
  "timestamp": "2025-10-18T11:00:30.467Z"
}
