{
  "bag_usd": 0.000001,
  "xrp_usd": 2.1743,
  "bag_xrp": 4.59918e-7,
  "timestamp": "2025-11-17T17:40:16.526Z"
}
