{
  "bag_usd": 0.000001,
  "xrp_usd": 2.17009,
  "bag_xrp": 4.6081e-7,
  "timestamp": "2025-11-26T15:59:57.401Z"
}
