{
  "bag_usd": 0.000001,
  "xrp_usd": 2.17366,
  "bag_xrp": 4.60054e-7,
  "timestamp": "2025-11-07T11:38:14.198Z"
}
