{
  "bag_usd": 0.000001,
  "xrp_usd": 2.38458,
  "bag_xrp": 4.19361e-7,
  "timestamp": "2025-11-12T21:42:31.216Z"
}
