{
  "bag_usd": 0.000001,
  "xrp_usd": 2.30013,
  "bag_xrp": 4.34758e-7,
  "timestamp": "2025-11-14T15:32:10.036Z"
}
