{
  "bag_usd": 0.000001,
  "xrp_usd": 2.51355,
  "bag_xrp": 3.97844e-7,
  "timestamp": "2025-11-02T10:58:28.110Z"
}
