{
  "bag_usd": 0.000001,
  "xrp_usd": 2.0216,
  "bag_xrp": 4.94658e-7,
  "timestamp": "2025-11-23T07:54:38.665Z"
}
