{
  "bag_usd": 0.000001,
  "xrp_usd": 2.5338,
  "bag_xrp": 3.94664e-7,
  "timestamp": "2025-11-02T09:28:45.401Z"
}
