{
  "bag_usd": 0.000001,
  "xrp_usd": 2.51103,
  "bag_xrp": 3.98243e-7,
  "timestamp": "2025-11-01T20:44:21.676Z"
}
