{
  "bag_usd": 0.000001,
  "xrp_usd": 2.36679,
  "bag_xrp": 4.22513e-7,
  "timestamp": "2025-10-16T17:56:48.507Z"
}
