{
  "bag_usd": 0.000001,
  "xrp_usd": 2.34307,
  "bag_xrp": 4.2679e-7,
  "timestamp": "2025-11-07T21:34:26.002Z"
}
