{
  "bag_usd": 0.000001,
  "xrp_usd": 2.40401,
  "bag_xrp": 4.15972e-7,
  "timestamp": "2025-11-03T07:20:44.485Z"
}
