{
  "bag_usd": 0.000001,
  "xrp_usd": 2.89085,
  "bag_xrp": 3.45919e-7,
  "timestamp": "2025-10-08T23:20:31.109Z"
}
