{
  "bag_usd": 0.000001,
  "xrp_usd": 2.41041,
  "bag_xrp": 4.14867e-7,
  "timestamp": "2025-10-23T06:39:22.433Z"
}
