{
  "bag_usd": 0.000001,
  "xrp_usd": 2.48125,
  "bag_xrp": 4.03023e-7,
  "timestamp": "2025-11-01T14:33:39.330Z"
}
