{
  "bag_usd": 0.000001,
  "xrp_usd": 2.61139,
  "bag_xrp": 3.82938e-7,
  "timestamp": "2025-10-27T09:33:22.019Z"
}
