{
  "bag_usd": 0.000001,
  "xrp_usd": 2.96983,
  "bag_xrp": 3.3672e-7,
  "timestamp": "2025-10-06T05:32:09.310Z"
}
