{
  "bag_usd": 0.000001,
  "xrp_usd": 2.25645,
  "bag_xrp": 4.43174e-7,
  "timestamp": "2025-11-16T05:57:36.066Z"
}
