{
  "bag_usd": 0.000001,
  "xrp_usd": 2.50676,
  "bag_xrp": 3.98921e-7,
  "timestamp": "2025-11-01T20:56:04.283Z"
}
