{
  "bag_usd": 0.000001,
  "xrp_usd": 2.5628,
  "bag_xrp": 3.90198e-7,
  "timestamp": "2025-10-12T21:17:42.908Z"
}
