{
  "bag_usd": 0.000001,
  "xrp_usd": 2.88361,
  "bag_xrp": 3.46788e-7,
  "timestamp": "2025-10-07T15:54:32.833Z"
}
