{
  "bag_usd": 0.000001,
  "xrp_usd": 2.9081,
  "bag_xrp": 3.43867e-7,
  "timestamp": "2025-10-08T19:40:24.974Z"
}
