{
  "bag_usd": 0.000001,
  "xrp_usd": 2.599,
  "bag_xrp": 3.84763e-7,
  "timestamp": "2025-10-25T23:01:19.274Z"
}
