{
  "bag_usd": 0.000001,
  "xrp_usd": 1.95021,
  "bag_xrp": 5.12765e-7,
  "timestamp": "2025-11-21T14:52:31.784Z"
}
