{
  "bag_usd": 0.000001,
  "xrp_usd": 2.26279,
  "bag_xrp": 4.41932e-7,
  "timestamp": "2025-11-14T11:39:41.554Z"
}
