{
  "bag_usd": 0.000001,
  "xrp_usd": 2.23927,
  "bag_xrp": 4.46574e-7,
  "timestamp": "2025-11-05T07:12:23.669Z"
}
