{
  "bag_usd": 0.000001,
  "xrp_usd": 2.21652,
  "bag_xrp": 4.51158e-7,
  "timestamp": "2025-11-25T13:50:37.074Z"
}
