{
  "bag_usd": 0.000001,
  "xrp_usd": 2.32473,
  "bag_xrp": 4.30157e-7,
  "timestamp": "2025-11-13T19:38:46.280Z"
}
