{
  "bag_usd": 0.000001,
  "xrp_usd": 2.183,
  "bag_xrp": 4.58085e-7,
  "timestamp": "2025-11-26T10:11:15.659Z"
}
