{
  "bag_usd": 0.000001,
  "xrp_usd": 2.62911,
  "bag_xrp": 3.80357e-7,
  "timestamp": "2025-10-28T06:40:10.749Z"
}
