{
  "bag_usd": 0.000001,
  "xrp_usd": 2.22585,
  "bag_xrp": 4.49267e-7,
  "timestamp": "2025-11-24T23:50:44.471Z"
}
