{
  "bag_usd": 0.000001,
  "xrp_usd": 2.97122,
  "bag_xrp": 3.36562e-7,
  "timestamp": "2025-10-06T05:44:34.499Z"
}
