{
  "bag_usd": 0.000001,
  "xrp_usd": 2.25594,
  "bag_xrp": 4.43274e-7,
  "timestamp": "2025-10-17T07:30:58.096Z"
}
