{
  "bag_usd": 0.000001,
  "xrp_usd": 2.33471,
  "bag_xrp": 4.28319e-7,
  "timestamp": "2025-11-04T01:53:27.419Z"
}
