{
  "bag_usd": 0.000001,
  "xrp_usd": 2.19781,
  "bag_xrp": 4.54998e-7,
  "timestamp": "2025-11-25T11:53:40.283Z"
}
