{
  "bag_usd": 0.000001,
  "xrp_usd": 2.34138,
  "bag_xrp": 4.27099e-7,
  "timestamp": "2025-11-07T21:58:06.894Z"
}
