{
  "bag_usd": 0.000001,
  "xrp_usd": 2.65246,
  "bag_xrp": 3.77009e-7,
  "timestamp": "2025-10-29T10:32:57.107Z"
}
