{
  "bag_usd": 0.000001,
  "xrp_usd": 2.2132,
  "bag_xrp": 4.51834e-7,
  "timestamp": "2025-11-26T20:45:43.366Z"
}
