{
  "bag_usd": 0.000001,
  "xrp_usd": 2.50143,
  "bag_xrp": 3.99771e-7,
  "timestamp": "2025-10-24T21:36:26.735Z"
}
