{
  "bag_usd": 0.000001,
  "xrp_usd": 2.28899,
  "bag_xrp": 4.36874e-7,
  "timestamp": "2025-11-13T21:30:18.519Z"
}
