{
  "bag_usd": 0.000001,
  "xrp_usd": 2.18262,
  "bag_xrp": 4.58165e-7,
  "timestamp": "2025-11-28T22:45:08.267Z"
}
