{
  "bag_usd": 0.000001,
  "xrp_usd": 2.41261,
  "bag_xrp": 4.14489e-7,
  "timestamp": "2025-10-19T14:32:08.592Z"
}
