{
  "bag_usd": 0.000001,
  "xrp_usd": 2.50875,
  "bag_xrp": 3.98605e-7,
  "timestamp": "2025-10-15T07:58:26.875Z"
}
