{
  "bag_usd": 0.000001,
  "xrp_usd": 2.20183,
  "bag_xrp": 4.54168e-7,
  "timestamp": "2025-11-06T21:32:01.008Z"
}
