{
  "bag_usd": 0.000001,
  "xrp_usd": 2.10955,
  "bag_xrp": 4.74035e-7,
  "timestamp": "2025-11-20T11:42:18.245Z"
}
