{
  "bag_usd": 0.000001,
  "xrp_usd": 2.44805,
  "bag_xrp": 4.08488e-7,
  "timestamp": "2025-10-16T11:54:29.981Z"
}
