{
  "bag_usd": 0.000001,
  "xrp_usd": 2.86875,
  "bag_xrp": 3.48584e-7,
  "timestamp": "2025-10-07T22:58:04.218Z"
}
