{
  "bag_usd": 0.000001,
  "xrp_usd": 2.965,
  "bag_xrp": 3.37268e-7,
  "timestamp": "2025-10-07T07:40:01.452Z"
}
