{
  "bag_usd": 0.000001,
  "xrp_usd": 2.4512,
  "bag_xrp": 4.07963e-7,
  "timestamp": "2025-10-20T05:45:24.279Z"
}
