{
  "bag_usd": 0.000001,
  "xrp_usd": 2.00203,
  "bag_xrp": 4.99493e-7,
  "timestamp": "2025-11-20T21:00:02.941Z"
}
