{
  "bag_usd": 0.000001,
  "xrp_usd": 2.1814,
  "bag_xrp": 4.58421e-7,
  "timestamp": "2025-11-29T05:59:16.359Z"
}
