{
  "bag_usd": 0.000001,
  "xrp_usd": 2.20122,
  "bag_xrp": 4.54294e-7,
  "timestamp": "2025-11-26T02:07:20.539Z"
}
