{
  "bag_usd": 0.000001,
  "xrp_usd": 2.21503,
  "bag_xrp": 4.51461e-7,
  "timestamp": "2025-11-27T05:16:11.258Z"
}
