{
  "bag_usd": 0.000001,
  "xrp_usd": 2.14498,
  "bag_xrp": 4.66205e-7,
  "timestamp": "2025-11-17T19:07:58.464Z"
}
