{
  "bag_usd": 0.000001,
  "xrp_usd": 1.90682,
  "bag_xrp": 5.24433e-7,
  "timestamp": "2025-11-21T10:40:27.042Z"
}
