{
  "bag_usd": 0.000001,
  "xrp_usd": 2.54605,
  "bag_xrp": 3.92765e-7,
  "timestamp": "2025-10-25T03:01:28.832Z"
}
