{
  "bag_usd": 0.000001,
  "xrp_usd": 2.39975,
  "bag_xrp": 4.1671e-7,
  "timestamp": "2025-11-12T03:18:46.522Z"
}
