{
  "bag_usd": 0.000001,
  "xrp_usd": 2.46374,
  "bag_xrp": 4.05887e-7,
  "timestamp": "2025-11-13T13:43:53.737Z"
}
