{
  "bag_usd": 0.000001,
  "xrp_usd": 1.9255,
  "bag_xrp": 5.19346e-7,
  "timestamp": "2025-11-22T21:36:53.578Z"
}
