{
  "bag_usd": 0.000001,
  "xrp_usd": 1.99259,
  "bag_xrp": 5.01859e-7,
  "timestamp": "2025-11-20T17:20:00.351Z"
}
