{
  "bag_usd": 0.000001,
  "xrp_usd": 2.50151,
  "bag_xrp": 3.99759e-7,
  "timestamp": "2025-11-01T08:28:52.497Z"
}
