{
  "bag_usd": 0.000001,
  "xrp_usd": 2.28198,
  "bag_xrp": 4.38216e-7,
  "timestamp": "2025-11-15T06:55:39.739Z"
}
