{
  "bag_usd": 0.000001,
  "xrp_usd": 2.22666,
  "bag_xrp": 4.49103e-7,
  "timestamp": "2025-11-15T21:41:30.630Z"
}
