{
  "bag_usd": 0.000001,
  "xrp_usd": 2.32289,
  "bag_xrp": 4.30498e-7,
  "timestamp": "2025-10-16T23:25:58.906Z"
}
