{
  "bag_usd": 0.000001,
  "xrp_usd": 3.00123,
  "bag_xrp": 3.33197e-7,
  "timestamp": "2025-10-06T11:40:23.964Z"
}
