{
  "bag_usd": 0.000001,
  "xrp_usd": 2.52188,
  "bag_xrp": 3.9653e-7,
  "timestamp": "2025-10-20T19:45:14.618Z"
}
