{
  "bag_usd": 0.000001,
  "xrp_usd": 2.18956,
  "bag_xrp": 4.56713e-7,
  "timestamp": "2025-11-07T13:50:06.531Z"
}
