{
  "bag_usd": 0.000001,
  "xrp_usd": 2.39041,
  "bag_xrp": 4.18338e-7,
  "timestamp": "2025-10-12T11:18:41.621Z"
}
