{
  "bag_usd": 0.000001,
  "xrp_usd": 2.20779,
  "bag_xrp": 4.52942e-7,
  "timestamp": "2025-11-17T15:55:55.944Z"
}
