{
  "bag_usd": 0.000001,
  "xrp_usd": 2.40081,
  "bag_xrp": 4.16526e-7,
  "timestamp": "2025-10-12T10:14:32.971Z"
}
