{
  "bag_usd": 0.000001,
  "xrp_usd": 2.32075,
  "bag_xrp": 4.30895e-7,
  "timestamp": "2025-11-07T23:18:18.289Z"
}
