{
  "bag_usd": 0.000001,
  "xrp_usd": 2.82314,
  "bag_xrp": 3.54216e-7,
  "timestamp": "2025-10-10T05:26:47.774Z"
}
