{
  "bag_usd": 0.000001,
  "xrp_usd": 2.14222,
  "bag_xrp": 4.66805e-7,
  "timestamp": "2025-11-24T17:21:04.949Z"
}
