{
  "bag_usd": 0.000001,
  "xrp_usd": 2.44089,
  "bag_xrp": 4.09687e-7,
  "timestamp": "2025-10-15T16:37:30.734Z"
}
