{
  "bag_usd": 0.000001,
  "xrp_usd": 2.30105,
  "bag_xrp": 4.34584e-7,
  "timestamp": "2025-10-17T18:11:13.518Z"
}
