{
  "bag_usd": 0.000001,
  "xrp_usd": 2.418,
  "bag_xrp": 4.13565e-7,
  "timestamp": "2025-11-03T14:30:07.074Z"
}
