{
  "bag_usd": 0.000001,
  "xrp_usd": 2.64274,
  "bag_xrp": 3.78395e-7,
  "timestamp": "2025-10-26T09:11:08.239Z"
}
