{
  "bag_usd": 0.000001,
  "xrp_usd": 1.94625,
  "bag_xrp": 5.13809e-7,
  "timestamp": "2025-11-21T14:40:20.824Z"
}
