{
  "bag_usd": 0.000001,
  "xrp_usd": 2.41819,
  "bag_xrp": 4.13532e-7,
  "timestamp": "2025-10-14T10:35:42.254Z"
}
