{
  "bag_usd": 0.000001,
  "xrp_usd": 2.45641,
  "bag_xrp": 4.07098e-7,
  "timestamp": "2025-10-20T13:39:07.587Z"
}
