{
  "bag_usd": 0.000001,
  "xrp_usd": 2.65001,
  "bag_xrp": 3.77357e-7,
  "timestamp": "2025-10-28T16:56:28.885Z"
}
