{
  "bag_usd": 0.000001,
  "xrp_usd": 2.54812,
  "bag_xrp": 3.92446e-7,
  "timestamp": "2025-11-10T17:23:02.762Z"
}
