{
  "bag_usd": 0.000001,
  "xrp_usd": 2.47469,
  "bag_xrp": 4.04091e-7,
  "timestamp": "2025-10-14T09:36:41.431Z"
}
