{
  "bag_usd": 0.000001,
  "xrp_usd": 2.27549,
  "bag_xrp": 4.39466e-7,
  "timestamp": "2025-11-14T13:08:39.247Z"
}
