{
  "bag_usd": 0.000001,
  "xrp_usd": 2.9952,
  "bag_xrp": 3.33868e-7,
  "timestamp": "2025-10-06T14:51:53.526Z"
}
