{
  "bag_usd": 0.000001,
  "xrp_usd": 2.21415,
  "bag_xrp": 4.51641e-7,
  "timestamp": "2025-11-25T08:21:37.230Z"
}
