{
  "bag_usd": 0.000001,
  "xrp_usd": 2.24121,
  "bag_xrp": 4.46188e-7,
  "timestamp": "2025-10-17T09:45:39.699Z"
}
