{
  "bag_usd": 0.000001,
  "xrp_usd": 2.33132,
  "bag_xrp": 4.28942e-7,
  "timestamp": "2025-11-14T16:54:57.093Z"
}
