{
  "bag_usd": 0.000001,
  "xrp_usd": 2.53384,
  "bag_xrp": 3.94658e-7,
  "timestamp": "2025-11-02T08:18:35.901Z"
}
