{
  "bag_usd": 0.000001,
  "xrp_usd": 2.29281,
  "bag_xrp": 4.36146e-7,
  "timestamp": "2025-11-14T08:24:24.607Z"
}
