{
  "bag_usd": 0.000001,
  "xrp_usd": 1.98909,
  "bag_xrp": 5.02742e-7,
  "timestamp": "2025-11-20T17:49:46.353Z"
}
