{
  "bag_usd": 0.000001,
  "xrp_usd": 2.5185,
  "bag_xrp": 3.97062e-7,
  "timestamp": "2025-11-02T14:37:04.764Z"
}
