{
  "bag_usd": 0.000001,
  "xrp_usd": 2.4633,
  "bag_xrp": 4.05959e-7,
  "timestamp": "2025-10-20T10:47:48.681Z"
}
