{
  "bag_usd": 0.000001,
  "xrp_usd": 2.25495,
  "bag_xrp": 4.43469e-7,
  "timestamp": "2025-11-08T15:37:42.721Z"
}
