{
  "bag_usd": 0.000001,
  "xrp_usd": 2.60613,
  "bag_xrp": 3.83711e-7,
  "timestamp": "2025-10-28T22:46:26.271Z"
}
