{
  "bag_usd": 0.000001,
  "xrp_usd": 2.53095,
  "bag_xrp": 3.95109e-7,
  "timestamp": "2025-11-02T09:10:04.411Z"
}
