{
  "bag_usd": 0.000001,
  "xrp_usd": 2.2509,
  "bag_xrp": 4.44267e-7,
  "timestamp": "2025-11-15T08:59:07.056Z"
}
