{
  "bag_usd": 0.000001,
  "xrp_usd": 2.10754,
  "bag_xrp": 4.74487e-7,
  "timestamp": "2025-11-24T16:39:50.022Z"
}
