{
  "bag_usd": 0.000001,
  "xrp_usd": 2.85721,
  "bag_xrp": 3.49992e-7,
  "timestamp": "2025-10-08T07:55:57.521Z"
}
