{
  "bag_usd": 0.000001,
  "xrp_usd": 1.9272,
  "bag_xrp": 5.18888e-7,
  "timestamp": "2025-11-22T19:49:01.736Z"
}
