{
  "bag_usd": 0.000001,
  "xrp_usd": 2.31265,
  "bag_xrp": 4.32404e-7,
  "timestamp": "2025-11-14T19:22:35.539Z"
}
