{
  "bag_usd": 0.000001,
  "xrp_usd": 2.4323,
  "bag_xrp": 4.11133e-7,
  "timestamp": "2025-10-15T18:38:08.154Z"
}
