{
  "bag_usd": 0.000001,
  "xrp_usd": 2.31257,
  "bag_xrp": 4.32419e-7,
  "timestamp": "2025-11-06T01:27:34.094Z"
}
