{
  "bag_usd": 0.000001,
  "xrp_usd": 2.46284,
  "bag_xrp": 4.06035e-7,
  "timestamp": "2025-11-11T10:55:22.615Z"
}
