{
  "bag_usd": 0.000001,
  "xrp_usd": 2.50087,
  "bag_xrp": 3.99861e-7,
  "timestamp": "2025-11-01T01:49:09.281Z"
}
