{
  "bag_usd": 0.000001,
  "xrp_usd": 2.16356,
  "bag_xrp": 4.62201e-7,
  "timestamp": "2025-11-17T22:55:14.618Z"
}
