{
  "bag_usd": 0.000001,
  "xrp_usd": 2.6193,
  "bag_xrp": 3.81781e-7,
  "timestamp": "2025-10-13T07:53:53.198Z"
}
