{
  "bag_usd": 0.000001,
  "xrp_usd": 2.32813,
  "bag_xrp": 4.29529e-7,
  "timestamp": "2025-10-19T09:08:50.651Z"
}
