{
  "bag_usd": 0.000001,
  "xrp_usd": 2.50444,
  "bag_xrp": 3.99291e-7,
  "timestamp": "2025-10-14T18:56:09.342Z"
}
