{
  "bag_usd": 0.000001,
  "xrp_usd": 2.6478,
  "bag_xrp": 3.77672e-7,
  "timestamp": "2025-10-29T11:09:28.704Z"
}
