{
  "bag_usd": 0.000001,
  "xrp_usd": 2.63515,
  "bag_xrp": 3.79485e-7,
  "timestamp": "2025-10-13T20:24:06.308Z"
}
