{
  "bag_usd": 0.000001,
  "xrp_usd": 2.28122,
  "bag_xrp": 4.38362e-7,
  "timestamp": "2025-11-09T13:41:45.667Z"
}
