{
  "bag_usd": 0.000001,
  "xrp_usd": 2.21229,
  "bag_xrp": 4.5202e-7,
  "timestamp": "2025-11-07T04:39:48.662Z"
}
