{
  "bag_usd": 0.000001,
  "xrp_usd": 2.23955,
  "bag_xrp": 4.46518e-7,
  "timestamp": "2025-11-05T11:55:28.968Z"
}
