{
  "bag_usd": 0.000001,
  "xrp_usd": 2.62952,
  "bag_xrp": 3.80298e-7,
  "timestamp": "2025-10-28T19:30:32.404Z"
}
