{
  "bag_usd": 0.000001,
  "xrp_usd": 2.2635,
  "bag_xrp": 4.41794e-7,
  "timestamp": "2025-11-15T10:47:10.515Z"
}
