{
  "bag_usd": 0.000001,
  "xrp_usd": 2.2094,
  "bag_xrp": 4.52612e-7,
  "timestamp": "2025-11-04T22:41:10.573Z"
}
