{
  "bag_usd": 0.000001,
  "xrp_usd": 2.73708,
  "bag_xrp": 3.65353e-7,
  "timestamp": "2025-10-10T15:40:35.413Z"
}
