{
  "bag_usd": 0.000001,
  "xrp_usd": 2.22625,
  "bag_xrp": 4.49186e-7,
  "timestamp": "2025-11-15T22:13:54.336Z"
}
