{
  "bag_usd": 0.000001,
  "xrp_usd": 1.93346,
  "bag_xrp": 5.17207e-7,
  "timestamp": "2025-11-21T13:18:46.129Z"
}
