{
  "bag_usd": 0.000001,
  "xrp_usd": 2.19351,
  "bag_xrp": 4.5589e-7,
  "timestamp": "2025-11-25T17:57:21.335Z"
}
