{
  "bag_usd": 0.000001,
  "xrp_usd": 2.24733,
  "bag_xrp": 4.44972e-7,
  "timestamp": "2025-11-25T04:53:20.063Z"
}
