{
  "bag_usd": 0.000001,
  "xrp_usd": 2.32835,
  "bag_xrp": 4.29489e-7,
  "timestamp": "2025-11-09T22:41:58.265Z"
}
