{
  "bag_usd": 0.000001,
  "xrp_usd": 2.39916,
  "bag_xrp": 4.16813e-7,
  "timestamp": "2025-10-10T23:52:16.491Z"
}
