{
  "bag_usd": 0.000001,
  "xrp_usd": 2.46133,
  "bag_xrp": 4.06284e-7,
  "timestamp": "2025-10-16T12:44:21.419Z"
}
