{
  "bag_usd": 0.000001,
  "xrp_usd": 2.34885,
  "bag_xrp": 4.2574e-7,
  "timestamp": "2025-10-17T02:39:36.887Z"
}
