{
  "bag_usd": 0.000001,
  "xrp_usd": 2.22078,
  "bag_xrp": 4.50292e-7,
  "timestamp": "2025-11-16T19:34:51.473Z"
}
