{
  "bag_usd": 0.000001,
  "xrp_usd": 2.30838,
  "bag_xrp": 4.33204e-7,
  "timestamp": "2025-11-14T03:54:26.272Z"
}
