{
  "bag_usd": 0.000001,
  "xrp_usd": 2.30961,
  "bag_xrp": 4.32974e-7,
  "timestamp": "2025-11-14T03:18:19.382Z"
}
