{
  "bag_usd": 0.000001,
  "xrp_usd": 2.40955,
  "bag_xrp": 4.15015e-7,
  "timestamp": "2025-10-19T22:45:35.020Z"
}
