{
  "bag_usd": 0.000001,
  "xrp_usd": 2.16463,
  "bag_xrp": 4.61973e-7,
  "timestamp": "2025-11-18T08:22:47.815Z"
}
