{
  "bag_usd": 0.000001,
  "xrp_usd": 2.20285,
  "bag_xrp": 4.53957e-7,
  "timestamp": "2025-11-07T09:34:13.014Z"
}
