{
  "bag_usd": 0.000001,
  "xrp_usd": 2.17929,
  "bag_xrp": 4.58865e-7,
  "timestamp": "2025-11-27T14:13:40.267Z"
}
