{
  "bag_usd": 0.000001,
  "xrp_usd": 2.41643,
  "bag_xrp": 4.13834e-7,
  "timestamp": "2025-11-12T09:52:52.368Z"
}
