{
  "bag_usd": 0.000001,
  "xrp_usd": 2.79442,
  "bag_xrp": 3.57856e-7,
  "timestamp": "2025-10-09T20:27:07.423Z"
}
