{
  "bag_usd": 0.000001,
  "xrp_usd": 2.23119,
  "bag_xrp": 4.48191e-7,
  "timestamp": "2025-11-18T22:34:33.884Z"
}
