{
  "bag_usd": 0.000001,
  "xrp_usd": 2.51557,
  "bag_xrp": 3.97524e-7,
  "timestamp": "2025-10-31T18:50:04.102Z"
}
