{
  "bag_usd": 0.000001,
  "xrp_usd": 2.6751,
  "bag_xrp": 3.73818e-7,
  "timestamp": "2025-10-27T19:53:37.110Z"
}
