{
  "bag_usd": 0.000001,
  "xrp_usd": 2.23295,
  "bag_xrp": 4.47838e-7,
  "timestamp": "2025-11-16T11:38:33.371Z"
}
