{
  "bag_usd": 0.000001,
  "xrp_usd": 2.4018,
  "bag_xrp": 4.16354e-7,
  "timestamp": "2025-10-23T18:52:50.018Z"
}
