{
  "bag_usd": 0.000001,
  "xrp_usd": 2.36161,
  "bag_xrp": 4.2344e-7,
  "timestamp": "2025-10-18T07:39:00.946Z"
}
