{
  "bag_usd": 0.000001,
  "xrp_usd": 2.4401,
  "bag_xrp": 4.09819e-7,
  "timestamp": "2025-10-21T22:32:02.454Z"
}
