{
  "bag_usd": 0.000001,
  "xrp_usd": 2.48344,
  "bag_xrp": 4.02667e-7,
  "timestamp": "2025-11-02T19:50:20.130Z"
}
