{
  "bag_usd": 0.000001,
  "xrp_usd": 2.34248,
  "bag_xrp": 4.26898e-7,
  "timestamp": "2025-11-07T20:17:57.077Z"
}
