{
  "bag_usd": 0.000001,
  "xrp_usd": 2.5021,
  "bag_xrp": 3.99664e-7,
  "timestamp": "2025-11-01T09:50:11.170Z"
}
