{
  "bag_usd": 0.000001,
  "xrp_usd": 2.02358,
  "bag_xrp": 4.94174e-7,
  "timestamp": "2025-11-20T21:26:05.825Z"
}
