{
  "bag_usd": 0.000001,
  "xrp_usd": 2.42203,
  "bag_xrp": 4.12877e-7,
  "timestamp": "2025-11-03T14:48:00.005Z"
}
