{
  "bag_usd": 0.000001,
  "xrp_usd": 2.13887,
  "bag_xrp": 4.67537e-7,
  "timestamp": "2025-11-19T09:21:45.026Z"
}
