{
  "bag_usd": 0.000001,
  "xrp_usd": 2.65233,
  "bag_xrp": 3.77027e-7,
  "timestamp": "2025-10-27T20:19:05.753Z"
}
