{
  "bag_usd": 0.000001,
  "xrp_usd": 2.28114,
  "bag_xrp": 4.38377e-7,
  "timestamp": "2025-11-08T22:41:02.023Z"
}
