{
  "bag_usd": 0.000001,
  "xrp_usd": 2.39015,
  "bag_xrp": 4.18384e-7,
  "timestamp": "2025-10-22T19:31:47.081Z"
}
