{
  "bag_usd": 0.000001,
  "xrp_usd": 2.51955,
  "bag_xrp": 3.96896e-7,
  "timestamp": "2025-10-31T20:46:40.810Z"
}
