{
  "bag_usd": 0.000001,
  "xrp_usd": 2.55041,
  "bag_xrp": 3.92094e-7,
  "timestamp": "2025-10-30T10:59:24.694Z"
}
