{
  "bag_usd": 0.000001,
  "xrp_usd": 2.37208,
  "bag_xrp": 4.21571e-7,
  "timestamp": "2025-10-22T14:32:11.465Z"
}
