{
  "bag_usd": 0.000001,
  "xrp_usd": 2.5425,
  "bag_xrp": 3.93314e-7,
  "timestamp": "2025-10-31T19:50:32.358Z"
}
