{
  "bag_usd": 0.000001,
  "xrp_usd": 2.16855,
  "bag_xrp": 4.61138e-7,
  "timestamp": "2025-11-07T11:23:50.822Z"
}
