{
  "bag_usd": 0.000001,
  "xrp_usd": 2.15045,
  "bag_xrp": 4.65019e-7,
  "timestamp": "2025-11-25T19:36:40.649Z"
}
