{
  "bag_usd": 0.000001,
  "xrp_usd": 2.16541,
  "bag_xrp": 4.61806e-7,
  "timestamp": "2025-11-17T17:52:22.370Z"
}
