{
  "bag_usd": 0.000001,
  "xrp_usd": 2.38516,
  "bag_xrp": 4.19259e-7,
  "timestamp": "2025-10-23T12:18:42.465Z"
}
