{
  "bag_usd": 0.000001,
  "xrp_usd": 2.07588,
  "bag_xrp": 4.81723e-7,
  "timestamp": "2025-11-23T16:52:08.681Z"
}
