{
  "bag_usd": 0.000001,
  "xrp_usd": 2.22955,
  "bag_xrp": 4.48521e-7,
  "timestamp": "2025-11-27T02:50:29.838Z"
}
