{
  "bag_usd": 0.000001,
  "xrp_usd": 2.2812,
  "bag_xrp": 4.38366e-7,
  "timestamp": "2025-10-17T17:22:14.688Z"
}
