{
  "bag_usd": 0.000001,
  "xrp_usd": 2.46376,
  "bag_xrp": 4.05884e-7,
  "timestamp": "2025-10-14T14:47:15.866Z"
}
