{
  "bag_usd": 0.000001,
  "xrp_usd": 2.2585,
  "bag_xrp": 4.42772e-7,
  "timestamp": "2025-11-15T13:49:45.365Z"
}
