{
  "bag_usd": 0.000001,
  "xrp_usd": 2.3341,
  "bag_xrp": 4.28431e-7,
  "timestamp": "2025-11-08T04:52:54.025Z"
}
