{
  "bag_usd": 0.000001,
  "xrp_usd": 2.20599,
  "bag_xrp": 4.53311e-7,
  "timestamp": "2025-11-28T07:34:36.864Z"
}
