{
  "bag_usd": 0.000001,
  "xrp_usd": 2.18279,
  "bag_xrp": 4.58129e-7,
  "timestamp": "2025-11-25T22:22:22.635Z"
}
