{
  "bag_usd": 0.000001,
  "xrp_usd": 2.60381,
  "bag_xrp": 3.84053e-7,
  "timestamp": "2025-10-13T17:24:59.465Z"
}
