{
  "bag_usd": 0.000001,
  "xrp_usd": 2.64929,
  "bag_xrp": 3.7746e-7,
  "timestamp": "2025-10-27T21:52:43.943Z"
}
