{
  "bag_usd": 0.000001,
  "xrp_usd": 2.64435,
  "bag_xrp": 3.78165e-7,
  "timestamp": "2025-10-28T11:52:31.567Z"
}
