{
  "bag_usd": 0.000001,
  "xrp_usd": 2.4447,
  "bag_xrp": 4.09048e-7,
  "timestamp": "2025-10-24T05:37:59.455Z"
}
