{
  "bag_usd": 0.000001,
  "xrp_usd": 2.11971,
  "bag_xrp": 4.71763e-7,
  "timestamp": "2025-11-20T14:55:49.370Z"
}
