{
  "bag_usd": 0.000001,
  "xrp_usd": 2.37015,
  "bag_xrp": 4.21914e-7,
  "timestamp": "2025-11-12T22:21:08.943Z"
}
