{
  "bag_usd": 0.000001,
  "xrp_usd": 2.57246,
  "bag_xrp": 3.88733e-7,
  "timestamp": "2025-10-29T23:32:41.514Z"
}
