{
  "bag_usd": 0.000001,
  "xrp_usd": 2.11301,
  "bag_xrp": 4.73259e-7,
  "timestamp": "2025-11-24T16:54:43.998Z"
}
