{
  "bag_usd": 0.000001,
  "xrp_usd": 2.98852,
  "bag_xrp": 3.34614e-7,
  "timestamp": "2025-10-07T03:56:37.787Z"
}
