{
  "bag_usd": 0.000001,
  "xrp_usd": 2.49595,
  "bag_xrp": 4.00649e-7,
  "timestamp": "2025-11-01T13:30:40.712Z"
}
