{
  "bag_usd": 0.000001,
  "xrp_usd": 1.9212,
  "bag_xrp": 5.20508e-7,
  "timestamp": "2025-11-21T07:43:06.526Z"
}
