{
  "bag_usd": 0.000001,
  "xrp_usd": 2.49567,
  "bag_xrp": 4.00694e-7,
  "timestamp": "2025-11-02T18:53:33.098Z"
}
