{
  "bag_usd": 0.000001,
  "xrp_usd": 2.26609,
  "bag_xrp": 4.41289e-7,
  "timestamp": "2025-11-16T06:37:42.304Z"
}
