{
  "bag_usd": 0.000001,
  "xrp_usd": 2.32102,
  "bag_xrp": 4.30845e-7,
  "timestamp": "2025-10-19T09:27:42.808Z"
}
