{
  "bag_usd": 0.000001,
  "xrp_usd": 2.1971,
  "bag_xrp": 4.55145e-7,
  "timestamp": "2025-11-28T11:24:51.100Z"
}
