{
  "bag_usd": 0.000001,
  "xrp_usd": 2.62695,
  "bag_xrp": 3.8067e-7,
  "timestamp": "2025-10-29T08:51:30.728Z"
}
