{
  "bag_usd": 0.000001,
  "xrp_usd": 2.53819,
  "bag_xrp": 3.93982e-7,
  "timestamp": "2025-10-14T04:40:42.381Z"
}
