{
  "bag_usd": 0.000001,
  "xrp_usd": 2.1144,
  "bag_xrp": 4.72947e-7,
  "timestamp": "2025-11-20T11:54:09.305Z"
}
