{
  "bag_usd": 0.000001,
  "xrp_usd": 2.55104,
  "bag_xrp": 3.91997e-7,
  "timestamp": "2025-10-14T04:21:15.850Z"
}
