{
  "bag_usd": 0.000001,
  "xrp_usd": 2.5016,
  "bag_xrp": 3.99744e-7,
  "timestamp": "2025-11-02T17:08:04.800Z"
}
