{
  "bag_usd": 0.000001,
  "xrp_usd": 2.41257,
  "bag_xrp": 4.14496e-7,
  "timestamp": "2025-10-19T14:55:38.259Z"
}
