{
  "bag_usd": 0.000001,
  "xrp_usd": 1.9837,
  "bag_xrp": 5.04108e-7,
  "timestamp": "2025-11-21T05:11:11.060Z"
}
