{
  "bag_usd": 0.000001,
  "xrp_usd": 2.31566,
  "bag_xrp": 4.31842e-7,
  "timestamp": "2025-11-05T19:47:09.020Z"
}
