{
  "bag_usd": 0.000001,
  "xrp_usd": 2.5029,
  "bag_xrp": 3.99537e-7,
  "timestamp": "2025-11-01T11:54:05.955Z"
}
