{
  "bag_usd": 0.000001,
  "xrp_usd": 2.64094,
  "bag_xrp": 3.78653e-7,
  "timestamp": "2025-10-26T13:58:47.480Z"
}
