{
  "bag_usd": 0.000001,
  "xrp_usd": 1.94854,
  "bag_xrp": 5.13205e-7,
  "timestamp": "2025-11-21T23:43:11.629Z"
}
