{
  "bag_usd": 0.000001,
  "xrp_usd": 2.34065,
  "bag_xrp": 4.27232e-7,
  "timestamp": "2025-11-07T19:15:54.925Z"
}
