{
  "bag_usd": 0.000001,
  "xrp_usd": 2.51135,
  "bag_xrp": 3.98192e-7,
  "timestamp": "2025-10-14T19:31:54.488Z"
}
