{
  "bag_usd": 0.000001,
  "xrp_usd": 2.45233,
  "bag_xrp": 4.07775e-7,
  "timestamp": "2025-10-24T08:57:15.545Z"
}
