{
  "bag_usd": 0.000001,
  "xrp_usd": 1.94368,
  "bag_xrp": 5.14488e-7,
  "timestamp": "2025-11-22T02:56:57.447Z"
}
