{
  "bag_usd": 0.000001,
  "xrp_usd": 2.3365,
  "bag_xrp": 4.27991e-7,
  "timestamp": "2025-11-03T19:28:12.293Z"
}
