{
  "bag_usd": 0.000001,
  "xrp_usd": 2.56783,
  "bag_xrp": 3.89434e-7,
  "timestamp": "2025-10-25T11:55:29.605Z"
}
