{
  "bag_usd": 0.000001,
  "xrp_usd": 2.48674,
  "bag_xrp": 4.02133e-7,
  "timestamp": "2025-10-31T05:46:59.052Z"
}
