{
  "bag_usd": 0.000001,
  "xrp_usd": 2.2323,
  "bag_xrp": 4.47968e-7,
  "timestamp": "2025-11-26T19:50:35.636Z"
}
