{
  "bag_usd": 0.000001,
  "xrp_usd": 2.6282,
  "bag_xrp": 3.80489e-7,
  "timestamp": "2025-10-26T17:18:34.452Z"
}
