{
  "bag_usd": 0.000001,
  "xrp_usd": 2.53573,
  "bag_xrp": 3.94364e-7,
  "timestamp": "2025-10-31T20:13:00.068Z"
}
