{
  "bag_usd": 0.000001,
  "xrp_usd": 2.54975,
  "bag_xrp": 3.92195e-7,
  "timestamp": "2025-10-25T08:38:20.145Z"
}
