{
  "bag_usd": 0.000001,
  "xrp_usd": 2.85835,
  "bag_xrp": 3.49852e-7,
  "timestamp": "2025-10-08T04:51:19.496Z"
}
