{
  "bag_usd": 0.000001,
  "xrp_usd": 2.31657,
  "bag_xrp": 4.31673e-7,
  "timestamp": "2025-11-07T23:43:28.866Z"
}
