{
  "bag_usd": 0.000001,
  "xrp_usd": 2.47283,
  "bag_xrp": 4.04395e-7,
  "timestamp": "2025-10-20T15:47:29.227Z"
}
