{
  "bag_usd": 0.000001,
  "xrp_usd": 2.25885,
  "bag_xrp": 4.42703e-7,
  "timestamp": "2025-11-16T09:41:28.944Z"
}
