{
  "bag_usd": 0.000001,
  "xrp_usd": 2.99501,
  "bag_xrp": 3.33889e-7,
  "timestamp": "2025-10-07T05:24:42.177Z"
}
