{
  "bag_usd": 0.000001,
  "xrp_usd": 2.32791,
  "bag_xrp": 4.2957e-7,
  "timestamp": "2025-11-08T08:41:49.924Z"
}
