{
  "bag_usd": 0.000001,
  "xrp_usd": 2.2167,
  "bag_xrp": 4.51121e-7,
  "timestamp": "2025-11-17T15:43:11.506Z"
}
