{
  "bag_usd": 0.000001,
  "xrp_usd": 2.87242,
  "bag_xrp": 3.48139e-7,
  "timestamp": "2025-10-07T21:43:00.934Z"
}
