{
  "bag_usd": 0.000001,
  "xrp_usd": 2.27378,
  "bag_xrp": 4.39796e-7,
  "timestamp": "2025-11-16T09:53:33.417Z"
}
