{
  "bag_usd": 0.000001,
  "xrp_usd": 2.27857,
  "bag_xrp": 4.38872e-7,
  "timestamp": "2025-11-04T11:40:50.347Z"
}
