{
  "bag_usd": 0.000001,
  "xrp_usd": 2.29353,
  "bag_xrp": 4.36009e-7,
  "timestamp": "2025-11-09T07:53:46.294Z"
}
