{
  "bag_usd": 0.000001,
  "xrp_usd": 2.40075,
  "bag_xrp": 4.16536e-7,
  "timestamp": "2025-11-03T10:12:53.213Z"
}
