{
  "bag_usd": 0.000001,
  "xrp_usd": 2.50361,
  "bag_xrp": 3.99423e-7,
  "timestamp": "2025-11-13T06:57:58.853Z"
}
