{
  "bag_usd": 0.000001,
  "xrp_usd": 2.45045,
  "bag_xrp": 4.08088e-7,
  "timestamp": "2025-10-14T15:29:40.821Z"
}
