{
  "bag_usd": 0.000001,
  "xrp_usd": 2.54314,
  "bag_xrp": 3.93215e-7,
  "timestamp": "2025-10-13T11:30:00.421Z"
}
