{
  "bag_usd": 0.000001,
  "xrp_usd": 2.24521,
  "bag_xrp": 4.45393e-7,
  "timestamp": "2025-11-25T02:49:30.722Z"
}
