{
  "bag_usd": 0.000001,
  "xrp_usd": 2.39374,
  "bag_xrp": 4.17756e-7,
  "timestamp": "2025-10-12T10:45:35.742Z"
}
