{
  "bag_usd": 0.000001,
  "xrp_usd": 2.39713,
  "bag_xrp": 4.17166e-7,
  "timestamp": "2025-10-19T17:59:18.438Z"
}
