{
  "bag_usd": 0.000001,
  "xrp_usd": 2.4734,
  "bag_xrp": 4.04302e-7,
  "timestamp": "2025-11-11T06:41:03.296Z"
}
