{
  "bag_usd": 0.000001,
  "xrp_usd": 2.54426,
  "bag_xrp": 3.93042e-7,
  "timestamp": "2025-11-02T11:44:22.520Z"
}
