{
  "bag_usd": 0.000001,
  "xrp_usd": 2.08509,
  "bag_xrp": 4.79596e-7,
  "timestamp": "2025-11-24T04:03:26.018Z"
}
