{
  "bag_usd": 0.000001,
  "xrp_usd": 2.45911,
  "bag_xrp": 4.06651e-7,
  "timestamp": "2025-11-11T12:57:51.680Z"
}
