{
  "bag_usd": 0.000001,
  "xrp_usd": 2.51445,
  "bag_xrp": 3.97701e-7,
  "timestamp": "2025-11-02T15:24:46.197Z"
}
