{
  "bag_usd": 0.000001,
  "xrp_usd": 2.35556,
  "bag_xrp": 4.24528e-7,
  "timestamp": "2025-10-16T16:33:28.613Z"
}
