{
  "bag_usd": 0.000001,
  "xrp_usd": 2.27772,
  "bag_xrp": 4.39036e-7,
  "timestamp": "2025-11-04T11:25:15.623Z"
}
