{
  "bag_usd": 0.000001,
  "xrp_usd": 2.4057,
  "bag_xrp": 4.15679e-7,
  "timestamp": "2025-11-12T14:50:03.954Z"
}
