{
  "bag_usd": 0.000001,
  "xrp_usd": 2.23474,
  "bag_xrp": 4.47479e-7,
  "timestamp": "2025-11-05T09:46:36.925Z"
}
