{
  "bag_usd": 0.000001,
  "xrp_usd": 2.44665,
  "bag_xrp": 4.08722e-7,
  "timestamp": "2025-11-12T13:58:06.913Z"
}
