{
  "bag_usd": 0.000001,
  "xrp_usd": 2.60705,
  "bag_xrp": 3.83575e-7,
  "timestamp": "2025-10-28T23:52:14.496Z"
}
