{
  "bag_usd": 0.000001,
  "xrp_usd": 2.25,
  "bag_xrp": 4.44444e-7,
  "timestamp": "2025-11-16T03:33:53.228Z"
}
