{
  "bag_usd": 0.000001,
  "xrp_usd": 2.23092,
  "bag_xrp": 4.48246e-7,
  "timestamp": "2025-11-05T09:28:06.935Z"
}
