{
  "bag_usd": 0.000001,
  "xrp_usd": 2.47616,
  "bag_xrp": 4.03851e-7,
  "timestamp": "2025-10-11T10:56:27.496Z"
}
