{
  "bag_usd": 0.000001,
  "xrp_usd": 2.07215,
  "bag_xrp": 4.82591e-7,
  "timestamp": "2025-11-23T22:58:55.696Z"
}
