{
  "bag_usd": 0.000001,
  "xrp_usd": 2.89001,
  "bag_xrp": 3.4602e-7,
  "timestamp": "2025-10-07T17:24:59.464Z"
}
