{
  "bag_usd": 0.000001,
  "xrp_usd": 2.12658,
  "bag_xrp": 4.70239e-7,
  "timestamp": "2025-11-18T03:19:38.551Z"
}
