{
  "bag_usd": 0.000001,
  "xrp_usd": 2.49845,
  "bag_xrp": 4.00248e-7,
  "timestamp": "2025-11-01T19:29:51.602Z"
}
