{
  "bag_usd": 0.000001,
  "xrp_usd": 2.56251,
  "bag_xrp": 3.90242e-7,
  "timestamp": "2025-10-13T06:17:11.771Z"
}
