{
  "bag_usd": 0.000001,
  "xrp_usd": 2.08491,
  "bag_xrp": 4.79637e-7,
  "timestamp": "2025-11-24T03:07:02.186Z"
}
