{
  "bag_usd": 0.000001,
  "xrp_usd": 2.47002,
  "bag_xrp": 4.04855e-7,
  "timestamp": "2025-10-31T08:17:19.479Z"
}
