{
  "bag_usd": 0.000001,
  "xrp_usd": 2.95661,
  "bag_xrp": 3.38225e-7,
  "timestamp": "2025-10-07T13:42:49.007Z"
}
