{
  "bag_usd": 0.000001,
  "xrp_usd": 2.561,
  "bag_xrp": 3.90472e-7,
  "timestamp": "2025-10-25T11:32:18.757Z"
}
