{
  "bag_usd": 0.000001,
  "xrp_usd": 2.51835,
  "bag_xrp": 3.97085e-7,
  "timestamp": "2025-10-20T20:46:17.051Z"
}
