{
  "bag_usd": 0.000001,
  "xrp_usd": 2.63075,
  "bag_xrp": 3.8012e-7,
  "timestamp": "2025-10-29T07:42:18.200Z"
}
