{
  "bag_usd": 0.000001,
  "xrp_usd": 2.47249,
  "bag_xrp": 4.04451e-7,
  "timestamp": "2025-10-20T08:57:00.331Z"
}
