{
  "bag_usd": 0.000001,
  "xrp_usd": 2.34001,
  "bag_xrp": 4.27349e-7,
  "timestamp": "2025-11-05T21:39:35.302Z"
}
