{
  "bag_usd": 0.000001,
  "xrp_usd": 2.53499,
  "bag_xrp": 3.94479e-7,
  "timestamp": "2025-10-12T17:28:28.868Z"
}
