{
  "bag_usd": 0.000001,
  "xrp_usd": 2.4173,
  "bag_xrp": 4.13685e-7,
  "timestamp": "2025-10-23T17:44:03.953Z"
}
