{
  "bag_usd": 0.000001,
  "xrp_usd": 2.38915,
  "bag_xrp": 4.18559e-7,
  "timestamp": "2025-10-19T23:48:22.944Z"
}
