{
  "bag_usd": 0.000001,
  "xrp_usd": 1.89401,
  "bag_xrp": 5.2798e-7,
  "timestamp": "2025-11-22T13:26:38.143Z"
}
