{
  "bag_usd": 0.000001,
  "xrp_usd": 2.23382,
  "bag_xrp": 4.47664e-7,
  "timestamp": "2025-10-17T09:57:19.036Z"
}
