{
  "bag_usd": 0.000001,
  "xrp_usd": 2.16303,
  "bag_xrp": 4.62314e-7,
  "timestamp": "2025-11-18T13:51:47.601Z"
}
