{
  "bag_usd": 0.000001,
  "xrp_usd": 2.24284,
  "bag_xrp": 4.45863e-7,
  "timestamp": "2025-11-04T07:27:09.833Z"
}
