{
  "bag_usd": 0.000001,
  "xrp_usd": 2.38125,
  "bag_xrp": 4.19948e-7,
  "timestamp": "2025-10-19T10:58:27.276Z"
}
