{
  "bag_usd": 0.000001,
  "xrp_usd": 2.60601,
  "bag_xrp": 3.83728e-7,
  "timestamp": "2025-10-28T21:49:55.750Z"
}
