{
  "bag_usd": 0.000001,
  "xrp_usd": 2.30765,
  "bag_xrp": 4.33341e-7,
  "timestamp": "2025-10-17T20:16:06.932Z"
}
