{
  "bag_usd": 0.000001,
  "xrp_usd": 2.5042,
  "bag_xrp": 3.99329e-7,
  "timestamp": "2025-11-01T21:31:31.659Z"
}
