{
  "bag_usd": 0.000001,
  "xrp_usd": 2.13241,
  "bag_xrp": 4.68953e-7,
  "timestamp": "2025-11-17T20:37:41.591Z"
}
