{
  "bag_usd": 0.000001,
  "xrp_usd": 2.23861,
  "bag_xrp": 4.46706e-7,
  "timestamp": "2025-11-05T06:22:49.596Z"
}
