{
  "bag_usd": 0.000001,
  "xrp_usd": 2.24478,
  "bag_xrp": 4.45478e-7,
  "timestamp": "2025-11-15T20:42:01.269Z"
}
