{
  "bag_usd": 0.000001,
  "xrp_usd": 2.53662,
  "bag_xrp": 3.94225e-7,
  "timestamp": "2025-10-12T22:33:22.160Z"
}
