{
  "bag_usd": 0.000001,
  "xrp_usd": 2.25609,
  "bag_xrp": 4.43245e-7,
  "timestamp": "2025-11-15T15:58:34.342Z"
}
