{
  "bag_usd": 0.000001,
  "xrp_usd": 2.04432,
  "bag_xrp": 4.8916e-7,
  "timestamp": "2025-11-23T05:43:45.682Z"
}
