{
  "bag_usd": 0.000001,
  "xrp_usd": 2.21033,
  "bag_xrp": 4.52421e-7,
  "timestamp": "2025-11-27T06:25:10.872Z"
}
