{
  "bag_usd": 0.000001,
  "xrp_usd": 2.44625,
  "bag_xrp": 4.08789e-7,
  "timestamp": "2025-10-15T16:52:29.297Z"
}
