{
  "bag_usd": 0.000001,
  "xrp_usd": 2.09,
  "bag_xrp": 4.78469e-7,
  "timestamp": "2025-11-04T21:44:22.860Z"
}
