{
  "bag_usd": 0.000001,
  "xrp_usd": 2.43197,
  "bag_xrp": 4.11189e-7,
  "timestamp": "2025-10-24T04:53:49.323Z"
}
