{
  "bag_usd": 0.000001,
  "xrp_usd": 2.17556,
  "bag_xrp": 4.59652e-7,
  "timestamp": "2025-11-29T02:47:19.393Z"
}
