{
  "bag_usd": 0.000001,
  "xrp_usd": 2.22077,
  "bag_xrp": 4.50294e-7,
  "timestamp": "2025-11-24T19:28:28.110Z"
}
