{
  "bag_usd": 0.000001,
  "xrp_usd": 2.65829,
  "bag_xrp": 3.76182e-7,
  "timestamp": "2025-10-26T09:29:00.727Z"
}
