{
  "bag_usd": 0.000001,
  "xrp_usd": 2.63771,
  "bag_xrp": 3.79117e-7,
  "timestamp": "2025-10-26T10:15:52.809Z"
}
