{
  "bag_usd": 0.000001,
  "xrp_usd": 1.95574,
  "bag_xrp": 5.11315e-7,
  "timestamp": "2025-11-21T21:54:35.619Z"
}
