{
  "bag_usd": 0.000001,
  "xrp_usd": 2.42074,
  "bag_xrp": 4.13097e-7,
  "timestamp": "2025-10-15T17:14:36.800Z"
}
