{
  "bag_usd": 0.000001,
  "xrp_usd": 2.06435,
  "bag_xrp": 4.84414e-7,
  "timestamp": "2025-11-24T13:00:43.767Z"
}
