{
  "bag_usd": 0.000001,
  "xrp_usd": 2.30753,
  "bag_xrp": 4.33364e-7,
  "timestamp": "2025-11-04T15:44:02.581Z"
}
