{
  "bag_usd": 0.000001,
  "xrp_usd": 2.28375,
  "bag_xrp": 4.37876e-7,
  "timestamp": "2025-11-09T13:53:16.000Z"
}
