{
  "bag_usd": 0.000001,
  "xrp_usd": 2.18101,
  "bag_xrp": 4.58503e-7,
  "timestamp": "2025-11-29T03:37:23.070Z"
}
