{
  "bag_usd": 0.000001,
  "xrp_usd": 2.15277,
  "bag_xrp": 4.64518e-7,
  "timestamp": "2025-11-25T19:21:44.973Z"
}
