{
  "bag_usd": 0.000001,
  "xrp_usd": 2.17916,
  "bag_xrp": 4.58892e-7,
  "timestamp": "2025-11-28T02:48:38.422Z"
}
