{
  "bag_usd": 0.000001,
  "xrp_usd": 2.1826,
  "bag_xrp": 4.58169e-7,
  "timestamp": "2025-11-28T23:51:35.890Z"
}
