{
  "bag_usd": 0.000001,
  "xrp_usd": 2.54479,
  "bag_xrp": 3.9296e-7,
  "timestamp": "2025-10-25T07:39:33.375Z"
}
