{
  "bag_usd": 0.000001,
  "xrp_usd": 2.34512,
  "bag_xrp": 4.26417e-7,
  "timestamp": "2025-10-18T16:58:59.096Z"
}
