{
  "bag_usd": 0.000001,
  "xrp_usd": 2.97885,
  "bag_xrp": 3.357e-7,
  "timestamp": "2025-10-07T10:23:49.099Z"
}
