{
  "bag_usd": 0.000001,
  "xrp_usd": 2.78825,
  "bag_xrp": 3.58648e-7,
  "timestamp": "2025-10-09T08:57:23.624Z"
}
