{
  "bag_usd": 0.000001,
  "xrp_usd": 2.21971,
  "bag_xrp": 4.50509e-7,
  "timestamp": "2025-11-29T16:56:49.864Z"
}
