{
  "bag_usd": 0.000001,
  "xrp_usd": 2.61436,
  "bag_xrp": 3.82503e-7,
  "timestamp": "2025-10-29T04:43:16.927Z"
}
