{
  "bag_usd": 0.000001,
  "xrp_usd": 2.19835,
  "bag_xrp": 4.54887e-7,
  "timestamp": "2025-11-25T09:53:09.171Z"
}
