{
  "bag_usd": 0.000001,
  "xrp_usd": 2.33903,
  "bag_xrp": 4.27528e-7,
  "timestamp": "2025-10-22T22:51:59.834Z"
}
