{
  "bag_usd": 0.000001,
  "xrp_usd": 2.59563,
  "bag_xrp": 3.85263e-7,
  "timestamp": "2025-10-29T21:15:43.898Z"
}
