{
  "bag_usd": 0.000001,
  "xrp_usd": 2.8614,
  "bag_xrp": 3.49479e-7,
  "timestamp": "2025-10-08T06:38:47.984Z"
}
