{
  "bag_usd": 0.000001,
  "xrp_usd": 2.89935,
  "bag_xrp": 3.44905e-7,
  "timestamp": "2025-10-08T22:09:30.952Z"
}
