{
  "bag_usd": 0.000001,
  "xrp_usd": 2.8575,
  "bag_xrp": 3.49956e-7,
  "timestamp": "2025-10-08T07:44:26.985Z"
}
