{
  "bag_usd": 0.000001,
  "xrp_usd": 2.69077,
  "bag_xrp": 3.71641e-7,
  "timestamp": "2025-10-27T18:38:21.904Z"
}
