{
  "bag_usd": 0.000001,
  "xrp_usd": 2.61156,
  "bag_xrp": 3.82913e-7,
  "timestamp": "2025-10-28T23:25:03.079Z"
}
