{
  "bag_usd": 0.000001,
  "xrp_usd": 2.43825,
  "bag_xrp": 4.1013e-7,
  "timestamp": "2025-10-11T06:53:50.689Z"
}
