{
  "bag_usd": 0.000001,
  "xrp_usd": 2.82205,
  "bag_xrp": 3.54352e-7,
  "timestamp": "2025-10-10T06:31:31.666Z"
}
