{
  "bag_usd": 0.000001,
  "xrp_usd": 2.32125,
  "bag_xrp": 4.30802e-7,
  "timestamp": "2025-10-18T05:32:01.329Z"
}
