{
  "bag_usd": 0.000001,
  "xrp_usd": 2.50615,
  "bag_xrp": 3.99018e-7,
  "timestamp": "2025-10-15T14:18:24.828Z"
}
