{
  "bag_usd": 0.000001,
  "xrp_usd": 2.43178,
  "bag_xrp": 4.11221e-7,
  "timestamp": "2025-10-16T06:51:05.959Z"
}
