{
  "bag_usd": 0.000001,
  "xrp_usd": 2.48305,
  "bag_xrp": 4.02731e-7,
  "timestamp": "2025-10-24T14:41:12.583Z"
}
