{
  "bag_usd": 0.000001,
  "xrp_usd": 2.4294,
  "bag_xrp": 4.11624e-7,
  "timestamp": "2025-10-16T04:30:02.392Z"
}
