{
  "bag_usd": 0.000001,
  "xrp_usd": 2.20293,
  "bag_xrp": 4.53941e-7,
  "timestamp": "2025-11-29T13:52:47.355Z"
}
