{
  "bag_usd": 0.000001,
  "xrp_usd": 3.00895,
  "bag_xrp": 3.32342e-7,
  "timestamp": "2025-10-06T20:58:21.223Z"
}
