{
  "bag_usd": 0.000001,
  "xrp_usd": 2.36105,
  "bag_xrp": 4.2354e-7,
  "timestamp": "2025-10-18T23:40:42.690Z"
}
