{
  "bag_usd": 0.000001,
  "xrp_usd": 2.31778,
  "bag_xrp": 4.31447e-7,
  "timestamp": "2025-11-08T05:46:39.011Z"
}
