{
  "bag_usd": 0.000001,
  "xrp_usd": 2.53872,
  "bag_xrp": 3.93899e-7,
  "timestamp": "2025-11-10T18:58:04.117Z"
}
