{
  "bag_usd": 0.000001,
  "xrp_usd": 2.18924,
  "bag_xrp": 4.5678e-7,
  "timestamp": "2025-11-07T14:11:02.079Z"
}
