{
  "bag_usd": 0.000001,
  "xrp_usd": 2.26185,
  "bag_xrp": 4.42116e-7,
  "timestamp": "2025-11-07T17:10:19.678Z"
}
