{
  "bag_usd": 0.000001,
  "xrp_usd": 2.40435,
  "bag_xrp": 4.15913e-7,
  "timestamp": "2025-10-23T18:33:28.718Z"
}
