{
  "bag_usd": 0.000001,
  "xrp_usd": 2.13035,
  "bag_xrp": 4.69406e-7,
  "timestamp": "2025-11-19T12:16:10.771Z"
}
