{
  "bag_usd": 0.000001,
  "xrp_usd": 2.19815,
  "bag_xrp": 4.54928e-7,
  "timestamp": "2025-11-25T11:25:48.277Z"
}
