{
  "bag_usd": 0.000001,
  "xrp_usd": 2.23943,
  "bag_xrp": 4.46542e-7,
  "timestamp": "2025-10-17T07:43:20.025Z"
}
