{
  "bag_usd": 0.000001,
  "xrp_usd": 2.40429,
  "bag_xrp": 4.15923e-7,
  "timestamp": "2025-10-22T06:19:51.355Z"
}
