{
  "bag_usd": 0.000001,
  "xrp_usd": 2.34124,
  "bag_xrp": 4.27124e-7,
  "timestamp": "2025-11-05T20:31:29.932Z"
}
