{
  "bag_usd": 0.000001,
  "xrp_usd": 2.40701,
  "bag_xrp": 4.15453e-7,
  "timestamp": "2025-11-13T01:53:48.779Z"
}
