{
  "bag_usd": 0.000001,
  "xrp_usd": 2.393,
  "bag_xrp": 4.17885e-7,
  "timestamp": "2025-11-11T22:24:48.356Z"
}
