{
  "bag_usd": 0.000001,
  "xrp_usd": 2.53516,
  "bag_xrp": 3.94452e-7,
  "timestamp": "2025-11-10T18:18:01.578Z"
}
