{
  "bag_usd": 0.000001,
  "xrp_usd": 2.62872,
  "bag_xrp": 3.80413e-7,
  "timestamp": "2025-10-26T16:24:09.919Z"
}
