{
  "bag_usd": 0.000001,
  "xrp_usd": 2.584,
  "bag_xrp": 3.86997e-7,
  "timestamp": "2025-10-13T16:47:54.202Z"
}
