{
  "bag_usd": 0.000001,
  "xrp_usd": 2.42428,
  "bag_xrp": 4.12494e-7,
  "timestamp": "2025-11-11T18:37:14.067Z"
}
