{
  "bag_usd": 0.000001,
  "xrp_usd": 2.35944,
  "bag_xrp": 4.23829e-7,
  "timestamp": "2025-10-17T04:00:27.026Z"
}
