{
  "bag_usd": 0.000001,
  "xrp_usd": 2.45569,
  "bag_xrp": 4.07218e-7,
  "timestamp": "2025-10-14T11:52:35.229Z"
}
