{
  "bag_usd": 0.000001,
  "xrp_usd": 2.31596,
  "bag_xrp": 4.31786e-7,
  "timestamp": "2025-11-08T09:18:28.200Z"
}
