{
  "bag_usd": 0.000001,
  "xrp_usd": 2.4008,
  "bag_xrp": 4.16528e-7,
  "timestamp": "2025-10-22T13:47:06.505Z"
}
