{
  "bag_usd": 0.000001,
  "xrp_usd": 2.29,
  "bag_xrp": 4.36681e-7,
  "timestamp": "2025-11-14T15:12:32.946Z"
}
