{
  "bag_usd": 0.000001,
  "xrp_usd": 2.39862,
  "bag_xrp": 4.16906e-7,
  "timestamp": "2025-11-13T03:14:49.461Z"
}
