{
  "bag_usd": 0.000001,
  "xrp_usd": 2.65599,
  "bag_xrp": 3.76507e-7,
  "timestamp": "2025-10-26T09:41:06.316Z"
}
