{
  "bag_usd": 0.000001,
  "xrp_usd": 2.56455,
  "bag_xrp": 3.89932e-7,
  "timestamp": "2025-10-25T04:52:32.437Z"
}
