{
  "bag_usd": 0.000001,
  "xrp_usd": 2.36314,
  "bag_xrp": 4.23166e-7,
  "timestamp": "2025-10-18T10:48:35.513Z"
}
