{
  "bag_usd": 0.000001,
  "xrp_usd": 2.1572,
  "bag_xrp": 4.63564e-7,
  "timestamp": "2025-11-17T23:48:39.501Z"
}
