{
  "bag_usd": 0.000001,
  "xrp_usd": 2.20905,
  "bag_xrp": 4.52683e-7,
  "timestamp": "2025-11-06T19:53:43.657Z"
}
