{
  "bag_usd": 0.000001,
  "xrp_usd": 2.62835,
  "bag_xrp": 3.80467e-7,
  "timestamp": "2025-10-26T16:55:26.603Z"
}
