{
  "bag_usd": 0.000001,
  "xrp_usd": 2.32769,
  "bag_xrp": 4.2961e-7,
  "timestamp": "2025-10-18T04:38:40.765Z"
}
