{
  "bag_usd": 0.000001,
  "xrp_usd": 2.29426,
  "bag_xrp": 4.3587e-7,
  "timestamp": "2025-10-17T16:44:43.732Z"
}
