{
  "bag_usd": 0.000001,
  "xrp_usd": 2.2314,
  "bag_xrp": 4.48149e-7,
  "timestamp": "2025-11-26T21:50:40.718Z"
}
