{
  "bag_usd": 0.000001,
  "xrp_usd": 2.69001,
  "bag_xrp": 3.71746e-7,
  "timestamp": "2025-10-27T18:54:29.747Z"
}
