{
  "bag_usd": 0.000001,
  "xrp_usd": 2.58526,
  "bag_xrp": 3.86808e-7,
  "timestamp": "2025-10-30T07:50:07.740Z"
}
