{
  "bag_usd": 0.000001,
  "xrp_usd": 2.36431,
  "bag_xrp": 4.22956e-7,
  "timestamp": "2025-10-19T03:49:12.638Z"
}
