{
  "bag_usd": 0.000001,
  "xrp_usd": 2.32948,
  "bag_xrp": 4.2928e-7,
  "timestamp": "2025-11-07T18:53:37.438Z"
}
