{
  "bag_usd": 0.000001,
  "xrp_usd": 2.86125,
  "bag_xrp": 3.49498e-7,
  "timestamp": "2025-10-07T19:00:07.241Z"
}
