{
  "bag_usd": 0.000001,
  "xrp_usd": 2.97165,
  "bag_xrp": 3.36513e-7,
  "timestamp": "2025-10-06T05:10:30.933Z"
}
