{
  "bag_usd": 0.000001,
  "xrp_usd": 2.99322,
  "bag_xrp": 3.34088e-7,
  "timestamp": "2025-10-06T09:50:52.670Z"
}
