{
  "bag_usd": 0.000001,
  "xrp_usd": 2.40577,
  "bag_xrp": 4.15667e-7,
  "timestamp": "2025-10-11T04:10:02.874Z"
}
