{
  "bag_usd": 0.000001,
  "xrp_usd": 2.49933,
  "bag_xrp": 4.00107e-7,
  "timestamp": "2025-11-01T21:43:41.988Z"
}
