{
  "bag_usd": 0.000001,
  "xrp_usd": 1.93113,
  "bag_xrp": 5.17832e-7,
  "timestamp": "2025-11-21T13:41:44.884Z"
}
