{
  "bag_usd": 0.000001,
  "xrp_usd": 2.46202,
  "bag_xrp": 4.06171e-7,
  "timestamp": "2025-10-24T09:28:34.348Z"
}
