{
  "bag_usd": 0.000001,
  "xrp_usd": 2.27455,
  "bag_xrp": 4.39647e-7,
  "timestamp": "2025-11-17T09:30:27.767Z"
}
