{
  "bag_usd": 0.000001,
  "xrp_usd": 2.49688,
  "bag_xrp": 4.005e-7,
  "timestamp": "2025-11-02T22:56:51.617Z"
}
