{
  "bag_usd": 0.000001,
  "xrp_usd": 2.44124,
  "bag_xrp": 4.09628e-7,
  "timestamp": "2025-10-16T13:59:11.432Z"
}
