{
  "bag_usd": 0.000001,
  "xrp_usd": 2.50135,
  "bag_xrp": 3.99784e-7,
  "timestamp": "2025-10-15T09:55:03.518Z"
}
