{
  "bag_usd": 0.000001,
  "xrp_usd": 2.54373,
  "bag_xrp": 3.93123e-7,
  "timestamp": "2025-10-12T21:29:54.026Z"
}
