{
  "bag_usd": 0.000001,
  "xrp_usd": 3.03,
  "bag_xrp": 3.30033e-7,
  "timestamp": "2025-10-06T19:39:27.005Z"
}
