{
  "bag_usd": 0.000001,
  "xrp_usd": 2.45572,
  "bag_xrp": 4.07213e-7,
  "timestamp": "2025-10-14T11:40:56.552Z"
}
