{
  "bag_usd": 0.000001,
  "xrp_usd": 2.59799,
  "bag_xrp": 3.84913e-7,
  "timestamp": "2025-10-25T17:49:25.612Z"
}
