{
  "bag_usd": 0.000001,
  "xrp_usd": 2.3679,
  "bag_xrp": 4.22315e-7,
  "timestamp": "2025-11-09T23:54:32.274Z"
}
