{
  "bag_usd": 0.000001,
  "xrp_usd": 2.2076,
  "bag_xrp": 4.52981e-7,
  "timestamp": "2025-11-28T07:16:14.732Z"
}
