{
  "bag_usd": 0.000001,
  "xrp_usd": 2.31911,
  "bag_xrp": 4.312e-7,
  "timestamp": "2025-11-08T02:55:29.570Z"
}
