{
  "bag_usd": 0.000001,
  "xrp_usd": 2.23239,
  "bag_xrp": 4.4795e-7,
  "timestamp": "2025-11-27T20:11:48.791Z"
}
