{
  "bag_usd": 0.000001,
  "xrp_usd": 2.48472,
  "bag_xrp": 4.0246e-7,
  "timestamp": "2025-10-31T09:44:31.147Z"
}
