{
  "bag_usd": 0.000001,
  "xrp_usd": 2.62225,
  "bag_xrp": 3.81352e-7,
  "timestamp": "2025-10-27T12:45:09.468Z"
}
