{
  "bag_usd": 0.000001,
  "xrp_usd": 2.37849,
  "bag_xrp": 4.20435e-7,
  "timestamp": "2025-10-12T13:53:19.341Z"
}
