{
  "bag_usd": 0.000001,
  "xrp_usd": 2.42351,
  "bag_xrp": 4.12625e-7,
  "timestamp": "2025-10-16T07:13:48.546Z"
}
