{
  "bag_usd": 0.000001,
  "xrp_usd": 2.36137,
  "bag_xrp": 4.23483e-7,
  "timestamp": "2025-11-12T21:08:28.117Z"
}
