{
  "bag_usd": 0.000001,
  "xrp_usd": 2.49499,
  "bag_xrp": 4.00803e-7,
  "timestamp": "2025-10-14T21:53:34.024Z"
}
