{
  "bag_usd": 0.000001,
  "xrp_usd": 2.19091,
  "bag_xrp": 4.56431e-7,
  "timestamp": "2025-11-07T10:30:39.585Z"
}
