{
  "bag_usd": 0.000001,
  "xrp_usd": 2.46325,
  "bag_xrp": 4.05968e-7,
  "timestamp": "2025-10-20T14:38:18.609Z"
}
