{
  "bag_usd": 0.000001,
  "xrp_usd": 2.25536,
  "bag_xrp": 4.43388e-7,
  "timestamp": "2025-11-17T14:53:58.260Z"
}
