{
  "bag_usd": 0.000001,
  "xrp_usd": 2.97125,
  "bag_xrp": 3.36559e-7,
  "timestamp": "2025-10-07T08:56:36.489Z"
}
