{
  "bag_usd": 0.000001,
  "xrp_usd": 2.21086,
  "bag_xrp": 4.52313e-7,
  "timestamp": "2025-11-18T15:23:09.686Z"
}
