{
  "bag_usd": 0.000001,
  "xrp_usd": 2.14896,
  "bag_xrp": 4.65341e-7,
  "timestamp": "2025-11-17T21:11:04.060Z"
}
