{
  "bag_usd": 0.000001,
  "xrp_usd": 3.026,
  "bag_xrp": 3.30469e-7,
  "timestamp": "2025-10-06T16:50:04.757Z"
}
