{
  "bag_usd": 0.000001,
  "xrp_usd": 2.22451,
  "bag_xrp": 4.49537e-7,
  "timestamp": "2025-11-18T22:59:16.685Z"
}
