{
  "bag_usd": 0.000001,
  "xrp_usd": 2.6361,
  "bag_xrp": 3.79348e-7,
  "timestamp": "2025-10-26T14:39:02.487Z"
}
