{
  "bag_usd": 0.000001,
  "xrp_usd": 2.23954,
  "bag_xrp": 4.4652e-7,
  "timestamp": "2025-11-15T23:33:24.562Z"
}
