{
  "bag_usd": 0.000001,
  "xrp_usd": 2.54685,
  "bag_xrp": 3.92642e-7,
  "timestamp": "2025-10-25T09:41:29.041Z"
}
