{
  "bag_usd": 0.000001,
  "xrp_usd": 2.32689,
  "bag_xrp": 4.29758e-7,
  "timestamp": "2025-11-09T16:56:15.082Z"
}
