{
  "bag_usd": 0.000001,
  "xrp_usd": 2.56593,
  "bag_xrp": 3.89722e-7,
  "timestamp": "2025-10-30T06:40:00.571Z"
}
