{
  "bag_usd": 0.000001,
  "xrp_usd": 2.40198,
  "bag_xrp": 4.16323e-7,
  "timestamp": "2025-10-22T16:55:07.353Z"
}
