{
  "bag_usd": 0.000001,
  "xrp_usd": 2.4565,
  "bag_xrp": 4.07083e-7,
  "timestamp": "2025-11-11T07:43:07.728Z"
}
