{
  "bag_usd": 0.000001,
  "xrp_usd": 2.59915,
  "bag_xrp": 3.84741e-7,
  "timestamp": "2025-10-29T20:52:45.812Z"
}
