{
  "bag_usd": 0.000001,
  "xrp_usd": 2.39943,
  "bag_xrp": 4.16766e-7,
  "timestamp": "2025-10-22T11:24:45.290Z"
}
