{
  "bag_usd": 0.000001,
  "xrp_usd": 2.4415,
  "bag_xrp": 4.09584e-7,
  "timestamp": "2025-10-21T22:43:50.493Z"
}
