{
  "bag_usd": 0.000001,
  "xrp_usd": 2.42444,
  "bag_xrp": 4.12466e-7,
  "timestamp": "2025-10-21T23:36:40.666Z"
}
