{
  "bag_usd": 0.000001,
  "xrp_usd": 2.21638,
  "bag_xrp": 4.51186e-7,
  "timestamp": "2025-11-16T19:46:43.657Z"
}
