{
  "bag_usd": 0.000001,
  "xrp_usd": 2.5193,
  "bag_xrp": 3.96936e-7,
  "timestamp": "2025-11-11T02:08:02.867Z"
}
