{
  "bag_usd": 0.000001,
  "xrp_usd": 2.49727,
  "bag_xrp": 4.00437e-7,
  "timestamp": "2025-10-21T19:37:56.754Z"
}
