{
  "bag_usd": 0.000001,
  "xrp_usd": 2.51275,
  "bag_xrp": 3.9797e-7,
  "timestamp": "2025-11-01T05:40:03.389Z"
}
