{
  "bag_usd": 0.000001,
  "xrp_usd": 2.5023,
  "bag_xrp": 3.99632e-7,
  "timestamp": "2025-10-15T07:46:23.827Z"
}
