{
  "bag_usd": 0.000001,
  "xrp_usd": 2.54729,
  "bag_xrp": 3.92574e-7,
  "timestamp": "2025-11-10T19:36:37.398Z"
}
