{
  "bag_usd": 0.000001,
  "xrp_usd": 2.25813,
  "bag_xrp": 4.42844e-7,
  "timestamp": "2025-11-28T15:49:05.514Z"
}
