{
  "bag_usd": 0.000001,
  "xrp_usd": 2.4923,
  "bag_xrp": 4.01236e-7,
  "timestamp": "2025-10-14T20:52:45.377Z"
}
