{
  "bag_usd": 0.000001,
  "xrp_usd": 2.19157,
  "bag_xrp": 4.56294e-7,
  "timestamp": "2025-11-28T11:39:02.124Z"
}
