{
  "bag_usd": 0.000001,
  "xrp_usd": 2.41324,
  "bag_xrp": 4.14381e-7,
  "timestamp": "2025-10-23T10:46:07.568Z"
}
