{
  "bag_usd": 0.000001,
  "xrp_usd": 2.18545,
  "bag_xrp": 4.57572e-7,
  "timestamp": "2025-11-29T03:59:06.109Z"
}
