{
  "bag_usd": 0.000001,
  "xrp_usd": 2.5604,
  "bag_xrp": 3.90564e-7,
  "timestamp": "2025-11-10T13:58:48.090Z"
}
