{
  "bag_usd": 0.000001,
  "xrp_usd": 2.5056,
  "bag_xrp": 3.99106e-7,
  "timestamp": "2025-11-02T22:15:21.959Z"
}
