{
  "bag_usd": 0.000001,
  "xrp_usd": 2.38127,
  "bag_xrp": 4.19944e-7,
  "timestamp": "2025-10-11T21:52:28.149Z"
}
