{
  "bag_usd": 0.000001,
  "xrp_usd": 2.39544,
  "bag_xrp": 4.1746e-7,
  "timestamp": "2025-11-11T21:32:03.469Z"
}
