{
  "bag_usd": 0.000001,
  "xrp_usd": 2.21221,
  "bag_xrp": 4.52037e-7,
  "timestamp": "2025-11-07T15:58:50.811Z"
}
