{
  "bag_usd": 0.000001,
  "xrp_usd": 2.20116,
  "bag_xrp": 4.54306e-7,
  "timestamp": "2025-11-27T09:32:08.884Z"
}
