{
  "bag_usd": 0.000001,
  "xrp_usd": 2.42449,
  "bag_xrp": 4.12458e-7,
  "timestamp": "2025-10-30T22:11:58.578Z"
}
