{
  "bag_usd": 0.000001,
  "xrp_usd": 2.26718,
  "bag_xrp": 4.41077e-7,
  "timestamp": "2025-11-08T16:35:58.220Z"
}
