{
  "bag_usd": 0.000001,
  "xrp_usd": 2.4787,
  "bag_xrp": 4.03437e-7,
  "timestamp": "2025-11-11T05:45:46.878Z"
}
