{
  "bag_usd": 0.000001,
  "xrp_usd": 2.06039,
  "bag_xrp": 4.85345e-7,
  "timestamp": "2025-11-24T08:34:30.663Z"
}
