{
  "bag_usd": 0.000001,
  "xrp_usd": 2.44557,
  "bag_xrp": 4.08903e-7,
  "timestamp": "2025-11-11T08:52:16.422Z"
}
