{
  "bag_usd": 0.000001,
  "xrp_usd": 2.21768,
  "bag_xrp": 4.50922e-7,
  "timestamp": "2025-11-06T20:20:58.637Z"
}
