{
  "bag_usd": 0.000001,
  "xrp_usd": 2.44844,
  "bag_xrp": 4.08423e-7,
  "timestamp": "2025-10-16T13:22:02.640Z"
}
