{
  "bag_usd": 0.000001,
  "xrp_usd": 2.35515,
  "bag_xrp": 4.24601e-7,
  "timestamp": "2025-10-18T21:22:08.222Z"
}
