{
  "bag_usd": 0.000001,
  "xrp_usd": 2.2137,
  "bag_xrp": 4.51732e-7,
  "timestamp": "2025-11-04T23:55:23.895Z"
}
