{
  "bag_usd": 0.000001,
  "xrp_usd": 2.2886,
  "bag_xrp": 4.36948e-7,
  "timestamp": "2025-11-14T14:38:19.039Z"
}
