{
  "bag_usd": 0.000001,
  "xrp_usd": 2.10646,
  "bag_xrp": 4.7473e-7,
  "timestamp": "2025-11-19T23:55:09.432Z"
}
