{
  "bag_usd": 0.000001,
  "xrp_usd": 2.21852,
  "bag_xrp": 4.50751e-7,
  "timestamp": "2025-11-15T21:53:09.247Z"
}
