{
  "bag_usd": 0.000001,
  "xrp_usd": 2.36874,
  "bag_xrp": 4.22165e-7,
  "timestamp": "2025-11-03T16:32:58.786Z"
}
