{
  "bag_usd": 0.000001,
  "xrp_usd": 1.94603,
  "bag_xrp": 5.13867e-7,
  "timestamp": "2025-11-22T22:43:49.056Z"
}
