{
  "bag_usd": 0.000001,
  "xrp_usd": 1.92978,
  "bag_xrp": 5.18194e-7,
  "timestamp": "2025-11-22T17:42:42.227Z"
}
