{
  "bag_usd": 0.000001,
  "xrp_usd": 1.90065,
  "bag_xrp": 5.26136e-7,
  "timestamp": "2025-11-22T10:49:25.103Z"
}
