{
  "bag_usd": 0.000001,
  "xrp_usd": 2.18534,
  "bag_xrp": 4.57595e-7,
  "timestamp": "2025-11-26T06:21:25.945Z"
}
