{
  "bag_usd": 0.000001,
  "xrp_usd": 2.03592,
  "bag_xrp": 4.91178e-7,
  "timestamp": "2025-11-23T07:15:41.022Z"
}
