{
  "bag_usd": 0.000001,
  "xrp_usd": 2.39003,
  "bag_xrp": 4.18405e-7,
  "timestamp": "2025-10-22T17:47:23.074Z"
}
