{
  "bag_usd": 0.000001,
  "xrp_usd": 2.49949,
  "bag_xrp": 4.00082e-7,
  "timestamp": "2025-10-12T16:40:08.179Z"
}
