{
  "bag_usd": 0.000001,
  "xrp_usd": 2.20088,
  "bag_xrp": 4.54364e-7,
  "timestamp": "2025-11-04T17:17:16.536Z"
}
