{
  "bag_usd": 0.000001,
  "xrp_usd": 2.39465,
  "bag_xrp": 4.17598e-7,
  "timestamp": "2025-11-12T04:23:09.409Z"
}
