{
  "bag_usd": 0.000001,
  "xrp_usd": 2.99035,
  "bag_xrp": 3.34409e-7,
  "timestamp": "2025-10-06T10:13:59.092Z"
}
