{
  "bag_usd": 0.000001,
  "xrp_usd": 2.44469,
  "bag_xrp": 4.0905e-7,
  "timestamp": "2025-10-21T23:21:39.454Z"
}
