{
  "bag_usd": 0.000001,
  "xrp_usd": 2.3085,
  "bag_xrp": 4.33182e-7,
  "timestamp": "2025-11-13T22:20:37.836Z"
}
