{
  "bag_usd": 0.000001,
  "xrp_usd": 2.42829,
  "bag_xrp": 4.11812e-7,
  "timestamp": "2025-10-15T19:16:07.171Z"
}
