{
  "bag_usd": 0.000001,
  "xrp_usd": 2.51045,
  "bag_xrp": 3.98335e-7,
  "timestamp": "2025-11-02T04:31:32.507Z"
}
