{
  "bag_usd": 0.000001,
  "xrp_usd": 2.25901,
  "bag_xrp": 4.42672e-7,
  "timestamp": "2025-11-15T14:54:53.559Z"
}
