{
  "bag_usd": 0.000001,
  "xrp_usd": 2.64411,
  "bag_xrp": 3.78199e-7,
  "timestamp": "2025-10-28T06:57:19.882Z"
}
