{
  "bag_usd": 0.000001,
  "xrp_usd": 2.46391,
  "bag_xrp": 4.05859e-7,
  "timestamp": "2025-10-14T08:51:19.519Z"
}
