{
  "bag_usd": 0.000001,
  "xrp_usd": 2.35135,
  "bag_xrp": 4.25288e-7,
  "timestamp": "2025-10-17T04:58:44.314Z"
}
