{
  "bag_usd": 0.000001,
  "xrp_usd": 2.50235,
  "bag_xrp": 3.99624e-7,
  "timestamp": "2025-10-15T07:16:19.452Z"
}
