{
  "bag_usd": 0.000001,
  "xrp_usd": 2.41295,
  "bag_xrp": 4.1443e-7,
  "timestamp": "2025-10-15T22:16:06.448Z"
}
