{
  "bag_usd": 0.000001,
  "xrp_usd": 2.6767,
  "bag_xrp": 3.73594e-7,
  "timestamp": "2025-10-27T19:29:06.340Z"
}
