{
  "bag_usd": 0.000001,
  "xrp_usd": 2.64666,
  "bag_xrp": 3.77835e-7,
  "timestamp": "2025-10-27T04:54:42.544Z"
}
