{
  "bag_usd": 0.000001,
  "xrp_usd": 2.51078,
  "bag_xrp": 3.98283e-7,
  "timestamp": "2025-10-14T23:49:24.664Z"
}
