{
  "bag_usd": 0.000001,
  "xrp_usd": 2.53107,
  "bag_xrp": 3.9509e-7,
  "timestamp": "2025-11-10T09:46:43.341Z"
}
