{
  "bag_usd": 0.000001,
  "xrp_usd": 2.3989,
  "bag_xrp": 4.16858e-7,
  "timestamp": "2025-10-12T08:18:19.740Z"
}
