{
  "bag_usd": 0.000001,
  "xrp_usd": 2.81067,
  "bag_xrp": 3.55787e-7,
  "timestamp": "2025-10-10T03:23:55.894Z"
}
