{
  "bag_usd": 0.000001,
  "xrp_usd": 2.81082,
  "bag_xrp": 3.55768e-7,
  "timestamp": "2025-10-10T07:43:52.413Z"
}
