{
  "bag_usd": 0.000001,
  "xrp_usd": 2.97901,
  "bag_xrp": 3.35682e-7,
  "timestamp": "2025-10-07T06:23:41.680Z"
}
