{
  "bag_usd": 0.000001,
  "xrp_usd": 2.29272,
  "bag_xrp": 4.36163e-7,
  "timestamp": "2025-11-17T14:40:05.080Z"
}
