{
  "bag_usd": 0.000001,
  "xrp_usd": 1.96078,
  "bag_xrp": 5.10001e-7,
  "timestamp": "2025-11-21T19:40:19.066Z"
}
