{
  "bag_usd": 0.000001,
  "xrp_usd": 2.39245,
  "bag_xrp": 4.17982e-7,
  "timestamp": "2025-10-19T21:29:05.689Z"
}
