{
  "bag_usd": 0.000001,
  "xrp_usd": 2.30871,
  "bag_xrp": 4.33142e-7,
  "timestamp": "2025-11-14T06:56:43.069Z"
}
