{
  "bag_usd": 0.000001,
  "xrp_usd": 2.51017,
  "bag_xrp": 3.98379e-7,
  "timestamp": "2025-10-31T20:58:37.431Z"
}
