{
  "bag_usd": 0.000001,
  "xrp_usd": 2.55146,
  "bag_xrp": 3.91932e-7,
  "timestamp": "2025-10-30T10:47:38.729Z"
}
