{
  "bag_usd": 0.000001,
  "xrp_usd": 2.0694,
  "bag_xrp": 4.83232e-7,
  "timestamp": "2025-11-19T21:30:16.077Z"
}
