{
  "bag_usd": 0.000001,
  "xrp_usd": 2.61656,
  "bag_xrp": 3.82181e-7,
  "timestamp": "2025-10-26T19:01:12.903Z"
}
