{
  "bag_usd": 0.000001,
  "xrp_usd": 2.06835,
  "bag_xrp": 4.83477e-7,
  "timestamp": "2025-11-23T20:48:32.654Z"
}
