{
  "bag_usd": 0.000001,
  "xrp_usd": 2.55227,
  "bag_xrp": 3.91808e-7,
  "timestamp": "2025-10-25T10:58:48.331Z"
}
