{
  "bag_usd": 0.000001,
  "xrp_usd": 2.27934,
  "bag_xrp": 4.38723e-7,
  "timestamp": "2025-11-15T05:50:29.714Z"
}
