{
  "bag_usd": 0.000001,
  "xrp_usd": 2.50326,
  "bag_xrp": 3.99479e-7,
  "timestamp": "2025-10-24T23:44:55.299Z"
}
