{
  "bag_usd": 0.000001,
  "xrp_usd": 2.53455,
  "bag_xrp": 3.94547e-7,
  "timestamp": "2025-10-12T19:38:36.345Z"
}
