{
  "bag_usd": 0.000001,
  "xrp_usd": 2.30242,
  "bag_xrp": 4.34326e-7,
  "timestamp": "2025-11-08T11:39:40.247Z"
}
