{
  "bag_usd": 0.000001,
  "xrp_usd": 2.5377,
  "bag_xrp": 3.94058e-7,
  "timestamp": "2025-11-10T09:58:20.947Z"
}
