{
  "bag_usd": 0.000001,
  "xrp_usd": 2.62715,
  "bag_xrp": 3.80641e-7,
  "timestamp": "2025-10-28T15:31:13.234Z"
}
