{
  "bag_usd": 0.000001,
  "xrp_usd": 2.45341,
  "bag_xrp": 4.07596e-7,
  "timestamp": "2025-11-11T15:19:13.951Z"
}
