{
  "bag_usd": 0.000001,
  "xrp_usd": 2.6476,
  "bag_xrp": 3.77701e-7,
  "timestamp": "2025-10-28T07:25:50.306Z"
}
