{
  "bag_usd": 0.000001,
  "xrp_usd": 2.19361,
  "bag_xrp": 4.5587e-7,
  "timestamp": "2025-11-29T11:20:07.824Z"
}
