{
  "bag_usd": 0.000001,
  "xrp_usd": 2.23776,
  "bag_xrp": 4.46875e-7,
  "timestamp": "2025-11-28T09:28:48.959Z"
}
