{
  "bag_usd": 0.000001,
  "xrp_usd": 1.93671,
  "bag_xrp": 5.1634e-7,
  "timestamp": "2025-11-22T17:11:54.213Z"
}
