{
  "bag_usd": 0.000001,
  "xrp_usd": 2.9713,
  "bag_xrp": 3.36553e-7,
  "timestamp": "2025-10-07T07:52:24.216Z"
}
