{
  "bag_usd": 0.000001,
  "xrp_usd": 2.18276,
  "bag_xrp": 4.58136e-7,
  "timestamp": "2025-11-28T22:08:46.115Z"
}
