{
  "bag_usd": 0.000001,
  "xrp_usd": 2.47965,
  "bag_xrp": 4.03283e-7,
  "timestamp": "2025-10-24T18:22:10.277Z"
}
