{
  "bag_usd": 0.000001,
  "xrp_usd": 2.23236,
  "bag_xrp": 4.47956e-7,
  "timestamp": "2025-11-06T16:54:55.730Z"
}
