{
  "bag_usd": 0.000001,
  "xrp_usd": 2.38004,
  "bag_xrp": 4.20161e-7,
  "timestamp": "2025-10-22T10:47:39.885Z"
}
