{
  "bag_usd": 0.000001,
  "xrp_usd": 2.20311,
  "bag_xrp": 4.53904e-7,
  "timestamp": "2025-11-27T17:41:00.848Z"
}
