{
  "bag_usd": 0.000001,
  "xrp_usd": 2.35985,
  "bag_xrp": 4.23756e-7,
  "timestamp": "2025-10-17T03:25:17.024Z"
}
