{
  "bag_usd": 0.000001,
  "xrp_usd": 2.17921,
  "bag_xrp": 4.58882e-7,
  "timestamp": "2025-11-18T09:59:41.999Z"
}
