{
  "bag_usd": 0.000001,
  "xrp_usd": 2.31865,
  "bag_xrp": 4.31285e-7,
  "timestamp": "2025-10-18T01:17:38.783Z"
}
