{
  "bag_usd": 0.000001,
  "xrp_usd": 2.3054,
  "bag_xrp": 4.33764e-7,
  "timestamp": "2025-11-14T05:27:41.197Z"
}
