{
  "bag_usd": 0.000001,
  "xrp_usd": 1.97859,
  "bag_xrp": 5.0541e-7,
  "timestamp": "2025-11-21T06:14:42.163Z"
}
