{
  "bag_usd": 0.000001,
  "xrp_usd": 2.17403,
  "bag_xrp": 4.59975e-7,
  "timestamp": "2025-11-16T16:39:23.604Z"
}
