{
  "bag_usd": 0.000001,
  "xrp_usd": 2.62601,
  "bag_xrp": 3.80806e-7,
  "timestamp": "2025-10-29T05:45:20.172Z"
}
