{
  "bag_usd": 0.000001,
  "xrp_usd": 2.20021,
  "bag_xrp": 4.54502e-7,
  "timestamp": "2025-11-25T08:48:50.510Z"
}
