{
  "bag_usd": 0.000001,
  "xrp_usd": 2.44341,
  "bag_xrp": 4.09264e-7,
  "timestamp": "2025-11-10T05:38:32.231Z"
}
