{
  "bag_usd": 0.000001,
  "xrp_usd": 2.51099,
  "bag_xrp": 3.98249e-7,
  "timestamp": "2025-11-01T20:32:45.933Z"
}
