{
  "bag_usd": 0.000001,
  "xrp_usd": 2.49803,
  "bag_xrp": 4.00315e-7,
  "timestamp": "2025-11-13T08:26:12.487Z"
}
