{
  "bag_usd": 0.000001,
  "xrp_usd": 2.20635,
  "bag_xrp": 4.53237e-7,
  "timestamp": "2025-11-06T23:15:43.673Z"
}
