{
  "bag_usd": 0.000001,
  "xrp_usd": 2.99401,
  "bag_xrp": 3.34e-7,
  "timestamp": "2025-10-06T11:10:20.594Z"
}
