{
  "bag_usd": 0.000001,
  "xrp_usd": 2.33909,
  "bag_xrp": 4.27517e-7,
  "timestamp": "2025-11-04T03:08:52.085Z"
}
