{
  "bag_usd": 0.000001,
  "xrp_usd": 2.26813,
  "bag_xrp": 4.40892e-7,
  "timestamp": "2025-11-09T05:32:45.666Z"
}
