{
  "bag_usd": 0.000001,
  "xrp_usd": 2.24493,
  "bag_xrp": 4.45448e-7,
  "timestamp": "2025-11-05T12:49:51.387Z"
}
