{
  "bag_usd": 0.000001,
  "xrp_usd": 2.51751,
  "bag_xrp": 3.97218e-7,
  "timestamp": "2025-10-20T20:29:57.561Z"
}
