{
  "bag_usd": 0.000001,
  "xrp_usd": 2.61827,
  "bag_xrp": 3.81932e-7,
  "timestamp": "2025-10-29T05:27:22.105Z"
}
