{
  "bag_usd": 0.000001,
  "xrp_usd": 2.29562,
  "bag_xrp": 4.35612e-7,
  "timestamp": "2025-11-06T11:33:54.796Z"
}
