{
  "bag_usd": 0.000001,
  "xrp_usd": 2.49651,
  "bag_xrp": 4.00559e-7,
  "timestamp": "2025-10-12T16:21:35.928Z"
}
