{
  "bag_usd": 0.000001,
  "xrp_usd": 2.39555,
  "bag_xrp": 4.17441e-7,
  "timestamp": "2025-10-12T08:38:06.568Z"
}
