{
  "bag_usd": 0.000001,
  "xrp_usd": 2.36829,
  "bag_xrp": 4.22246e-7,
  "timestamp": "2025-10-18T20:21:55.022Z"
}
