{
  "bag_usd": 0.000001,
  "xrp_usd": 2.4416,
  "bag_xrp": 4.09567e-7,
  "timestamp": "2025-10-24T06:45:05.949Z"
}
