{
  "bag_usd": 0.000001,
  "xrp_usd": 2.53824,
  "bag_xrp": 3.93974e-7,
  "timestamp": "2025-10-30T04:16:52.309Z"
}
