{
  "bag_usd": 0.000001,
  "xrp_usd": 2.87478,
  "bag_xrp": 3.47853e-7,
  "timestamp": "2025-10-07T22:18:23.995Z"
}
