{
  "bag_usd": 0.000001,
  "xrp_usd": 2.34981,
  "bag_xrp": 4.25566e-7,
  "timestamp": "2025-11-05T22:36:02.636Z"
}
