{
  "bag_usd": 0.000001,
  "xrp_usd": 2.19977,
  "bag_xrp": 4.54593e-7,
  "timestamp": "2025-11-27T22:45:49.195Z"
}
