{
  "bag_usd": 0.000001,
  "xrp_usd": 2.67814,
  "bag_xrp": 3.73393e-7,
  "timestamp": "2025-10-27T17:46:16.520Z"
}
