{
  "bag_usd": 0.000001,
  "xrp_usd": 2.14448,
  "bag_xrp": 4.66314e-7,
  "timestamp": "2025-11-17T21:56:33.646Z"
}
