{
  "bag_usd": 0.000001,
  "xrp_usd": 2.24185,
  "bag_xrp": 4.4606e-7,
  "timestamp": "2025-11-25T06:27:17.535Z"
}
