{
  "bag_usd": 0.000001,
  "xrp_usd": 2.18914,
  "bag_xrp": 4.568e-7,
  "timestamp": "2025-11-28T20:57:21.733Z"
}
