{
  "bag_usd": 0.000001,
  "xrp_usd": 2.48746,
  "bag_xrp": 4.02017e-7,
  "timestamp": "2025-10-11T17:35:11.759Z"
}
