{
  "bag_usd": 0.000001,
  "xrp_usd": 2.60849,
  "bag_xrp": 3.83364e-7,
  "timestamp": "2025-10-13T18:57:12.030Z"
}
