{
  "bag_usd": 0.000001,
  "xrp_usd": 2.33652,
  "bag_xrp": 4.27987e-7,
  "timestamp": "2025-11-04T05:09:33.677Z"
}
