{
  "bag_usd": 0.000001,
  "xrp_usd": 2.22019,
  "bag_xrp": 4.50412e-7,
  "timestamp": "2025-11-07T07:27:34.202Z"
}
