{
  "bag_usd": 0.000001,
  "xrp_usd": 2.80324,
  "bag_xrp": 3.5673e-7,
  "timestamp": "2025-10-10T07:31:54.726Z"
}
