{
  "bag_usd": 0.000001,
  "xrp_usd": 2.24233,
  "bag_xrp": 4.45965e-7,
  "timestamp": "2025-11-15T16:46:24.533Z"
}
