{
  "bag_usd": 0.000001,
  "xrp_usd": 2.31616,
  "bag_xrp": 4.31749e-7,
  "timestamp": "2025-10-16T20:16:44.388Z"
}
