{
  "bag_usd": 0.000001,
  "xrp_usd": 2.49478,
  "bag_xrp": 4.00837e-7,
  "timestamp": "2025-11-01T15:22:47.984Z"
}
