{
  "bag_usd": 0.000001,
  "xrp_usd": 2.1758,
  "bag_xrp": 4.59601e-7,
  "timestamp": "2025-11-26T04:00:26.765Z"
}
