{
  "bag_usd": 0.000001,
  "xrp_usd": 2.265,
  "bag_xrp": 4.41501e-7,
  "timestamp": "2025-10-17T14:56:20.529Z"
}
