{
  "bag_usd": 0.000001,
  "xrp_usd": 2.85536,
  "bag_xrp": 3.50219e-7,
  "timestamp": "2025-10-07T19:58:58.028Z"
}
