{
  "bag_usd": 0.000001,
  "xrp_usd": 2.28689,
  "bag_xrp": 4.37275e-7,
  "timestamp": "2025-11-09T07:13:47.384Z"
}
