{
  "bag_usd": 0.000001,
  "xrp_usd": 2.28015,
  "bag_xrp": 4.38568e-7,
  "timestamp": "2025-10-17T07:13:16.429Z"
}
