{
  "bag_usd": 0.000001,
  "xrp_usd": 2.38713,
  "bag_xrp": 4.18913e-7,
  "timestamp": "2025-10-23T21:50:37.605Z"
}
