{
  "bag_usd": 0.000001,
  "xrp_usd": 2.34543,
  "bag_xrp": 4.26361e-7,
  "timestamp": "2025-11-12T18:16:13.205Z"
}
