{
  "bag_usd": 0.000001,
  "xrp_usd": 1.97892,
  "bag_xrp": 5.05326e-7,
  "timestamp": "2025-11-21T05:49:02.113Z"
}
