{
  "bag_usd": 0.000001,
  "xrp_usd": 2.86657,
  "bag_xrp": 3.48849e-7,
  "timestamp": "2025-10-08T15:56:53.539Z"
}
