{
  "bag_usd": 0.000001,
  "xrp_usd": 2.7881,
  "bag_xrp": 3.58667e-7,
  "timestamp": "2025-10-09T19:44:05.090Z"
}
