{
  "bag_usd": 0.000001,
  "xrp_usd": 2.03654,
  "bag_xrp": 4.91029e-7,
  "timestamp": "2025-11-19T18:44:58.986Z"
}
