{
  "bag_usd": 0.000001,
  "xrp_usd": 2.50415,
  "bag_xrp": 3.99337e-7,
  "timestamp": "2025-11-01T17:31:14.668Z"
}
