{
  "bag_usd": 0.000001,
  "xrp_usd": 2.32359,
  "bag_xrp": 4.30369e-7,
  "timestamp": "2025-11-08T04:21:13.532Z"
}
