{
  "bag_usd": 0.000001,
  "xrp_usd": 2.21689,
  "bag_xrp": 4.51082e-7,
  "timestamp": "2025-11-16T13:43:08.077Z"
}
