{
  "bag_usd": 0.000001,
  "xrp_usd": 2.21836,
  "bag_xrp": 4.50783e-7,
  "timestamp": "2025-11-18T17:44:00.195Z"
}
