{
  "bag_usd": 0.000001,
  "xrp_usd": 2.30537,
  "bag_xrp": 4.3377e-7,
  "timestamp": "2025-11-06T09:50:10.858Z"
}
