{
  "bag_usd": 0.000001,
  "xrp_usd": 2.3262,
  "bag_xrp": 4.29886e-7,
  "timestamp": "2025-11-13T23:56:03.008Z"
}
