{
  "bag_usd": 0.000001,
  "xrp_usd": 2.4987,
  "bag_xrp": 4.00208e-7,
  "timestamp": "2025-11-01T19:41:52.869Z"
}
