{
  "bag_usd": 0.000001,
  "xrp_usd": 1.929,
  "bag_xrp": 5.18403e-7,
  "timestamp": "2025-11-21T22:39:26.269Z"
}
