{
  "bag_usd": 0.000001,
  "xrp_usd": 1.91602,
  "bag_xrp": 5.21915e-7,
  "timestamp": "2025-11-21T07:54:59.993Z"
}
