{
  "bag_usd": 0.000001,
  "xrp_usd": 2.5031,
  "bag_xrp": 3.99505e-7,
  "timestamp": "2025-11-13T06:40:54.568Z"
}
