{
  "bag_usd": 0.000001,
  "xrp_usd": 2.5208,
  "bag_xrp": 3.96699e-7,
  "timestamp": "2025-10-21T16:14:45.270Z"
}
