{
  "bag_usd": 0.000001,
  "xrp_usd": 2.4525,
  "bag_xrp": 4.07747e-7,
  "timestamp": "2025-10-15T15:20:36.861Z"
}
