{
  "bag_usd": 0.000001,
  "xrp_usd": 2.60391,
  "bag_xrp": 3.84038e-7,
  "timestamp": "2025-10-26T20:27:39.448Z"
}
