{
  "bag_usd": 0.000001,
  "xrp_usd": 2.423,
  "bag_xrp": 4.12712e-7,
  "timestamp": "2025-10-22T03:52:23.585Z"
}
