{
  "bag_usd": 0.000001,
  "xrp_usd": 2.81719,
  "bag_xrp": 3.54964e-7,
  "timestamp": "2025-10-09T15:21:49.072Z"
}
