{
  "bag_usd": 0.000001,
  "xrp_usd": 2.18339,
  "bag_xrp": 4.58003e-7,
  "timestamp": "2025-11-29T01:06:52.766Z"
}
