{
  "bag_usd": 0.000001,
  "xrp_usd": 2.56405,
  "bag_xrp": 3.90008e-7,
  "timestamp": "2025-10-13T13:19:43.971Z"
}
