{
  "bag_usd": 0.000001,
  "xrp_usd": 2.0417,
  "bag_xrp": 4.89788e-7,
  "timestamp": "2025-11-19T18:57:07.004Z"
}
