{
  "bag_usd": 0.000001,
  "xrp_usd": 2.39957,
  "bag_xrp": 4.16741e-7,
  "timestamp": "2025-10-19T21:15:22.851Z"
}
