{
  "bag_usd": 0.000001,
  "xrp_usd": 2.28309,
  "bag_xrp": 4.38003e-7,
  "timestamp": "2025-11-14T11:00:58.496Z"
}
