{
  "bag_usd": 0.000001,
  "xrp_usd": 2.1194,
  "bag_xrp": 4.71832e-7,
  "timestamp": "2025-11-20T13:21:12.643Z"
}
