{
  "bag_usd": 0.000001,
  "xrp_usd": 2.6305,
  "bag_xrp": 3.80156e-7,
  "timestamp": "2025-10-27T08:24:42.810Z"
}
