{
  "bag_usd": 0.000001,
  "xrp_usd": 2.64045,
  "bag_xrp": 3.78723e-7,
  "timestamp": "2025-10-26T22:37:10.693Z"
}
