{
  "bag_usd": 0.000001,
  "xrp_usd": 2.97423,
  "bag_xrp": 3.36221e-7,
  "timestamp": "2025-10-06T07:58:42.573Z"
}
