{
  "bag_usd": 0.000001,
  "xrp_usd": 2.06767,
  "bag_xrp": 4.83636e-7,
  "timestamp": "2025-11-24T07:43:28.542Z"
}
