{
  "bag_usd": 0.000001,
  "xrp_usd": 2.3222,
  "bag_xrp": 4.30626e-7,
  "timestamp": "2025-11-08T05:35:01.743Z"
}
