{
  "bag_usd": 0.000001,
  "xrp_usd": 2.5122,
  "bag_xrp": 3.98057e-7,
  "timestamp": "2025-11-02T15:38:29.222Z"
}
