{
  "bag_usd": 0.000001,
  "xrp_usd": 2.36205,
  "bag_xrp": 4.23361e-7,
  "timestamp": "2025-10-18T15:00:15.551Z"
}
