{
  "bag_usd": 0.000001,
  "xrp_usd": 2.03685,
  "bag_xrp": 4.90954e-7,
  "timestamp": "2025-11-23T08:58:38.009Z"
}
