{
  "bag_usd": 0.000001,
  "xrp_usd": 2.7946,
  "bag_xrp": 3.57833e-7,
  "timestamp": "2025-10-09T08:43:15.060Z"
}
