{
  "bag_usd": 0.000001,
  "xrp_usd": 2.52519,
  "bag_xrp": 3.9601e-7,
  "timestamp": "2025-11-11T00:00:00.006Z"
}
