{
  "bag_usd": 0.000001,
  "xrp_usd": 2.36101,
  "bag_xrp": 4.23548e-7,
  "timestamp": "2025-11-06T04:59:13.499Z"
}
