{
  "bag_usd": 0.000001,
  "xrp_usd": 2.3724,
  "bag_xrp": 4.21514e-7,
  "timestamp": "2025-10-18T07:07:55.217Z"
}
