{
  "bag_usd": 0.000001,
  "xrp_usd": 2.49718,
  "bag_xrp": 4.00452e-7,
  "timestamp": "2025-11-01T15:35:44.921Z"
}
