{
  "bag_usd": 0.000001,
  "xrp_usd": 1.92454,
  "bag_xrp": 5.19605e-7,
  "timestamp": "2025-11-22T15:49:54.968Z"
}
