{
  "bag_usd": 0.000001,
  "xrp_usd": 2.80544,
  "bag_xrp": 3.5645e-7,
  "timestamp": "2025-10-09T23:40:20.991Z"
}
