{
  "bag_usd": 0.000001,
  "xrp_usd": 2.33531,
  "bag_xrp": 4.28209e-7,
  "timestamp": "2025-11-05T22:14:21.398Z"
}
