{
  "bag_usd": 0.000001,
  "xrp_usd": 2.6409,
  "bag_xrp": 3.78659e-7,
  "timestamp": "2025-10-28T07:52:59.027Z"
}
