{
  "bag_usd": 0.000001,
  "xrp_usd": 2.91822,
  "bag_xrp": 3.42675e-7,
  "timestamp": "2025-10-07T14:55:31.900Z"
}
