{
  "bag_usd": 0.000001,
  "xrp_usd": 2.42935,
  "bag_xrp": 4.11633e-7,
  "timestamp": "2025-10-16T14:48:51.966Z"
}
