{
  "bag_usd": 0.000001,
  "xrp_usd": 2.49758,
  "bag_xrp": 4.00388e-7,
  "timestamp": "2025-11-13T10:55:52.609Z"
}
