{
  "bag_usd": 0.000001,
  "xrp_usd": 2.1629,
  "bag_xrp": 4.62342e-7,
  "timestamp": "2025-11-18T03:54:02.661Z"
}
