{
  "bag_usd": 0.000001,
  "xrp_usd": 2.21501,
  "bag_xrp": 4.51465e-7,
  "timestamp": "2025-11-07T04:14:54.718Z"
}
