{
  "bag_usd": 0.000001,
  "xrp_usd": 2.8451,
  "bag_xrp": 3.51481e-7,
  "timestamp": "2025-10-09T03:53:43.181Z"
}
