{
  "bag_usd": 0.000001,
  "xrp_usd": 2.1619,
  "bag_xrp": 4.62556e-7,
  "timestamp": "2025-11-19T08:32:06.387Z"
}
