{
  "bag_usd": 0.000001,
  "xrp_usd": 2.20159,
  "bag_xrp": 4.54217e-7,
  "timestamp": "2025-11-25T21:26:54.519Z"
}
