{
  "bag_usd": 0.000001,
  "xrp_usd": 2.21425,
  "bag_xrp": 4.5162e-7,
  "timestamp": "2025-11-18T22:10:39.078Z"
}
