{
  "bag_usd": 0.000001,
  "xrp_usd": 2.35142,
  "bag_xrp": 4.25275e-7,
  "timestamp": "2025-11-07T19:53:08.329Z"
}
