{
  "bag_usd": 0.000001,
  "xrp_usd": 2.40935,
  "bag_xrp": 4.1505e-7,
  "timestamp": "2025-10-16T07:56:00.429Z"
}
