{
  "bag_usd": 0.000001,
  "xrp_usd": 2.63242,
  "bag_xrp": 3.79879e-7,
  "timestamp": "2025-10-28T05:44:34.480Z"
}
