{
  "bag_usd": 0.000001,
  "xrp_usd": 2.56797,
  "bag_xrp": 3.89413e-7,
  "timestamp": "2025-10-13T15:05:01.248Z"
}
