{
  "bag_usd": 0.000001,
  "xrp_usd": 2.33356,
  "bag_xrp": 4.2853e-7,
  "timestamp": "2025-10-10T23:12:10.318Z"
}
