{
  "bag_usd": 0.000001,
  "xrp_usd": 2.23757,
  "bag_xrp": 4.46913e-7,
  "timestamp": "2025-11-24T23:23:37.365Z"
}
