{
  "bag_usd": 0.000001,
  "xrp_usd": 2.30146,
  "bag_xrp": 4.34507e-7,
  "timestamp": "2025-10-17T23:41:18.779Z"
}
