{
  "bag_usd": 0.000001,
  "xrp_usd": 2.437,
  "bag_xrp": 4.10341e-7,
  "timestamp": "2025-11-03T03:33:54.963Z"
}
