{
  "bag_usd": 0.000001,
  "xrp_usd": 2.45647,
  "bag_xrp": 4.07088e-7,
  "timestamp": "2025-10-11T11:17:45.196Z"
}
