{
  "bag_usd": 0.000001,
  "xrp_usd": 2.38875,
  "bag_xrp": 4.18629e-7,
  "timestamp": "2025-10-23T22:11:27.123Z"
}
