{
  "bag_usd": 0.000001,
  "xrp_usd": 2.23249,
  "bag_xrp": 4.4793e-7,
  "timestamp": "2025-11-04T17:59:32.618Z"
}
