{
  "bag_usd": 0.000001,
  "xrp_usd": 2.19042,
  "bag_xrp": 4.56533e-7,
  "timestamp": "2025-11-27T08:18:05.738Z"
}
