{
  "bag_usd": 0.000001,
  "xrp_usd": 1.90511,
  "bag_xrp": 5.24904e-7,
  "timestamp": "2025-11-22T12:15:30.091Z"
}
