{
  "bag_usd": 0.000001,
  "xrp_usd": 2.52482,
  "bag_xrp": 3.96068e-7,
  "timestamp": "2025-10-12T23:46:01.140Z"
}
