{
  "bag_usd": 0.000001,
  "xrp_usd": 2.39331,
  "bag_xrp": 4.17831e-7,
  "timestamp": "2025-10-12T07:16:44.609Z"
}
