{
  "bag_usd": 0.000001,
  "xrp_usd": 2.22378,
  "bag_xrp": 4.49685e-7,
  "timestamp": "2025-11-07T03:50:37.731Z"
}
