{
  "bag_usd": 0.000001,
  "xrp_usd": 2.4343,
  "bag_xrp": 4.10796e-7,
  "timestamp": "2025-11-12T11:38:11.969Z"
}
