{
  "bag_usd": 0.000001,
  "xrp_usd": 2.63422,
  "bag_xrp": 3.79619e-7,
  "timestamp": "2025-10-26T14:24:17.332Z"
}
