{
  "bag_usd": 0.000001,
  "xrp_usd": 2.97911,
  "bag_xrp": 3.35671e-7,
  "timestamp": "2025-10-07T13:18:01.708Z"
}
