{
  "bag_usd": 0.000001,
  "xrp_usd": 2.18761,
  "bag_xrp": 4.5712e-7,
  "timestamp": "2025-11-26T16:56:49.527Z"
}
