{
  "bag_usd": 0.000001,
  "xrp_usd": 2.16072,
  "bag_xrp": 4.62809e-7,
  "timestamp": "2025-11-26T13:46:09.165Z"
}
