{
  "bag_usd": 0.000001,
  "xrp_usd": 2.05786,
  "bag_xrp": 4.85942e-7,
  "timestamp": "2025-11-24T10:55:10.000Z"
}
