{
  "bag_usd": 0.000001,
  "xrp_usd": 2.51916,
  "bag_xrp": 3.96958e-7,
  "timestamp": "2025-10-31T21:58:55.090Z"
}
