{
  "bag_usd": 0.000001,
  "xrp_usd": 2.11634,
  "bag_xrp": 4.72514e-7,
  "timestamp": "2025-11-20T11:09:39.550Z"
}
