{
  "bag_usd": 0.000001,
  "xrp_usd": 2.47226,
  "bag_xrp": 4.04488e-7,
  "timestamp": "2025-10-12T15:42:30.409Z"
}
