{
  "bag_usd": 0.000001,
  "xrp_usd": 2.19173,
  "bag_xrp": 4.56261e-7,
  "timestamp": "2025-11-17T16:34:09.802Z"
}
