{
  "bag_usd": 0.000001,
  "xrp_usd": 2.24758,
  "bag_xrp": 4.44923e-7,
  "timestamp": "2025-11-15T20:27:40.116Z"
}
