{
  "bag_usd": 0.000001,
  "xrp_usd": 2.6966,
  "bag_xrp": 3.70837e-7,
  "timestamp": "2025-10-10T20:45:58.982Z"
}
