{
  "bag_usd": 0.000001,
  "xrp_usd": 2.19111,
  "bag_xrp": 4.5639e-7,
  "timestamp": "2025-11-28T19:46:41.927Z"
}
