{
  "bag_usd": 0.000001,
  "xrp_usd": 2.99534,
  "bag_xrp": 3.33852e-7,
  "timestamp": "2025-10-06T07:19:11.756Z"
}
