{
  "bag_usd": 0.000001,
  "xrp_usd": 2.52062,
  "bag_xrp": 3.96728e-7,
  "timestamp": "2025-10-31T20:34:26.472Z"
}
