{
  "bag_usd": 0.000001,
  "xrp_usd": 2.46366,
  "bag_xrp": 4.059e-7,
  "timestamp": "2025-11-10T03:57:52.682Z"
}
