{
  "bag_usd": 0.000001,
  "xrp_usd": 2.4944,
  "bag_xrp": 4.00898e-7,
  "timestamp": "2025-11-13T07:53:37.713Z"
}
