{
  "bag_usd": 0.000001,
  "xrp_usd": 2.27077,
  "bag_xrp": 4.40379e-7,
  "timestamp": "2025-11-09T05:56:44.087Z"
}
