{
  "bag_usd": 0.000001,
  "xrp_usd": 2.38731,
  "bag_xrp": 4.18882e-7,
  "timestamp": "2025-10-23T21:25:37.988Z"
}
