{
  "bag_usd": 0.000001,
  "xrp_usd": 2.85641,
  "bag_xrp": 3.5009e-7,
  "timestamp": "2025-10-08T05:13:59.791Z"
}
