{
  "bag_usd": 0.000001,
  "xrp_usd": 2.8163,
  "bag_xrp": 3.55076e-7,
  "timestamp": "2025-10-10T12:54:10.024Z"
}
