{
  "bag_usd": 0.000001,
  "xrp_usd": 2.27704,
  "bag_xrp": 4.39167e-7,
  "timestamp": "2025-11-15T04:54:31.158Z"
}
