{
  "bag_usd": 0.000001,
  "xrp_usd": 2.16151,
  "bag_xrp": 4.6264e-7,
  "timestamp": "2025-11-26T15:48:27.493Z"
}
