{
  "bag_usd": 0.000001,
  "xrp_usd": 2.40575,
  "bag_xrp": 4.15671e-7,
  "timestamp": "2025-10-30T19:22:31.433Z"
}
