{
  "bag_usd": 0.000001,
  "xrp_usd": 3.02797,
  "bag_xrp": 3.30254e-7,
  "timestamp": "2025-10-06T16:32:58.871Z"
}
