{
  "bag_usd": 0.000001,
  "xrp_usd": 2.18163,
  "bag_xrp": 4.58373e-7,
  "timestamp": "2025-11-18T11:31:45.488Z"
}
