{
  "bag_usd": 0.000001,
  "xrp_usd": 2.20028,
  "bag_xrp": 4.54488e-7,
  "timestamp": "2025-11-06T20:40:25.348Z"
}
