{
  "bag_usd": 0.000001,
  "xrp_usd": 2.92145,
  "bag_xrp": 3.42296e-7,
  "timestamp": "2025-10-07T14:43:20.379Z"
}
