{
  "bag_usd": 0.000001,
  "xrp_usd": 2.2375,
  "bag_xrp": 4.46927e-7,
  "timestamp": "2025-11-18T19:19:56.848Z"
}
