{
  "bag_usd": 0.000001,
  "xrp_usd": 2.2289,
  "bag_xrp": 4.48652e-7,
  "timestamp": "2025-11-27T20:45:45.617Z"
}
