{
  "bag_usd": 0.000001,
  "xrp_usd": 2.04035,
  "bag_xrp": 4.90112e-7,
  "timestamp": "2025-11-20T22:44:44.823Z"
}
