{
  "bag_usd": 0.000001,
  "xrp_usd": 2.52206,
  "bag_xrp": 3.96501e-7,
  "timestamp": "2025-10-15T08:55:15.600Z"
}
