{
  "bag_usd": 0.000001,
  "xrp_usd": 2.36204,
  "bag_xrp": 4.23363e-7,
  "timestamp": "2025-10-18T13:44:51.861Z"
}
