{
  "bag_usd": 0.000001,
  "xrp_usd": 2.13749,
  "bag_xrp": 4.67838e-7,
  "timestamp": "2025-11-04T21:55:52.072Z"
}
