{
  "bag_usd": 0.000001,
  "xrp_usd": 2.14025,
  "bag_xrp": 4.67235e-7,
  "timestamp": "2025-11-19T11:36:45.857Z"
}
