{
  "bag_usd": 0.000001,
  "xrp_usd": 2.18425,
  "bag_xrp": 4.57823e-7,
  "timestamp": "2025-11-27T14:39:19.593Z"
}
