{
  "bag_usd": 0.000001,
  "xrp_usd": 2.28988,
  "bag_xrp": 4.36704e-7,
  "timestamp": "2025-11-14T10:48:53.277Z"
}
