{
  "bag_usd": 0.000001,
  "xrp_usd": 2.62224,
  "bag_xrp": 3.81353e-7,
  "timestamp": "2025-10-27T14:01:26.290Z"
}
