{
  "bag_usd": 0.000001,
  "xrp_usd": 2.37509,
  "bag_xrp": 4.21037e-7,
  "timestamp": "2025-10-19T13:30:17.783Z"
}
