{
  "bag_usd": 0.000001,
  "xrp_usd": 2.21851,
  "bag_xrp": 4.50753e-7,
  "timestamp": "2025-11-07T08:51:06.159Z"
}
