{
  "bag_usd": 0.000001,
  "xrp_usd": 2.50384,
  "bag_xrp": 3.99387e-7,
  "timestamp": "2025-10-15T12:58:24.103Z"
}
