{
  "bag_usd": 0.000001,
  "xrp_usd": 2.52438,
  "bag_xrp": 3.96137e-7,
  "timestamp": "2025-10-14T18:15:28.245Z"
}
