{
  "bag_usd": 0.000001,
  "xrp_usd": 2.65915,
  "bag_xrp": 3.7606e-7,
  "timestamp": "2025-10-28T17:42:43.641Z"
}
