{
  "bag_usd": 0.000001,
  "xrp_usd": 2.48933,
  "bag_xrp": 4.01715e-7,
  "timestamp": "2025-10-24T17:23:56.477Z"
}
