{
  "bag_usd": 0.000001,
  "xrp_usd": 2.65424,
  "bag_xrp": 3.76756e-7,
  "timestamp": "2025-10-28T09:10:06.977Z"
}
