{
  "bag_usd": 0.000001,
  "xrp_usd": 2.33265,
  "bag_xrp": 4.28697e-7,
  "timestamp": "2025-10-12T01:43:15.526Z"
}
