{
  "bag_usd": 0.000001,
  "xrp_usd": 2.82621,
  "bag_xrp": 3.53831e-7,
  "timestamp": "2025-10-09T07:51:36.985Z"
}
