{
  "bag_usd": 0.000001,
  "xrp_usd": 2.35385,
  "bag_xrp": 4.24836e-7,
  "timestamp": "2025-11-07T21:21:22.944Z"
}
