{
  "bag_usd": 0.000001,
  "xrp_usd": 2.21215,
  "bag_xrp": 4.52049e-7,
  "timestamp": "2025-11-29T16:45:08.834Z"
}
