{
  "bag_usd": 0.000001,
  "xrp_usd": 2.2833,
  "bag_xrp": 4.37963e-7,
  "timestamp": "2025-11-14T08:48:40.442Z"
}
