{
  "bag_usd": 0.000001,
  "xrp_usd": 2.44394,
  "bag_xrp": 4.09175e-7,
  "timestamp": "2025-10-16T10:40:51.317Z"
}
