{
  "bag_usd": 0.000001,
  "xrp_usd": 2.50115,
  "bag_xrp": 3.99816e-7,
  "timestamp": "2025-10-15T07:34:06.536Z"
}
