{
  "bag_usd": 0.000001,
  "xrp_usd": 2.23791,
  "bag_xrp": 4.46845e-7,
  "timestamp": "2025-11-24T21:46:52.838Z"
}
