{
  "bag_usd": 0.000001,
  "xrp_usd": 1.92846,
  "bag_xrp": 5.18548e-7,
  "timestamp": "2025-11-22T15:24:08.637Z"
}
