{
  "bag_usd": 0.000001,
  "xrp_usd": 2.42465,
  "bag_xrp": 4.12431e-7,
  "timestamp": "2025-10-14T10:50:11.204Z"
}
