{
  "bag_usd": 0.000001,
  "xrp_usd": 2.6254,
  "bag_xrp": 3.80894e-7,
  "timestamp": "2025-10-26T07:51:45.899Z"
}
