{
  "bag_usd": 0.000001,
  "xrp_usd": 2.39945,
  "bag_xrp": 4.16762e-7,
  "timestamp": "2025-10-22T15:15:40.552Z"
}
