{
  "bag_usd": 0.000001,
  "xrp_usd": 2.81278,
  "bag_xrp": 3.5552e-7,
  "timestamp": "2025-10-09T10:56:36.636Z"
}
