{
  "bag_usd": 0.000001,
  "xrp_usd": 2.58118,
  "bag_xrp": 3.8742e-7,
  "timestamp": "2025-10-13T14:45:54.051Z"
}
