{
  "bag_usd": 0.000001,
  "xrp_usd": 2.99179,
  "bag_xrp": 3.34248e-7,
  "timestamp": "2025-10-06T23:52:58.558Z"
}
