{
  "bag_usd": 0.000001,
  "xrp_usd": 2.50895,
  "bag_xrp": 3.98573e-7,
  "timestamp": "2025-11-01T08:58:24.467Z"
}
