{
  "bag_usd": 0.000001,
  "xrp_usd": 2.23575,
  "bag_xrp": 4.47277e-7,
  "timestamp": "2025-11-24T19:41:51.267Z"
}
