{
  "bag_usd": 0.000001,
  "xrp_usd": 2.47617,
  "bag_xrp": 4.03849e-7,
  "timestamp": "2025-10-21T21:52:42.604Z"
}
