{
  "bag_usd": 0.000001,
  "xrp_usd": 2.20089,
  "bag_xrp": 4.54362e-7,
  "timestamp": "2025-11-26T07:33:33.446Z"
}
