{
  "bag_usd": 0.000001,
  "xrp_usd": 2.62324,
  "bag_xrp": 3.81208e-7,
  "timestamp": "2025-10-29T09:14:53.785Z"
}
