{
  "bag_usd": 0.000001,
  "xrp_usd": 2.15392,
  "bag_xrp": 4.6427e-7,
  "timestamp": "2025-11-18T05:44:29.858Z"
}
