{
  "bag_usd": 0.000001,
  "xrp_usd": 2.36395,
  "bag_xrp": 4.23021e-7,
  "timestamp": "2025-10-22T23:41:16.938Z"
}
