{
  "bag_usd": 0.000001,
  "xrp_usd": 2.43157,
  "bag_xrp": 4.11257e-7,
  "timestamp": "2025-10-30T17:38:52.929Z"
}
