{
  "bag_usd": 0.000001,
  "xrp_usd": 2.65198,
  "bag_xrp": 3.77077e-7,
  "timestamp": "2025-10-28T09:33:47.748Z"
}
