{
  "bag_usd": 0.000001,
  "xrp_usd": 3.03971,
  "bag_xrp": 3.28979e-7,
  "timestamp": "2025-10-06T19:25:40.095Z"
}
