{
  "bag_usd": 0.000001,
  "xrp_usd": 2.43455,
  "bag_xrp": 4.10754e-7,
  "timestamp": "2025-10-21T07:34:37.109Z"
}
