{
  "bag_usd": 0.000001,
  "xrp_usd": 2.47105,
  "bag_xrp": 4.04686e-7,
  "timestamp": "2025-10-15T13:52:58.139Z"
}
