{
  "bag_usd": 0.000001,
  "xrp_usd": 2.17622,
  "bag_xrp": 4.59512e-7,
  "timestamp": "2025-11-27T12:51:49.629Z"
}
