{
  "bag_usd": 0.000001,
  "xrp_usd": 2.63095,
  "bag_xrp": 3.80091e-7,
  "timestamp": "2025-10-13T19:55:02.770Z"
}
