{
  "bag_usd": 0.000001,
  "xrp_usd": 2.05501,
  "bag_xrp": 4.86616e-7,
  "timestamp": "2025-11-24T12:01:07.753Z"
}
