{
  "bag_usd": 0.000001,
  "xrp_usd": 2.1843,
  "bag_xrp": 4.57813e-7,
  "timestamp": "2025-11-29T05:47:21.324Z"
}
