{
  "bag_usd": 0.000001,
  "xrp_usd": 2.60362,
  "bag_xrp": 3.84081e-7,
  "timestamp": "2025-10-26T03:17:33.762Z"
}
