{
  "bag_usd": 0.000001,
  "xrp_usd": 2.22947,
  "bag_xrp": 4.48537e-7,
  "timestamp": "2025-11-24T23:39:16.088Z"
}
