{
  "bag_usd": 0.000001,
  "xrp_usd": 2.241,
  "bag_xrp": 4.46229e-7,
  "timestamp": "2025-11-17T03:07:02.666Z"
}
