{
  "bag_usd": 0.000001,
  "xrp_usd": 2.8696,
  "bag_xrp": 3.48481e-7,
  "timestamp": "2025-10-07T22:46:40.882Z"
}
