{
  "bag_usd": 0.000001,
  "xrp_usd": 2.39875,
  "bag_xrp": 4.16884e-7,
  "timestamp": "2025-11-10T01:47:53.801Z"
}
