{
  "bag_usd": 0.000001,
  "xrp_usd": 2.29821,
  "bag_xrp": 4.35121e-7,
  "timestamp": "2025-11-14T19:48:43.396Z"
}
