{
  "bag_usd": 0.000001,
  "xrp_usd": 2.63814,
  "bag_xrp": 3.79055e-7,
  "timestamp": "2025-10-29T13:50:27.083Z"
}
