{
  "bag_usd": 0.000001,
  "xrp_usd": 2.39929,
  "bag_xrp": 4.1679e-7,
  "timestamp": "2025-10-23T17:08:38.035Z"
}
