{
  "bag_usd": 0.000001,
  "xrp_usd": 2.18893,
  "bag_xrp": 4.56844e-7,
  "timestamp": "2025-11-25T09:12:03.923Z"
}
