{
  "bag_usd": 0.000001,
  "xrp_usd": 1.91601,
  "bag_xrp": 5.21918e-7,
  "timestamp": "2025-11-22T05:40:05.833Z"
}
