{
  "bag_usd": 0.000001,
  "xrp_usd": 2.9855,
  "bag_xrp": 3.34952e-7,
  "timestamp": "2025-10-07T04:29:37.414Z"
}
