{
  "bag_usd": 0.000001,
  "xrp_usd": 2.56299,
  "bag_xrp": 3.90169e-7,
  "timestamp": "2025-11-10T13:22:42.999Z"
}
