{
  "bag_usd": 0.000001,
  "xrp_usd": 2.22353,
  "bag_xrp": 4.49735e-7,
  "timestamp": "2025-11-06T19:11:09.645Z"
}
