{
  "bag_usd": 0.000001,
  "xrp_usd": 2.46468,
  "bag_xrp": 4.05732e-7,
  "timestamp": "2025-10-24T12:22:37.900Z"
}
