{
  "bag_usd": 0.000001,
  "xrp_usd": 2.8644,
  "bag_xrp": 3.49113e-7,
  "timestamp": "2025-10-07T18:48:29.904Z"
}
