{
  "bag_usd": 0.000001,
  "xrp_usd": 2.27008,
  "bag_xrp": 4.40513e-7,
  "timestamp": "2025-11-08T14:17:55.842Z"
}
