{
  "bag_usd": 0.000001,
  "xrp_usd": 2.22239,
  "bag_xrp": 4.49966e-7,
  "timestamp": "2025-11-18T19:55:39.582Z"
}
