{
  "bag_usd": 0.000001,
  "xrp_usd": 2.60666,
  "bag_xrp": 3.83633e-7,
  "timestamp": "2025-10-26T04:12:15.397Z"
}
