{
  "bag_usd": 0.000001,
  "xrp_usd": 2.60605,
  "bag_xrp": 3.83722e-7,
  "timestamp": "2025-10-25T20:44:16.981Z"
}
