{
  "bag_usd": 0.000001,
  "xrp_usd": 2.63512,
  "bag_xrp": 3.79489e-7,
  "timestamp": "2025-10-29T14:40:29.436Z"
}
