{
  "bag_usd": 0.000001,
  "xrp_usd": 2.41365,
  "bag_xrp": 4.1431e-7,
  "timestamp": "2025-10-11T05:51:29.749Z"
}
