{
  "bag_usd": 0.000001,
  "xrp_usd": 2.5375,
  "bag_xrp": 3.94089e-7,
  "timestamp": "2025-11-10T12:44:19.367Z"
}
