{
  "bag_usd": 0.000001,
  "xrp_usd": 2.29125,
  "bag_xrp": 4.36443e-7,
  "timestamp": "2025-11-04T05:33:39.913Z"
}
