{
  "bag_usd": 0.000001,
  "xrp_usd": 2.2049,
  "bag_xrp": 4.53535e-7,
  "timestamp": "2025-11-27T07:38:47.325Z"
}
