{
  "bag_usd": 0.000001,
  "xrp_usd": 1.95999,
  "bag_xrp": 5.10207e-7,
  "timestamp": "2025-11-22T22:55:51.282Z"
}
