{
  "bag_usd": 0.000001,
  "xrp_usd": 2.62172,
  "bag_xrp": 3.81429e-7,
  "timestamp": "2025-10-26T21:54:40.483Z"
}
