{
  "bag_usd": 0.000001,
  "xrp_usd": 2.27545,
  "bag_xrp": 4.39474e-7,
  "timestamp": "2025-11-09T12:15:59.851Z"
}
