{
  "bag_usd": 0.000001,
  "xrp_usd": 2.507,
  "bag_xrp": 3.98883e-7,
  "timestamp": "2025-10-31T22:43:10.481Z"
}
