{
  "bag_usd": 0.000001,
  "xrp_usd": 2.46344,
  "bag_xrp": 4.05936e-7,
  "timestamp": "2025-11-13T15:27:13.626Z"
}
