{
  "bag_usd": 0.000001,
  "xrp_usd": 2.2023,
  "bag_xrp": 4.54071e-7,
  "timestamp": "2025-11-27T09:47:44.797Z"
}
