{
  "bag_usd": 0.000001,
  "xrp_usd": 2.40759,
  "bag_xrp": 4.15353e-7,
  "timestamp": "2025-11-03T11:18:23.145Z"
}
