{
  "bag_usd": 0.000001,
  "xrp_usd": 2.86008,
  "bag_xrp": 3.49641e-7,
  "timestamp": "2025-10-08T06:53:51.384Z"
}
