{
  "bag_usd": 0.000001,
  "xrp_usd": 2.49071,
  "bag_xrp": 4.01492e-7,
  "timestamp": "2025-10-12T15:30:21.645Z"
}
