{
  "bag_usd": 0.000001,
  "xrp_usd": 2.66834,
  "bag_xrp": 3.74765e-7,
  "timestamp": "2025-10-28T18:33:34.769Z"
}
