{
  "bag_usd": 0.000001,
  "xrp_usd": 2.48662,
  "bag_xrp": 4.02152e-7,
  "timestamp": "2025-10-14T21:29:35.776Z"
}
