{
  "bag_usd": 0.000001,
  "xrp_usd": 2.07525,
  "bag_xrp": 4.8187e-7,
  "timestamp": "2025-11-23T16:39:00.878Z"
}
