{
  "bag_usd": 0.000001,
  "xrp_usd": 2.39263,
  "bag_xrp": 4.1795e-7,
  "timestamp": "2025-10-11T20:16:07.657Z"
}
