{
  "bag_usd": 0.000001,
  "xrp_usd": 2.50808,
  "bag_xrp": 3.98711e-7,
  "timestamp": "2025-10-31T21:21:49.802Z"
}
