{
  "bag_usd": 0.000001,
  "xrp_usd": 2.04775,
  "bag_xrp": 4.88341e-7,
  "timestamp": "2025-11-23T14:45:34.433Z"
}
