{
  "bag_usd": 0.000001,
  "xrp_usd": 2.305,
  "bag_xrp": 4.33839e-7,
  "timestamp": "2025-11-08T01:47:55.157Z"
}
