{
  "bag_usd": 0.000001,
  "xrp_usd": 2.21421,
  "bag_xrp": 4.51628e-7,
  "timestamp": "2025-11-05T10:49:57.860Z"
}
