{
  "bag_usd": 0.000001,
  "xrp_usd": 2.20223,
  "bag_xrp": 4.54085e-7,
  "timestamp": "2025-11-27T17:53:09.612Z"
}
