{
  "bag_usd": 0.000001,
  "xrp_usd": 2.38175,
  "bag_xrp": 4.19859e-7,
  "timestamp": "2025-10-22T18:40:07.819Z"
}
