{
  "bag_usd": 0.000001,
  "xrp_usd": 2.50102,
  "bag_xrp": 3.99837e-7,
  "timestamp": "2025-10-11T09:08:40.413Z"
}
