{
  "bag_usd": 0.000001,
  "xrp_usd": 2.54068,
  "bag_xrp": 3.93595e-7,
  "timestamp": "2025-10-20T19:57:06.557Z"
}
