{
  "bag_usd": 0.000001,
  "xrp_usd": 2.51421,
  "bag_xrp": 3.97739e-7,
  "timestamp": "2025-11-02T21:53:08.318Z"
}
