{
  "bag_usd": 0.000001,
  "xrp_usd": 2.2088,
  "bag_xrp": 4.52735e-7,
  "timestamp": "2025-11-17T13:50:30.454Z"
}
