{
  "bag_usd": 0.000001,
  "xrp_usd": 2.20185,
  "bag_xrp": 4.54164e-7,
  "timestamp": "2025-11-27T05:51:52.579Z"
}
