{
  "bag_usd": 0.000001,
  "xrp_usd": 2.33324,
  "bag_xrp": 4.28589e-7,
  "timestamp": "2025-11-12T16:52:13.911Z"
}
