{
  "bag_usd": 0.000001,
  "xrp_usd": 2.29025,
  "bag_xrp": 4.36634e-7,
  "timestamp": "2025-10-17T17:37:31.292Z"
}
