{
  "bag_usd": 0.000001,
  "xrp_usd": 2.22129,
  "bag_xrp": 4.50189e-7,
  "timestamp": "2025-11-27T19:25:21.466Z"
}
