{
  "bag_usd": 0.000001,
  "xrp_usd": 2.50163,
  "bag_xrp": 3.99739e-7,
  "timestamp": "2025-11-01T16:29:46.417Z"
}
