{
  "bag_usd": 0.000001,
  "xrp_usd": 2.43523,
  "bag_xrp": 4.10639e-7,
  "timestamp": "2025-10-11T08:16:40.575Z"
}
