{
  "bag_usd": 0.000001,
  "xrp_usd": 2.51645,
  "bag_xrp": 3.97385e-7,
  "timestamp": "2025-11-13T07:26:56.016Z"
}
