{
  "bag_usd": 0.000001,
  "xrp_usd": 2.51737,
  "bag_xrp": 3.9724e-7,
  "timestamp": "2025-11-02T05:54:47.579Z"
}
