{
  "bag_usd": 0.000001,
  "xrp_usd": 2.64103,
  "bag_xrp": 3.7864e-7,
  "timestamp": "2025-10-27T23:37:52.675Z"
}
