{
  "bag_usd": 0.000001,
  "xrp_usd": 2.56135,
  "bag_xrp": 3.90419e-7,
  "timestamp": "2025-10-30T05:48:44.338Z"
}
