{
  "bag_usd": 0.000001,
  "xrp_usd": 2.41065,
  "bag_xrp": 4.14826e-7,
  "timestamp": "2025-11-03T07:49:55.279Z"
}
