{
  "bag_usd": 0.000001,
  "xrp_usd": 2.81305,
  "bag_xrp": 3.55486e-7,
  "timestamp": "2025-10-10T06:52:43.889Z"
}
