{
  "bag_usd": 0.000001,
  "xrp_usd": 2.21989,
  "bag_xrp": 4.50473e-7,
  "timestamp": "2025-11-27T01:15:44.982Z"
}
