{
  "bag_usd": 0.000001,
  "xrp_usd": 2.8452,
  "bag_xrp": 3.51469e-7,
  "timestamp": "2025-10-09T04:22:36.501Z"
}
