{
  "bag_usd": 0.000001,
  "xrp_usd": 2.27453,
  "bag_xrp": 4.39651e-7,
  "timestamp": "2025-11-17T09:48:01.242Z"
}
