{
  "bag_usd": 0.000001,
  "xrp_usd": 2.61463,
  "bag_xrp": 3.82463e-7,
  "timestamp": "2025-10-13T23:33:12.260Z"
}
