{
  "bag_usd": 0.000001,
  "xrp_usd": 2.43746,
  "bag_xrp": 4.10263e-7,
  "timestamp": "2025-10-16T11:42:46.010Z"
}
