{
  "bag_usd": 0.000001,
  "xrp_usd": 2.37985,
  "bag_xrp": 4.20195e-7,
  "timestamp": "2025-11-12T23:43:34.451Z"
}
