{
  "bag_usd": 0.000001,
  "xrp_usd": 2.28643,
  "bag_xrp": 4.37363e-7,
  "timestamp": "2025-10-17T06:50:36.583Z"
}
