{
  "bag_usd": 0.000001,
  "xrp_usd": 1.95242,
  "bag_xrp": 5.12185e-7,
  "timestamp": "2025-11-21T17:00:26.860Z"
}
