{
  "bag_usd": 0.000001,
  "xrp_usd": 2.10594,
  "bag_xrp": 4.74847e-7,
  "timestamp": "2025-11-19T23:10:51.164Z"
}
