{
  "bag_usd": 0.000001,
  "xrp_usd": 2.23183,
  "bag_xrp": 4.48063e-7,
  "timestamp": "2025-11-18T19:44:06.179Z"
}
