{
  "bag_usd": 0.000001,
  "xrp_usd": 2.11908,
  "bag_xrp": 4.71903e-7,
  "timestamp": "2025-11-19T13:55:56.646Z"
}
