{
  "bag_usd": 0.000001,
  "xrp_usd": 2.18681,
  "bag_xrp": 4.57287e-7,
  "timestamp": "2025-11-28T20:30:31.925Z"
}
