{
  "bag_usd": 0.000001,
  "xrp_usd": 2.28271,
  "bag_xrp": 4.38076e-7,
  "timestamp": "2025-11-09T06:36:14.834Z"
}
