{
  "bag_usd": 0.000001,
  "xrp_usd": 1.89003,
  "bag_xrp": 5.29092e-7,
  "timestamp": "2025-11-22T13:41:04.048Z"
}
