{
  "bag_usd": 0.000001,
  "xrp_usd": 2.4311,
  "bag_xrp": 4.11336e-7,
  "timestamp": "2025-10-21T13:39:40.625Z"
}
