{
  "bag_usd": 0.000001,
  "xrp_usd": 2.99545,
  "bag_xrp": 3.3384e-7,
  "timestamp": "2025-10-06T23:29:34.351Z"
}
