{
  "bag_usd": 0.000001,
  "xrp_usd": 2.63401,
  "bag_xrp": 3.79649e-7,
  "timestamp": "2025-10-27T21:08:05.954Z"
}
