{
  "bag_usd": 0.000001,
  "xrp_usd": 2.33174,
  "bag_xrp": 4.28864e-7,
  "timestamp": "2025-10-19T08:49:31.843Z"
}
