{
  "bag_usd": 0.000001,
  "xrp_usd": 2.425,
  "bag_xrp": 4.12371e-7,
  "timestamp": "2025-11-13T16:35:10.888Z"
}
