{
  "bag_usd": 0.000001,
  "xrp_usd": 1.95054,
  "bag_xrp": 5.12679e-7,
  "timestamp": "2025-11-21T08:32:10.271Z"
}
