{
  "bag_usd": 0.000001,
  "xrp_usd": 3.01773,
  "bag_xrp": 3.31375e-7,
  "timestamp": "2025-10-06T14:16:03.747Z"
}
