{
  "bag_usd": 0.000001,
  "xrp_usd": 1.94906,
  "bag_xrp": 5.13068e-7,
  "timestamp": "2025-11-21T23:55:16.339Z"
}
