{
  "bag_usd": 0.000001,
  "xrp_usd": 2.28522,
  "bag_xrp": 4.37595e-7,
  "timestamp": "2025-11-09T09:15:22.334Z"
}
