{
  "bag_usd": 0.000001,
  "xrp_usd": 2.45772,
  "bag_xrp": 4.06881e-7,
  "timestamp": "2025-11-10T06:19:13.684Z"
}
