{
  "bag_usd": 0.000001,
  "xrp_usd": 2.81205,
  "bag_xrp": 3.55612e-7,
  "timestamp": "2025-10-10T07:15:50.896Z"
}
