{
  "bag_usd": 0.000001,
  "xrp_usd": 2.4955,
  "bag_xrp": 4.00721e-7,
  "timestamp": "2025-10-24T15:20:32.064Z"
}
