{
  "bag_usd": 0.000001,
  "xrp_usd": 2.36226,
  "bag_xrp": 4.23323e-7,
  "timestamp": "2025-10-19T10:14:55.988Z"
}
