{
  "bag_usd": 0.000001,
  "xrp_usd": 2.13152,
  "bag_xrp": 4.69149e-7,
  "timestamp": "2025-11-17T19:40:25.708Z"
}
