{
  "bag_usd": 0.000001,
  "xrp_usd": 2.51087,
  "bag_xrp": 3.98268e-7,
  "timestamp": "2025-10-31T17:52:53.663Z"
}
