{
  "bag_usd": 0.000001,
  "xrp_usd": 2.46956,
  "bag_xrp": 4.0493e-7,
  "timestamp": "2025-10-20T18:38:54.874Z"
}
