{
  "bag_usd": 0.000001,
  "xrp_usd": 2.3289,
  "bag_xrp": 4.29387e-7,
  "timestamp": "2025-10-19T09:40:23.231Z"
}
