{
  "bag_usd": 0.000001,
  "xrp_usd": 2.37546,
  "bag_xrp": 4.20971e-7,
  "timestamp": "2025-10-19T13:04:55.662Z"
}
