{
  "bag_usd": 0.000001,
  "xrp_usd": 2.2929,
  "bag_xrp": 4.36129e-7,
  "timestamp": "2025-11-08T13:01:23.211Z"
}
