{
  "bag_usd": 0.000001,
  "xrp_usd": 2.46315,
  "bag_xrp": 4.05984e-7,
  "timestamp": "2025-11-11T09:39:11.526Z"
}
