{
  "bag_usd": 0.000001,
  "xrp_usd": 3.04225,
  "bag_xrp": 3.28704e-7,
  "timestamp": "2025-10-06T18:50:50.666Z"
}
