{
  "bag_usd": 0.000001,
  "xrp_usd": 2.20562,
  "bag_xrp": 4.53387e-7,
  "timestamp": "2025-11-16T20:55:15.203Z"
}
