{
  "bag_usd": 0.000001,
  "xrp_usd": 2.65794,
  "bag_xrp": 3.76231e-7,
  "timestamp": "2025-10-29T12:45:13.654Z"
}
