{
  "bag_usd": 0.000001,
  "xrp_usd": 2.2615,
  "bag_xrp": 4.42184e-7,
  "timestamp": "2025-11-08T17:28:40.611Z"
}
