{
  "bag_usd": 0.000001,
  "xrp_usd": 2.37026,
  "bag_xrp": 4.21895e-7,
  "timestamp": "2025-10-18T20:36:27.386Z"
}
