{
  "bag_usd": 0.000001,
  "xrp_usd": 2.37148,
  "bag_xrp": 4.21678e-7,
  "timestamp": "2025-11-12T15:53:37.850Z"
}
