{
  "bag_usd": 0.000001,
  "xrp_usd": 2.28948,
  "bag_xrp": 4.3678e-7,
  "timestamp": "2025-11-03T22:40:24.770Z"
}
