{
  "bag_usd": 0.000001,
  "xrp_usd": 2.22563,
  "bag_xrp": 4.49311e-7,
  "timestamp": "2025-11-07T06:47:49.422Z"
}
