{
  "bag_usd": 0.000001,
  "xrp_usd": 2.63383,
  "bag_xrp": 3.79675e-7,
  "timestamp": "2025-10-29T07:54:10.034Z"
}
