{
  "bag_usd": 0.000001,
  "xrp_usd": 2.36798,
  "bag_xrp": 4.22301e-7,
  "timestamp": "2025-10-12T04:35:48.595Z"
}
