{
  "bag_usd": 0.000001,
  "xrp_usd": 2.03795,
  "bag_xrp": 4.90689e-7,
  "timestamp": "2025-11-23T06:52:35.280Z"
}
