{
  "bag_usd": 0.000001,
  "xrp_usd": 2.34722,
  "bag_xrp": 4.26036e-7,
  "timestamp": "2025-10-18T16:10:50.429Z"
}
