{
  "bag_usd": 0.000001,
  "xrp_usd": 2.877,
  "bag_xrp": 3.47584e-7,
  "timestamp": "2025-10-07T16:25:56.029Z"
}
