{
  "bag_usd": 0.000001,
  "xrp_usd": 2.21393,
  "bag_xrp": 4.51685e-7,
  "timestamp": "2025-11-29T11:44:41.195Z"
}
