{
  "bag_usd": 0.000001,
  "xrp_usd": 2.55534,
  "bag_xrp": 3.91337e-7,
  "timestamp": "2025-10-25T10:47:05.557Z"
}
