{
  "bag_usd": 0.000001,
  "xrp_usd": 2.46517,
  "bag_xrp": 4.05652e-7,
  "timestamp": "2025-11-10T04:34:50.539Z"
}
