{
  "bag_usd": 0.000001,
  "xrp_usd": 2.8999,
  "bag_xrp": 3.44839e-7,
  "timestamp": "2025-10-08T21:24:07.599Z"
}
