{
  "bag_usd": 0.000001,
  "xrp_usd": 2.17648,
  "bag_xrp": 4.59457e-7,
  "timestamp": "2025-11-07T12:19:51.324Z"
}
