{
  "bag_usd": 0.000001,
  "xrp_usd": 2.24361,
  "bag_xrp": 4.4571e-7,
  "timestamp": "2025-11-05T04:16:41.070Z"
}
