{
  "bag_usd": 0.000001,
  "xrp_usd": 2.50601,
  "bag_xrp": 3.99041e-7,
  "timestamp": "2025-10-31T22:54:37.259Z"
}
