{
  "bag_usd": 0.000001,
  "xrp_usd": 2.50015,
  "bag_xrp": 3.99976e-7,
  "timestamp": "2025-10-15T10:58:05.281Z"
}
