{
  "bag_usd": 0.000001,
  "xrp_usd": 2.72376,
  "bag_xrp": 3.6714e-7,
  "timestamp": "2025-10-10T17:58:07.769Z"
}
