{
  "bag_usd": 0.000001,
  "xrp_usd": 1.90938,
  "bag_xrp": 5.2373e-7,
  "timestamp": "2025-11-22T14:14:06.844Z"
}
