{
  "bag_usd": 0.000001,
  "xrp_usd": 2.26308,
  "bag_xrp": 4.41876e-7,
  "timestamp": "2025-11-07T16:50:18.261Z"
}
