{
  "bag_usd": 0.000001,
  "xrp_usd": 2.68321,
  "bag_xrp": 3.72688e-7,
  "timestamp": "2025-10-10T19:51:29.670Z"
}
