{
  "bag_usd": 0.000001,
  "xrp_usd": 1.94376,
  "bag_xrp": 5.14467e-7,
  "timestamp": "2025-11-21T20:50:53.499Z"
}
