{
  "bag_usd": 0.000001,
  "xrp_usd": 2.30573,
  "bag_xrp": 4.33702e-7,
  "timestamp": "2025-10-16T21:22:40.780Z"
}
