{
  "bag_usd": 0.000001,
  "xrp_usd": 2.47687,
  "bag_xrp": 4.03735e-7,
  "timestamp": "2025-11-01T14:18:07.489Z"
}
