{
  "bag_usd": 0.000001,
  "xrp_usd": 2.24189,
  "bag_xrp": 4.46052e-7,
  "timestamp": "2025-10-17T09:33:12.354Z"
}
