{
  "bag_usd": 0.000001,
  "xrp_usd": 2.62574,
  "bag_xrp": 3.80845e-7,
  "timestamp": "2025-10-25T19:25:02.469Z"
}
