{
  "bag_usd": 0.000001,
  "xrp_usd": 2.18705,
  "bag_xrp": 4.57237e-7,
  "timestamp": "2025-11-16T19:00:30.651Z"
}
