{
  "bag_usd": 0.000001,
  "xrp_usd": 2.62805,
  "bag_xrp": 3.8051e-7,
  "timestamp": "2025-10-27T07:41:21.054Z"
}
