{
  "bag_usd": 0.000001,
  "xrp_usd": 2.41365,
  "bag_xrp": 4.1431e-7,
  "timestamp": "2025-10-23T10:58:28.312Z"
}
