{
  "bag_usd": 0.000001,
  "xrp_usd": 2.63485,
  "bag_xrp": 3.79528e-7,
  "timestamp": "2025-10-27T08:48:56.488Z"
}
