{
  "bag_usd": 0.000001,
  "xrp_usd": 2.13373,
  "bag_xrp": 4.68663e-7,
  "timestamp": "2025-11-20T04:01:32.926Z"
}
