{
  "bag_usd": 0.000001,
  "xrp_usd": 2.39803,
  "bag_xrp": 4.17009e-7,
  "timestamp": "2025-10-12T13:28:36.700Z"
}
