{
  "bag_usd": 0.000001,
  "xrp_usd": 2.18872,
  "bag_xrp": 4.56888e-7,
  "timestamp": "2025-11-28T22:56:41.465Z"
}
