{
  "bag_usd": 0.000001,
  "xrp_usd": 2.50457,
  "bag_xrp": 3.9927e-7,
  "timestamp": "2025-11-01T07:20:00.679Z"
}
