{
  "bag_usd": 0.000001,
  "xrp_usd": 2.34682,
  "bag_xrp": 4.26109e-7,
  "timestamp": "2025-10-16T18:37:08.828Z"
}
