{
  "bag_usd": 0.000001,
  "xrp_usd": 2.48789,
  "bag_xrp": 4.01947e-7,
  "timestamp": "2025-10-24T15:39:28.348Z"
}
