{
  "bag_usd": 0.000001,
  "xrp_usd": 2.47975,
  "bag_xrp": 4.03266e-7,
  "timestamp": "2025-10-31T06:56:34.480Z"
}
