{
  "bag_usd": 0.000001,
  "xrp_usd": 2.00567,
  "bag_xrp": 4.98587e-7,
  "timestamp": "2025-11-20T20:48:21.178Z"
}
