{
  "bag_usd": 0.000001,
  "xrp_usd": 2.71543,
  "bag_xrp": 3.68266e-7,
  "timestamp": "2025-10-10T17:46:32.217Z"
}
