{
  "bag_usd": 0.000001,
  "xrp_usd": 2.31015,
  "bag_xrp": 4.32872e-7,
  "timestamp": "2025-11-14T05:56:11.607Z"
}
