{
  "bag_usd": 0.000001,
  "xrp_usd": 2.6227,
  "bag_xrp": 3.81286e-7,
  "timestamp": "2025-10-27T11:28:46.399Z"
}
