{
  "bag_usd": 0.000001,
  "xrp_usd": 2.27637,
  "bag_xrp": 4.39296e-7,
  "timestamp": "2025-11-08T18:57:41.692Z"
}
