{
  "bag_usd": 0.000001,
  "xrp_usd": 2.30749,
  "bag_xrp": 4.33371e-7,
  "timestamp": "2025-11-06T10:41:51.036Z"
}
