{
  "bag_usd": 0.000001,
  "xrp_usd": 2.8695,
  "bag_xrp": 3.48493e-7,
  "timestamp": "2025-10-08T14:47:46.538Z"
}
