{
  "bag_usd": 0.000001,
  "xrp_usd": 2.48604,
  "bag_xrp": 4.02246e-7,
  "timestamp": "2025-11-03T02:10:24.123Z"
}
