{
  "bag_usd": 0.000001,
  "xrp_usd": 2.07442,
  "bag_xrp": 4.82062e-7,
  "timestamp": "2025-11-23T21:50:51.937Z"
}
