{
  "bag_usd": 0.000001,
  "xrp_usd": 2.25559,
  "bag_xrp": 4.43343e-7,
  "timestamp": "2025-11-15T11:46:22.452Z"
}
