{
  "bag_usd": 0.000001,
  "xrp_usd": 2.06309,
  "bag_xrp": 4.8471e-7,
  "timestamp": "2025-11-23T18:31:54.405Z"
}
