{
  "bag_usd": 0.000001,
  "xrp_usd": 2.06756,
  "bag_xrp": 4.83662e-7,
  "timestamp": "2025-11-23T22:34:22.550Z"
}
