{
  "bag_usd": 0.000001,
  "xrp_usd": 2.12023,
  "bag_xrp": 4.71647e-7,
  "timestamp": "2025-11-20T13:44:48.256Z"
}
