{
  "bag_usd": 0.000001,
  "xrp_usd": 2.42235,
  "bag_xrp": 4.12822e-7,
  "timestamp": "2025-10-22T00:00:33.977Z"
}
