{
  "bag_usd": 0.000001,
  "xrp_usd": 2.86779,
  "bag_xrp": 3.48701e-7,
  "timestamp": "2025-10-08T08:32:47.859Z"
}
