{
  "bag_usd": 0.000001,
  "xrp_usd": 2.80855,
  "bag_xrp": 3.56056e-7,
  "timestamp": "2025-10-09T23:27:00.807Z"
}
