{
  "bag_usd": 0.000001,
  "xrp_usd": 2.73273,
  "bag_xrp": 3.65934e-7,
  "timestamp": "2025-10-10T16:55:08.854Z"
}
