{
  "bag_usd": 0.000001,
  "xrp_usd": 2.61234,
  "bag_xrp": 3.82799e-7,
  "timestamp": "2025-10-28T22:58:30.490Z"
}
