{
  "bag_usd": 0.000001,
  "xrp_usd": 2.45127,
  "bag_xrp": 4.07952e-7,
  "timestamp": "2025-10-16T13:47:03.108Z"
}
