{
  "bag_usd": 0.000001,
  "xrp_usd": 2.45001,
  "bag_xrp": 4.08162e-7,
  "timestamp": "2025-10-14T07:47:13.964Z"
}
