{
  "bag_usd": 0.000001,
  "xrp_usd": 2.05158,
  "bag_xrp": 4.87429e-7,
  "timestamp": "2025-11-23T17:12:48.337Z"
}
