{
  "bag_usd": 0.000001,
  "xrp_usd": 2.2228,
  "bag_xrp": 4.49883e-7,
  "timestamp": "2025-11-26T21:24:17.730Z"
}
