{
  "bag_usd": 0.000001,
  "xrp_usd": 2.6341,
  "bag_xrp": 3.79636e-7,
  "timestamp": "2025-10-13T19:43:27.681Z"
}
