{
  "bag_usd": 0.000001,
  "xrp_usd": 2.3055,
  "bag_xrp": 4.33745e-7,
  "timestamp": "2025-11-09T14:43:01.401Z"
}
