{
  "bag_usd": 0.000001,
  "xrp_usd": 2.4073,
  "bag_xrp": 4.15403e-7,
  "timestamp": "2025-10-11T19:52:50.553Z"
}
