{
  "bag_usd": 0.000001,
  "xrp_usd": 2.59257,
  "bag_xrp": 3.85718e-7,
  "timestamp": "2025-10-29T20:40:21.214Z"
}
