{
  "bag_usd": 0.000001,
  "xrp_usd": 2.32755,
  "bag_xrp": 4.29636e-7,
  "timestamp": "2025-11-08T05:15:58.335Z"
}
