{
  "bag_usd": 0.000001,
  "xrp_usd": 2.44215,
  "bag_xrp": 4.09475e-7,
  "timestamp": "2025-11-12T13:45:15.343Z"
}
