{
  "bag_usd": 0.000001,
  "xrp_usd": 2.39545,
  "bag_xrp": 4.17458e-7,
  "timestamp": "2025-10-15T21:53:40.272Z"
}
