{
  "bag_usd": 0.000001,
  "xrp_usd": 2.4419,
  "bag_xrp": 4.09517e-7,
  "timestamp": "2025-10-20T04:49:11.161Z"
}
