{
  "bag_usd": 0.000001,
  "xrp_usd": 2.44996,
  "bag_xrp": 4.0817e-7,
  "timestamp": "2025-10-16T11:15:04.169Z"
}
