{
  "bag_usd": 0.000001,
  "xrp_usd": 2.20651,
  "bag_xrp": 4.53204e-7,
  "timestamp": "2025-11-29T17:38:18.147Z"
}
