{
  "bag_usd": 0.000001,
  "xrp_usd": 2.14581,
  "bag_xrp": 4.66024e-7,
  "timestamp": "2025-11-05T01:52:54.867Z"
}
