{
  "bag_usd": 0.000001,
  "xrp_usd": 2.52332,
  "bag_xrp": 3.96303e-7,
  "timestamp": "2025-11-02T07:40:34.378Z"
}
