{
  "bag_usd": 0.000001,
  "xrp_usd": 2.4964,
  "bag_xrp": 4.00577e-7,
  "timestamp": "2025-10-20T23:59:03.396Z"
}
