{
  "bag_usd": 0.000001,
  "xrp_usd": 2.22446,
  "bag_xrp": 4.49547e-7,
  "timestamp": "2025-11-27T19:07:22.213Z"
}
