{
  "bag_usd": 0.000001,
  "xrp_usd": 2.27778,
  "bag_xrp": 4.39024e-7,
  "timestamp": "2025-11-09T13:27:05.142Z"
}
