{
  "bag_usd": 0.000001,
  "xrp_usd": 2.21212,
  "bag_xrp": 4.52055e-7,
  "timestamp": "2025-11-27T16:18:27.687Z"
}
