{
  "bag_usd": 0.000001,
  "xrp_usd": 2.1367,
  "bag_xrp": 4.68011e-7,
  "timestamp": "2025-11-17T20:50:06.612Z"
}
