{
  "bag_usd": 0.000001,
  "xrp_usd": 2.4291,
  "bag_xrp": 4.11675e-7,
  "timestamp": "2025-10-21T12:58:24.592Z"
}
