{
  "bag_usd": 0.000001,
  "xrp_usd": 2.18348,
  "bag_xrp": 4.57985e-7,
  "timestamp": "2025-11-29T10:44:40.415Z"
}
