{
  "bag_usd": 0.000001,
  "xrp_usd": 2.50623,
  "bag_xrp": 3.99006e-7,
  "timestamp": "2025-10-31T10:45:45.890Z"
}
