{
  "bag_usd": 0.000001,
  "xrp_usd": 2.06825,
  "bag_xrp": 4.83501e-7,
  "timestamp": "2025-11-24T06:44:20.364Z"
}
