{
  "bag_usd": 0.000001,
  "xrp_usd": 2.27229,
  "bag_xrp": 4.40085e-7,
  "timestamp": "2025-11-09T11:08:36.721Z"
}
