{
  "bag_usd": 0.000001,
  "xrp_usd": 2.51318,
  "bag_xrp": 3.97902e-7,
  "timestamp": "2025-10-31T18:24:55.858Z"
}
