{
  "bag_usd": 0.000001,
  "xrp_usd": 2.2772,
  "bag_xrp": 4.39136e-7,
  "timestamp": "2025-11-08T14:45:35.219Z"
}
