{
  "bag_usd": 0.000001,
  "xrp_usd": 2.35435,
  "bag_xrp": 4.24746e-7,
  "timestamp": "2025-10-18T17:21:17.269Z"
}
