{
  "bag_usd": 0.000001,
  "xrp_usd": 2.39062,
  "bag_xrp": 4.18302e-7,
  "timestamp": "2025-11-11T21:56:13.388Z"
}
