{
  "bag_usd": 0.000001,
  "xrp_usd": 2.26432,
  "bag_xrp": 4.41634e-7,
  "timestamp": "2025-11-24T20:23:34.463Z"
}
