{
  "bag_usd": 0.000001,
  "xrp_usd": 2.97384,
  "bag_xrp": 3.36266e-7,
  "timestamp": "2025-10-07T11:41:46.308Z"
}
