{
  "bag_usd": 0.000001,
  "xrp_usd": 2.18406,
  "bag_xrp": 4.57863e-7,
  "timestamp": "2025-11-28T21:37:27.887Z"
}
