{
  "bag_usd": 0.000001,
  "xrp_usd": 2.41614,
  "bag_xrp": 4.13883e-7,
  "timestamp": "2025-10-11T04:33:15.549Z"
}
