{
  "bag_usd": 0.000001,
  "xrp_usd": 2.28845,
  "bag_xrp": 4.36977e-7,
  "timestamp": "2025-11-14T06:38:04.369Z"
}
