{
  "bag_usd": 0.000001,
  "xrp_usd": 2.42645,
  "bag_xrp": 4.12125e-7,
  "timestamp": "2025-10-22T05:18:11.394Z"
}
