{
  "bag_usd": 0.000001,
  "xrp_usd": 2.48706,
  "bag_xrp": 4.02081e-7,
  "timestamp": "2025-10-15T14:42:06.548Z"
}
