{
  "bag_usd": 0.000001,
  "xrp_usd": 2.28429,
  "bag_xrp": 4.37773e-7,
  "timestamp": "2025-10-17T15:41:23.554Z"
}
