{
  "bag_usd": 0.000001,
  "xrp_usd": 2.26115,
  "bag_xrp": 4.42253e-7,
  "timestamp": "2025-11-16T07:55:26.361Z"
}
