{
  "bag_usd": 0.000001,
  "xrp_usd": 2.60001,
  "bag_xrp": 3.84614e-7,
  "timestamp": "2025-10-25T21:44:48.311Z"
}
