{
  "bag_usd": 0.000001,
  "xrp_usd": 2.20775,
  "bag_xrp": 4.5295e-7,
  "timestamp": "2025-11-29T11:56:20.302Z"
}
