{
  "bag_usd": 0.000001,
  "xrp_usd": 2.41558,
  "bag_xrp": 4.13979e-7,
  "timestamp": "2025-10-16T04:58:07.435Z"
}
