{
  "bag_usd": 0.000001,
  "xrp_usd": 2.2007,
  "bag_xrp": 4.54401e-7,
  "timestamp": "2025-11-27T23:40:00.901Z"
}
