{
  "bag_usd": 0.000001,
  "xrp_usd": 2.4989,
  "bag_xrp": 4.00176e-7,
  "timestamp": "2025-11-01T23:23:25.597Z"
}
