{
  "bag_usd": 0.000001,
  "xrp_usd": 2.39101,
  "bag_xrp": 4.18233e-7,
  "timestamp": "2025-10-11T22:13:37.485Z"
}
