{
  "bag_usd": 0.000001,
  "xrp_usd": 1.94884,
  "bag_xrp": 5.13126e-7,
  "timestamp": "2025-11-22T03:40:18.779Z"
}
