{
  "bag_usd": 0.000001,
  "xrp_usd": 2.4705,
  "bag_xrp": 4.04776e-7,
  "timestamp": "2025-10-21T20:49:45.722Z"
}
