{
  "bag_usd": 0.000001,
  "xrp_usd": 2.44447,
  "bag_xrp": 4.09087e-7,
  "timestamp": "2025-10-24T05:49:58.661Z"
}
