{
  "bag_usd": 0.000001,
  "xrp_usd": 2.4895,
  "bag_xrp": 4.01687e-7,
  "timestamp": "2025-10-31T11:36:22.438Z"
}
