{
  "bag_usd": 0.000001,
  "xrp_usd": 3.00756,
  "bag_xrp": 3.32495e-7,
  "timestamp": "2025-10-06T22:00:19.791Z"
}
