{
  "bag_usd": 0.000001,
  "xrp_usd": 2.3716,
  "bag_xrp": 4.21656e-7,
  "timestamp": "2025-11-12T23:09:42.420Z"
}
