{
  "bag_usd": 0.000001,
  "xrp_usd": 2.199,
  "bag_xrp": 4.54752e-7,
  "timestamp": "2025-11-26T17:25:28.586Z"
}
