{
  "bag_usd": 0.000001,
  "xrp_usd": 2.2336,
  "bag_xrp": 4.47708e-7,
  "timestamp": "2025-11-25T07:39:47.335Z"
}
