{
  "bag_usd": 0.000001,
  "xrp_usd": 2.47502,
  "bag_xrp": 4.04037e-7,
  "timestamp": "2025-11-10T08:35:38.854Z"
}
