{
  "bag_usd": 0.000001,
  "xrp_usd": 2.40613,
  "bag_xrp": 4.15605e-7,
  "timestamp": "2025-10-21T09:43:54.903Z"
}
