{
  "bag_usd": 0.000001,
  "xrp_usd": 2.69485,
  "bag_xrp": 3.71078e-7,
  "timestamp": "2025-10-10T20:14:32.989Z"
}
