{
  "bag_usd": 0.000001,
  "xrp_usd": 2.37884,
  "bag_xrp": 4.20373e-7,
  "timestamp": "2025-10-23T03:52:05.798Z"
}
