{
  "bag_usd": 0.000001,
  "xrp_usd": 2.23505,
  "bag_xrp": 4.47417e-7,
  "timestamp": "2025-11-25T07:23:19.124Z"
}
