{
  "bag_usd": 0.000001,
  "xrp_usd": 2.19917,
  "bag_xrp": 4.54717e-7,
  "timestamp": "2025-11-04T22:23:02.143Z"
}
