{
  "bag_usd": 0.000001,
  "xrp_usd": 2.20422,
  "bag_xrp": 4.53675e-7,
  "timestamp": "2025-11-28T05:38:33.618Z"
}
