{
  "bag_usd": 0.000001,
  "xrp_usd": 2.25327,
  "bag_xrp": 4.43799e-7,
  "timestamp": "2025-10-17T07:54:48.007Z"
}
