{
  "bag_usd": 0.000001,
  "xrp_usd": 2.19037,
  "bag_xrp": 4.56544e-7,
  "timestamp": "2025-11-26T08:37:11.124Z"
}
