{
  "bag_usd": 0.000001,
  "xrp_usd": 2.43653,
  "bag_xrp": 4.1042e-7,
  "timestamp": "2025-10-15T19:28:46.185Z"
}
