{
  "bag_usd": 0.000001,
  "xrp_usd": 2.4966,
  "bag_xrp": 4.00545e-7,
  "timestamp": "2025-11-02T16:36:34.937Z"
}
