{
  "bag_usd": 0.000001,
  "xrp_usd": 2.26981,
  "bag_xrp": 4.40566e-7,
  "timestamp": "2025-11-08T19:55:30.978Z"
}
