{
  "bag_usd": 0.000001,
  "xrp_usd": 2.28029,
  "bag_xrp": 4.38541e-7,
  "timestamp": "2025-11-05T16:52:50.475Z"
}
