{
  "bag_usd": 0.000001,
  "xrp_usd": 2.2672,
  "bag_xrp": 4.41073e-7,
  "timestamp": "2025-11-04T10:47:11.114Z"
}
