{
  "bag_usd": 0.000001,
  "xrp_usd": 2.50642,
  "bag_xrp": 3.98975e-7,
  "timestamp": "2025-10-24T20:29:40.142Z"
}
