{
  "bag_usd": 0.000001,
  "xrp_usd": 2.18485,
  "bag_xrp": 4.57697e-7,
  "timestamp": "2025-11-29T10:28:04.902Z"
}
