{
  "bag_usd": 0.000001,
  "xrp_usd": 2.29501,
  "bag_xrp": 4.35728e-7,
  "timestamp": "2025-11-15T03:54:28.499Z"
}
