{
  "bag_usd": 0.000001,
  "xrp_usd": 2.64624,
  "bag_xrp": 3.77895e-7,
  "timestamp": "2025-10-27T22:15:25.573Z"
}
