{
  "bag_usd": 0.000001,
  "xrp_usd": 2.79275,
  "bag_xrp": 3.5807e-7,
  "timestamp": "2025-10-09T20:43:14.989Z"
}
