{
  "bag_usd": 0.000001,
  "xrp_usd": 2.4501,
  "bag_xrp": 4.08147e-7,
  "timestamp": "2025-10-21T14:40:25.663Z"
}
