{
  "bag_usd": 0.000001,
  "xrp_usd": 2.1997,
  "bag_xrp": 4.54607e-7,
  "timestamp": "2025-11-28T16:55:29.848Z"
}
