{
  "bag_usd": 0.000001,
  "xrp_usd": 2.5126,
  "bag_xrp": 3.97994e-7,
  "timestamp": "2025-11-02T10:34:41.262Z"
}
