{
  "bag_usd": 0.000001,
  "xrp_usd": 2.73601,
  "bag_xrp": 3.65496e-7,
  "timestamp": "2025-10-10T16:20:05.440Z"
}
