{
  "bag_usd": 0.000001,
  "xrp_usd": 2.54675,
  "bag_xrp": 3.92657e-7,
  "timestamp": "2025-10-25T08:16:43.804Z"
}
