{
  "bag_usd": 0.000001,
  "xrp_usd": 2.48999,
  "bag_xrp": 4.01608e-7,
  "timestamp": "2025-10-15T03:58:25.649Z"
}
