{
  "bag_usd": 0.000001,
  "xrp_usd": 2.39633,
  "bag_xrp": 4.17305e-7,
  "timestamp": "2025-10-23T22:57:02.652Z"
}
