{
  "bag_usd": 0.000001,
  "xrp_usd": 2.39405,
  "bag_xrp": 4.17702e-7,
  "timestamp": "2025-10-16T08:53:54.218Z"
}
