{
  "bag_usd": 0.000001,
  "xrp_usd": 2.59075,
  "bag_xrp": 3.85989e-7,
  "timestamp": "2025-10-28T22:10:25.425Z"
}
