{
  "bag_usd": 0.000001,
  "xrp_usd": 2.49671,
  "bag_xrp": 4.00527e-7,
  "timestamp": "2025-10-14T22:35:40.898Z"
}
