{
  "bag_usd": 0.000001,
  "xrp_usd": 2.62593,
  "bag_xrp": 3.80817e-7,
  "timestamp": "2025-10-29T19:15:03.261Z"
}
