{
  "bag_usd": 0.000001,
  "xrp_usd": 2.38607,
  "bag_xrp": 4.19099e-7,
  "timestamp": "2025-10-23T04:39:55.923Z"
}
