{
  "bag_usd": 0.000001,
  "xrp_usd": 2.25995,
  "bag_xrp": 4.42488e-7,
  "timestamp": "2025-11-16T08:58:45.892Z"
}
