{
  "bag_usd": 0.000001,
  "xrp_usd": 2.47041,
  "bag_xrp": 4.04791e-7,
  "timestamp": "2025-10-14T15:43:08.732Z"
}
