{
  "bag_usd": 0.000001,
  "xrp_usd": 2.47932,
  "bag_xrp": 4.03336e-7,
  "timestamp": "2025-11-10T07:56:23.865Z"
}
