{
  "bag_usd": 0.000001,
  "xrp_usd": 2.49601,
  "bag_xrp": 4.00639e-7,
  "timestamp": "2025-10-31T14:39:20.997Z"
}
