{
  "bag_usd": 0.000001,
  "xrp_usd": 1.90255,
  "bag_xrp": 5.2561e-7,
  "timestamp": "2025-11-22T12:55:22.908Z"
}
