{
  "bag_usd": 0.000001,
  "xrp_usd": 2.07599,
  "bag_xrp": 4.81698e-7,
  "timestamp": "2025-11-19T16:55:33.386Z"
}
