{
  "bag_usd": 0.000001,
  "xrp_usd": 2.48464,
  "bag_xrp": 4.02473e-7,
  "timestamp": "2025-10-31T09:28:46.636Z"
}
