{
  "bag_usd": 0.000001,
  "xrp_usd": 2.17311,
  "bag_xrp": 4.6017e-7,
  "timestamp": "2025-11-28T17:37:48.365Z"
}
