{
  "bag_usd": 0.000001,
  "xrp_usd": 2.2204,
  "bag_xrp": 4.50369e-7,
  "timestamp": "2025-10-17T10:56:27.654Z"
}
