{
  "bag_usd": 0.000001,
  "xrp_usd": 2.21614,
  "bag_xrp": 4.51235e-7,
  "timestamp": "2025-11-06T22:52:47.545Z"
}
