{
  "bag_usd": 0.000001,
  "xrp_usd": 2.47475,
  "bag_xrp": 4.04081e-7,
  "timestamp": "2025-11-13T04:48:26.811Z"
}
