{
  "bag_usd": 0.000001,
  "xrp_usd": 2.32415,
  "bag_xrp": 4.30265e-7,
  "timestamp": "2025-11-14T18:15:09.520Z"
}
