{
  "bag_usd": 0.000001,
  "xrp_usd": 2.18365,
  "bag_xrp": 4.57949e-7,
  "timestamp": "2025-11-07T11:49:51.353Z"
}
