{
  "bag_usd": 0.000001,
  "xrp_usd": 2.66825,
  "bag_xrp": 3.74777e-7,
  "timestamp": "2025-10-10T19:39:14.476Z"
}
