{
  "bag_usd": 0.000001,
  "xrp_usd": 1.93161,
  "bag_xrp": 5.17703e-7,
  "timestamp": "2025-11-22T06:20:02.779Z"
}
