{
  "bag_usd": 0.000001,
  "xrp_usd": 2.20934,
  "bag_xrp": 4.52624e-7,
  "timestamp": "2025-11-19T02:46:32.379Z"
}
