{
  "bag_usd": 0.000001,
  "xrp_usd": 2.24052,
  "bag_xrp": 4.46325e-7,
  "timestamp": "2025-11-16T04:35:15.348Z"
}
