{
  "bag_usd": 0.000001,
  "xrp_usd": 2.3638,
  "bag_xrp": 4.23048e-7,
  "timestamp": "2025-10-18T13:33:19.786Z"
}
