{
  "bag_usd": 0.000001,
  "xrp_usd": 2.44524,
  "bag_xrp": 4.08958e-7,
  "timestamp": "2025-10-24T06:57:13.670Z"
}
