{
  "bag_usd": 0.000001,
  "xrp_usd": 2.53607,
  "bag_xrp": 3.94311e-7,
  "timestamp": "2025-10-12T22:45:07.680Z"
}
