{
  "bag_usd": 0.000001,
  "xrp_usd": 2.43572,
  "bag_xrp": 4.10556e-7,
  "timestamp": "2025-10-24T05:18:20.180Z"
}
