{
  "bag_usd": 0.000001,
  "xrp_usd": 2.38952,
  "bag_xrp": 4.18494e-7,
  "timestamp": "2025-11-12T04:45:05.261Z"
}
