{
  "bag_usd": 0.000001,
  "xrp_usd": 2.48485,
  "bag_xrp": 4.02439e-7,
  "timestamp": "2025-10-24T16:18:07.744Z"
}
