{
  "bag_usd": 0.000001,
  "xrp_usd": 2.36636,
  "bag_xrp": 4.2259e-7,
  "timestamp": "2025-10-11T21:17:09.980Z"
}
