{
  "bag_usd": 0.000001,
  "xrp_usd": 2.31465,
  "bag_xrp": 4.32031e-7,
  "timestamp": "2025-10-17T20:34:56.591Z"
}
