{
  "bag_usd": 0.000001,
  "xrp_usd": 2.2269,
  "bag_xrp": 4.49055e-7,
  "timestamp": "2025-11-27T21:24:35.879Z"
}
