{
  "bag_usd": 0.000001,
  "xrp_usd": 2.80508,
  "bag_xrp": 3.56496e-7,
  "timestamp": "2025-10-09T10:25:42.215Z"
}
