{
  "bag_usd": 0.000001,
  "xrp_usd": 2.41086,
  "bag_xrp": 4.1479e-7,
  "timestamp": "2025-10-12T12:36:41.052Z"
}
