{
  "bag_usd": 0.000001,
  "xrp_usd": 2.44085,
  "bag_xrp": 4.09693e-7,
  "timestamp": "2025-10-20T05:10:08.136Z"
}
