{
  "bag_usd": 0.000001,
  "xrp_usd": 3.0316,
  "bag_xrp": 3.29859e-7,
  "timestamp": "2025-10-06T15:46:23.308Z"
}
