{
  "bag_usd": 0.000001,
  "xrp_usd": 2.2697,
  "bag_xrp": 4.40587e-7,
  "timestamp": "2025-11-17T11:55:50.123Z"
}
