{
  "bag_usd": 0.000001,
  "xrp_usd": 2.18723,
  "bag_xrp": 4.57199e-7,
  "timestamp": "2025-11-19T03:37:17.737Z"
}
