{
  "bag_usd": 0.000001,
  "xrp_usd": 1.96595,
  "bag_xrp": 5.0866e-7,
  "timestamp": "2025-11-21T07:00:42.631Z"
}
