{
  "bag_usd": 0.000001,
  "xrp_usd": 2.9895,
  "bag_xrp": 3.34504e-7,
  "timestamp": "2025-10-06T09:38:52.585Z"
}
