{
  "bag_usd": 0.000001,
  "xrp_usd": 2.5012,
  "bag_xrp": 3.99808e-7,
  "timestamp": "2025-11-01T22:58:19.788Z"
}
