{
  "bag_usd": 0.000001,
  "xrp_usd": 2.16976,
  "bag_xrp": 4.6088e-7,
  "timestamp": "2025-11-26T15:34:33.002Z"
}
