{
  "bag_usd": 0.000001,
  "xrp_usd": 2.25875,
  "bag_xrp": 4.42723e-7,
  "timestamp": "2025-11-16T09:26:32.476Z"
}
