{
  "bag_usd": 0.000001,
  "xrp_usd": 2.58414,
  "bag_xrp": 3.86976e-7,
  "timestamp": "2025-10-30T07:23:51.469Z"
}
