{
  "bag_usd": 0.000001,
  "xrp_usd": 2.24008,
  "bag_xrp": 4.46413e-7,
  "timestamp": "2025-11-25T03:41:35.842Z"
}
