{
  "bag_usd": 0.000001,
  "xrp_usd": 2.61267,
  "bag_xrp": 3.8275e-7,
  "timestamp": "2025-10-27T09:48:42.048Z"
}
