{
  "bag_usd": 0.000001,
  "xrp_usd": 2.50184,
  "bag_xrp": 3.99706e-7,
  "timestamp": "2025-10-14T19:19:24.358Z"
}
