{
  "bag_usd": 0.000001,
  "xrp_usd": 2.27385,
  "bag_xrp": 4.39783e-7,
  "timestamp": "2025-11-14T21:51:46.189Z"
}
