{
  "bag_usd": 0.000001,
  "xrp_usd": 2.62227,
  "bag_xrp": 3.81349e-7,
  "timestamp": "2025-10-26T07:39:29.511Z"
}
