{
  "bag_usd": 0.000001,
  "xrp_usd": 2.61132,
  "bag_xrp": 3.82948e-7,
  "timestamp": "2025-10-26T04:59:59.149Z"
}
