{
  "bag_usd": 0.000001,
  "xrp_usd": 2.42665,
  "bag_xrp": 4.12091e-7,
  "timestamp": "2025-10-21T11:47:11.947Z"
}
