{
  "bag_usd": 0.000001,
  "xrp_usd": 2.50542,
  "bag_xrp": 3.99135e-7,
  "timestamp": "2025-11-13T08:51:08.924Z"
}
