{
  "bag_usd": 0.000001,
  "xrp_usd": 2.25549,
  "bag_xrp": 4.43363e-7,
  "timestamp": "2025-11-04T14:12:00.357Z"
}
