{
  "bag_usd": 0.000001,
  "xrp_usd": 2.52,
  "bag_xrp": 3.96825e-7,
  "timestamp": "2025-11-02T11:32:24.609Z"
}
