{
  "bag_usd": 0.000001,
  "xrp_usd": 2.27145,
  "bag_xrp": 4.40247e-7,
  "timestamp": "2025-11-17T10:51:47.932Z"
}
