{
  "bag_usd": 0.000001,
  "xrp_usd": 2.03424,
  "bag_xrp": 4.91584e-7,
  "timestamp": "2025-11-19T19:36:50.668Z"
}
