{
  "bag_usd": 0.000001,
  "xrp_usd": 2.21428,
  "bag_xrp": 4.51614e-7,
  "timestamp": "2025-11-16T19:58:34.946Z"
}
