{
  "bag_usd": 0.000001,
  "xrp_usd": 2.03447,
  "bag_xrp": 4.91529e-7,
  "timestamp": "2025-11-23T13:29:07.773Z"
}
