{
  "bag_usd": 0.000001,
  "xrp_usd": 2.62024,
  "bag_xrp": 3.81644e-7,
  "timestamp": "2025-10-26T08:17:09.596Z"
}
