{
  "bag_usd": 0.000001,
  "xrp_usd": 2.52622,
  "bag_xrp": 3.95848e-7,
  "timestamp": "2025-11-02T08:50:12.740Z"
}
