{
  "bag_usd": 0.000001,
  "xrp_usd": 2.54191,
  "bag_xrp": 3.93405e-7,
  "timestamp": "2025-11-02T11:55:59.599Z"
}
