{
  "bag_usd": 0.000001,
  "xrp_usd": 2.42426,
  "bag_xrp": 4.12497e-7,
  "timestamp": "2025-10-30T20:57:51.723Z"
}
