{
  "bag_usd": 0.000001,
  "xrp_usd": 2.41962,
  "bag_xrp": 4.13288e-7,
  "timestamp": "2025-11-12T10:19:57.675Z"
}
