{
  "bag_usd": 0.000001,
  "xrp_usd": 2.25419,
  "bag_xrp": 4.43618e-7,
  "timestamp": "2025-11-09T10:38:04.937Z"
}
