{
  "bag_usd": 0.000001,
  "xrp_usd": 2.58965,
  "bag_xrp": 3.86153e-7,
  "timestamp": "2025-10-14T01:55:16.152Z"
}
