{
  "bag_usd": 0.000001,
  "xrp_usd": 2.15161,
  "bag_xrp": 4.64768e-7,
  "timestamp": "2025-11-18T04:24:45.034Z"
}
