{
  "bag_usd": 0.000001,
  "xrp_usd": 2.084,
  "bag_xrp": 4.79846e-7,
  "timestamp": "2025-11-19T16:35:13.677Z"
}
