{
  "bag_usd": 0.000001,
  "xrp_usd": 1.91747,
  "bag_xrp": 5.21521e-7,
  "timestamp": "2025-11-22T14:32:38.117Z"
}
