{
  "bag_usd": 0.000001,
  "xrp_usd": 3.03999,
  "bag_xrp": 3.28948e-7,
  "timestamp": "2025-10-06T17:10:09.411Z"
}
