{
  "bag_usd": 0.000001,
  "xrp_usd": 2.52809,
  "bag_xrp": 3.95556e-7,
  "timestamp": "2025-10-31T19:38:02.536Z"
}
