{
  "bag_usd": 0.000001,
  "xrp_usd": 2.46027,
  "bag_xrp": 4.06459e-7,
  "timestamp": "2025-10-20T13:51:41.898Z"
}
