{
  "bag_usd": 0.000001,
  "xrp_usd": 2.37733,
  "bag_xrp": 4.2064e-7,
  "timestamp": "2025-10-22T18:56:53.150Z"
}
