{
  "bag_usd": 0.000001,
  "xrp_usd": 2.31659,
  "bag_xrp": 4.31669e-7,
  "timestamp": "2025-10-17T22:41:19.777Z"
}
