{
  "bag_usd": 0.000001,
  "xrp_usd": 2.40295,
  "bag_xrp": 4.16155e-7,
  "timestamp": "2025-10-19T20:27:24.565Z"
}
