{
  "bag_usd": 0.000001,
  "xrp_usd": 2.8219,
  "bag_xrp": 3.54371e-7,
  "timestamp": "2025-10-09T11:35:37.276Z"
}
