{
  "bag_usd": 0.000001,
  "xrp_usd": 2.28475,
  "bag_xrp": 4.37685e-7,
  "timestamp": "2025-11-15T05:20:10.376Z"
}
