{
  "bag_usd": 0.000001,
  "xrp_usd": 2.4725,
  "bag_xrp": 4.04449e-7,
  "timestamp": "2025-10-31T02:22:49.630Z"
}
