{
  "bag_usd": 0.000001,
  "xrp_usd": 2.48522,
  "bag_xrp": 4.02379e-7,
  "timestamp": "2025-10-24T14:19:15.675Z"
}
