{
  "bag_usd": 0.000001,
  "xrp_usd": 1.89474,
  "bag_xrp": 5.27777e-7,
  "timestamp": "2025-11-21T10:14:32.324Z"
}
