{
  "bag_usd": 0.000001,
  "xrp_usd": 2.48085,
  "bag_xrp": 4.03088e-7,
  "timestamp": "2025-10-24T15:51:43.444Z"
}
