{
  "bag_usd": 0.000001,
  "xrp_usd": 2.26315,
  "bag_xrp": 4.41862e-7,
  "timestamp": "2025-11-16T07:43:42.217Z"
}
