{
  "bag_usd": 0.000001,
  "xrp_usd": 2.63605,
  "bag_xrp": 3.79355e-7,
  "timestamp": "2025-10-28T00:49:06.344Z"
}
