{
  "bag_usd": 0.000001,
  "xrp_usd": 2.28944,
  "bag_xrp": 4.36788e-7,
  "timestamp": "2025-11-15T02:45:43.680Z"
}
