{
  "bag_usd": 0.000001,
  "xrp_usd": 2.24817,
  "bag_xrp": 4.44806e-7,
  "timestamp": "2025-11-15T17:21:57.063Z"
}
