{
  "bag_usd": 0.000001,
  "xrp_usd": 2.62993,
  "bag_xrp": 3.80238e-7,
  "timestamp": "2025-10-27T11:10:00.663Z"
}
