{
  "bag_usd": 0.000001,
  "xrp_usd": 2.53897,
  "bag_xrp": 3.93861e-7,
  "timestamp": "2025-10-12T17:40:33.873Z"
}
