{
  "bag_usd": 0.000001,
  "xrp_usd": 2.25654,
  "bag_xrp": 4.43156e-7,
  "timestamp": "2025-11-16T05:33:43.624Z"
}
