{
  "bag_usd": 0.000001,
  "xrp_usd": 2.82089,
  "bag_xrp": 3.54498e-7,
  "timestamp": "2025-10-10T10:57:04.864Z"
}
