{
  "bag_usd": 0.000001,
  "xrp_usd": 2.22179,
  "bag_xrp": 4.50088e-7,
  "timestamp": "2025-11-26T22:47:12.045Z"
}
