{
  "bag_usd": 0.000001,
  "xrp_usd": 2.81275,
  "bag_xrp": 3.55524e-7,
  "timestamp": "2025-10-10T10:45:06.377Z"
}
