{
  "bag_usd": 0.000001,
  "xrp_usd": 2.63177,
  "bag_xrp": 3.79972e-7,
  "timestamp": "2025-10-13T19:19:35.636Z"
}
