{
  "bag_usd": 0.000001,
  "xrp_usd": 2.50765,
  "bag_xrp": 3.9878e-7,
  "timestamp": "2025-10-31T23:19:03.273Z"
}
