{
  "bag_usd": 0.000001,
  "xrp_usd": 2.82601,
  "bag_xrp": 3.53856e-7,
  "timestamp": "2025-10-09T13:34:25.439Z"
}
