{
  "bag_usd": 0.000001,
  "xrp_usd": 2.19932,
  "bag_xrp": 4.54686e-7,
  "timestamp": "2025-11-27T15:38:42.412Z"
}
