{
  "bag_usd": 0.000001,
  "xrp_usd": 2.25587,
  "bag_xrp": 4.43288e-7,
  "timestamp": "2025-11-15T09:51:45.866Z"
}
