{
  "bag_usd": 0.000001,
  "xrp_usd": 2.25908,
  "bag_xrp": 4.42658e-7,
  "timestamp": "2025-11-14T13:40:46.235Z"
}
