{
  "bag_usd": 0.000001,
  "xrp_usd": 2.43226,
  "bag_xrp": 4.1114e-7,
  "timestamp": "2025-10-15T15:50:04.450Z"
}
