{
  "bag_usd": 0.000001,
  "xrp_usd": 2.63373,
  "bag_xrp": 3.7969e-7,
  "timestamp": "2025-10-27T22:46:49.981Z"
}
