{
  "bag_usd": 0.000001,
  "xrp_usd": 2.36173,
  "bag_xrp": 4.23418e-7,
  "timestamp": "2025-11-03T18:36:52.783Z"
}
