{
  "bag_usd": 0.000001,
  "xrp_usd": 2.18533,
  "bag_xrp": 4.57597e-7,
  "timestamp": "2025-11-28T03:59:54.287Z"
}
