{
  "bag_usd": 0.000001,
  "xrp_usd": 2.0578,
  "bag_xrp": 4.85956e-7,
  "timestamp": "2025-11-23T19:08:55.987Z"
}
