{
  "bag_usd": 0.000001,
  "xrp_usd": 2.4304,
  "bag_xrp": 4.11455e-7,
  "timestamp": "2025-11-11T17:56:40.605Z"
}
