{
  "bag_usd": 0.000001,
  "xrp_usd": 2.29322,
  "bag_xrp": 4.36068e-7,
  "timestamp": "2025-11-06T11:19:19.725Z"
}
