{
  "bag_usd": 0.000001,
  "xrp_usd": 2.39601,
  "bag_xrp": 4.17361e-7,
  "timestamp": "2025-10-16T14:30:04.617Z"
}
