{
  "bag_usd": 0.000001,
  "xrp_usd": 2.1888,
  "bag_xrp": 4.56871e-7,
  "timestamp": "2025-11-04T19:41:03.965Z"
}
