{
  "bag_usd": 0.000001,
  "xrp_usd": 2.18451,
  "bag_xrp": 4.57769e-7,
  "timestamp": "2025-11-28T23:39:32.978Z"
}
