{
  "bag_usd": 0.000001,
  "xrp_usd": 2.86654,
  "bag_xrp": 3.48853e-7,
  "timestamp": "2025-10-08T03:02:53.947Z"
}
