{
  "bag_usd": 0.000001,
  "xrp_usd": 2.51432,
  "bag_xrp": 3.97722e-7,
  "timestamp": "2025-10-15T02:18:36.415Z"
}
