{
  "bag_usd": 0.000001,
  "xrp_usd": 2.26939,
  "bag_xrp": 4.40647e-7,
  "timestamp": "2025-11-17T08:32:58.691Z"
}
