{
  "bag_usd": 0.000001,
  "xrp_usd": 2.19396,
  "bag_xrp": 4.55797e-7,
  "timestamp": "2025-11-25T17:27:31.182Z"
}
