{
  "bag_usd": 0.000001,
  "xrp_usd": 2.48353,
  "bag_xrp": 4.02653e-7,
  "timestamp": "2025-10-14T21:41:34.526Z"
}
