{
  "bag_usd": 0.000001,
  "xrp_usd": 2.50112,
  "bag_xrp": 3.99821e-7,
  "timestamp": "2025-10-31T13:35:41.937Z"
}
