{
  "bag_usd": 0.000001,
  "xrp_usd": 2.79891,
  "bag_xrp": 3.57282e-7,
  "timestamp": "2025-10-09T17:50:14.817Z"
}
