{
  "bag_usd": 0.000001,
  "xrp_usd": 2.51949,
  "bag_xrp": 3.96906e-7,
  "timestamp": "2025-10-12T23:21:15.156Z"
}
