{
  "bag_usd": 0.000001,
  "xrp_usd": 2.39699,
  "bag_xrp": 4.1719e-7,
  "timestamp": "2025-10-19T19:46:30.875Z"
}
