{
  "bag_usd": 0.000001,
  "xrp_usd": 2.50221,
  "bag_xrp": 3.99647e-7,
  "timestamp": "2025-10-21T17:52:14.266Z"
}
