{
  "bag_usd": 0.000001,
  "xrp_usd": 2.57094,
  "bag_xrp": 3.88963e-7,
  "timestamp": "2025-10-13T11:53:41.170Z"
}
