{
  "bag_usd": 0.000001,
  "xrp_usd": 2.27579,
  "bag_xrp": 4.39408e-7,
  "timestamp": "2025-11-03T20:51:34.145Z"
}
