{
  "bag_usd": 0.000001,
  "xrp_usd": 1.9664,
  "bag_xrp": 5.08544e-7,
  "timestamp": "2025-11-21T06:48:19.104Z"
}
