{
  "bag_usd": 0.000001,
  "xrp_usd": 2.81794,
  "bag_xrp": 3.54869e-7,
  "timestamp": "2025-10-09T07:39:27.548Z"
}
