{
  "bag_usd": 0.000001,
  "xrp_usd": 2.38314,
  "bag_xrp": 4.19614e-7,
  "timestamp": "2025-11-03T17:47:45.687Z"
}
