{
  "bag_usd": 0.000001,
  "xrp_usd": 2.99863,
  "bag_xrp": 3.33486e-7,
  "timestamp": "2025-10-06T11:52:24.787Z"
}
