{
  "bag_usd": 0.000001,
  "xrp_usd": 2.9764,
  "bag_xrp": 3.35976e-7,
  "timestamp": "2025-10-07T10:42:29.312Z"
}
