{
  "bag_usd": 0.000001,
  "xrp_usd": 2.57245,
  "bag_xrp": 3.88734e-7,
  "timestamp": "2025-10-30T06:56:17.175Z"
}
