{
  "bag_usd": 0.000001,
  "xrp_usd": 2.4142,
  "bag_xrp": 4.14216e-7,
  "timestamp": "2025-10-16T07:44:24.217Z"
}
