{
  "bag_usd": 0.000001,
  "xrp_usd": 2.06441,
  "bag_xrp": 4.844e-7,
  "timestamp": "2025-11-23T18:50:24.124Z"
}
