{
  "bag_usd": 0.000001,
  "xrp_usd": 2.27185,
  "bag_xrp": 4.4017e-7,
  "timestamp": "2025-11-16T10:38:12.667Z"
}
