{
  "bag_usd": 0.000001,
  "xrp_usd": 2.64457,
  "bag_xrp": 3.78133e-7,
  "timestamp": "2025-10-27T03:10:27.781Z"
}
