{
  "bag_usd": 0.000001,
  "xrp_usd": 2.05075,
  "bag_xrp": 4.87626e-7,
  "timestamp": "2025-11-23T15:25:00.658Z"
}
