{
  "bag_usd": 0.000001,
  "xrp_usd": 2.26563,
  "bag_xrp": 4.41378e-7,
  "timestamp": "2025-11-17T08:55:51.583Z"
}
