{
  "bag_usd": 0.000001,
  "xrp_usd": 2.45676,
  "bag_xrp": 4.0704e-7,
  "timestamp": "2025-10-30T16:54:20.500Z"
}
