{
  "bag_usd": 0.000001,
  "xrp_usd": 2.34572,
  "bag_xrp": 4.26308e-7,
  "timestamp": "2025-11-05T22:48:37.115Z"
}
