{
  "bag_usd": 0.000001,
  "xrp_usd": 1.94205,
  "bag_xrp": 5.1492e-7,
  "timestamp": "2025-11-21T23:30:49.149Z"
}
