{
  "bag_usd": 0.000001,
  "xrp_usd": 2.18097,
  "bag_xrp": 4.58512e-7,
  "timestamp": "2025-11-27T13:50:58.833Z"
}
