{
  "bag_usd": 0.000001,
  "xrp_usd": 2.27978,
  "bag_xrp": 4.38639e-7,
  "timestamp": "2025-11-08T13:54:39.942Z"
}
