{
  "bag_usd": 0.000001,
  "xrp_usd": 2.40129,
  "bag_xrp": 4.16443e-7,
  "timestamp": "2025-10-11T23:31:37.541Z"
}
