{
  "bag_usd": 0.000001,
  "xrp_usd": 2.2337,
  "bag_xrp": 4.47688e-7,
  "timestamp": "2025-11-18T19:32:29.801Z"
}
