{
  "bag_usd": 0.000001,
  "xrp_usd": 2.08799,
  "bag_xrp": 4.78929e-7,
  "timestamp": "2025-11-24T16:13:23.328Z"
}
