{
  "bag_usd": 0.000001,
  "xrp_usd": 2.3593,
  "bag_xrp": 4.23855e-7,
  "timestamp": "2025-10-18T17:47:01.094Z"
}
