{
  "bag_usd": 0.000001,
  "xrp_usd": 2.62949,
  "bag_xrp": 3.80302e-7,
  "timestamp": "2025-10-26T16:43:31.950Z"
}
