{
  "bag_usd": 0.000001,
  "xrp_usd": 2.25501,
  "bag_xrp": 4.43457e-7,
  "timestamp": "2025-11-14T20:46:26.753Z"
}
