{
  "bag_usd": 0.000001,
  "xrp_usd": 2.40953,
  "bag_xrp": 4.15019e-7,
  "timestamp": "2025-10-19T18:49:06.592Z"
}
