{
  "bag_usd": 0.000001,
  "xrp_usd": 2.63882,
  "bag_xrp": 3.78957e-7,
  "timestamp": "2025-10-27T20:37:07.703Z"
}
