{
  "bag_usd": 0.000001,
  "xrp_usd": 2.60731,
  "bag_xrp": 3.83537e-7,
  "timestamp": "2025-10-13T06:59:55.376Z"
}
