{
  "bag_usd": 0.000001,
  "xrp_usd": 2.62558,
  "bag_xrp": 3.80868e-7,
  "timestamp": "2025-10-28T04:45:15.197Z"
}
