{
  "bag_usd": 0.000001,
  "xrp_usd": 2.42545,
  "bag_xrp": 4.12295e-7,
  "timestamp": "2025-10-21T07:47:04.682Z"
}
