{
  "bag_usd": 0.000001,
  "xrp_usd": 2.6125,
  "bag_xrp": 3.82775e-7,
  "timestamp": "2025-10-25T19:50:33.056Z"
}
