{
  "bag_usd": 0.000001,
  "xrp_usd": 2.36635,
  "bag_xrp": 4.22592e-7,
  "timestamp": "2025-10-18T19:55:02.167Z"
}
