{
  "bag_usd": 0.000001,
  "xrp_usd": 2.80879,
  "bag_xrp": 3.56025e-7,
  "timestamp": "2025-10-10T07:55:51.315Z"
}
