{
  "bag_usd": 0.000001,
  "xrp_usd": 2.59785,
  "bag_xrp": 3.84934e-7,
  "timestamp": "2025-10-25T23:23:33.816Z"
}
