{
  "bag_usd": 0.000001,
  "xrp_usd": 2.47107,
  "bag_xrp": 4.04683e-7,
  "timestamp": "2025-10-31T07:50:59.079Z"
}
