{
  "bag_usd": 0.000001,
  "xrp_usd": 2.3149,
  "bag_xrp": 4.31984e-7,
  "timestamp": "2025-11-09T16:27:09.076Z"
}
