{
  "bag_usd": 0.000001,
  "xrp_usd": 2.28045,
  "bag_xrp": 4.3851e-7,
  "timestamp": "2025-11-09T08:40:44.464Z"
}
