{
  "bag_usd": 0.000001,
  "xrp_usd": 2.50357,
  "bag_xrp": 3.9943e-7,
  "timestamp": "2025-11-02T21:29:44.036Z"
}
