{
  "bag_usd": 0.000001,
  "xrp_usd": 2.13531,
  "bag_xrp": 4.68316e-7,
  "timestamp": "2025-11-19T09:53:35.000Z"
}
