{
  "bag_usd": 0.000001,
  "xrp_usd": 2.3786,
  "bag_xrp": 4.20415e-7,
  "timestamp": "2025-10-12T05:52:12.273Z"
}
