{
  "bag_usd": 0.000001,
  "xrp_usd": 2.4342,
  "bag_xrp": 4.10813e-7,
  "timestamp": "2025-10-11T14:28:38.401Z"
}
