{
  "bag_usd": 0.000001,
  "xrp_usd": 2.30988,
  "bag_xrp": 4.32923e-7,
  "timestamp": "2025-11-03T21:55:30.110Z"
}
