{
  "bag_usd": 0.000001,
  "xrp_usd": 1.9182,
  "bag_xrp": 5.21322e-7,
  "timestamp": "2025-11-22T09:11:01.403Z"
}
