{
  "bag_usd": 0.000001,
  "xrp_usd": 2.19333,
  "bag_xrp": 4.55928e-7,
  "timestamp": "2025-11-28T11:51:03.648Z"
}
