{
  "bag_usd": 0.000001,
  "xrp_usd": 2.18675,
  "bag_xrp": 4.573e-7,
  "timestamp": "2025-11-18T11:44:28.733Z"
}
