{
  "bag_usd": 0.000001,
  "xrp_usd": 2.801,
  "bag_xrp": 3.57015e-7,
  "timestamp": "2025-10-09T21:56:10.145Z"
}
