{
  "bag_usd": 0.000001,
  "xrp_usd": 2.59645,
  "bag_xrp": 3.85141e-7,
  "timestamp": "2025-10-25T13:55:29.488Z"
}
