{
  "bag_usd": 0.000001,
  "xrp_usd": 2.18927,
  "bag_xrp": 4.56773e-7,
  "timestamp": "2025-11-18T10:34:09.022Z"
}
