{
  "bag_usd": 0.000001,
  "xrp_usd": 2.29314,
  "bag_xrp": 4.36083e-7,
  "timestamp": "2025-11-14T09:01:00.132Z"
}
