{
  "bag_usd": 0.000001,
  "xrp_usd": 2.64501,
  "bag_xrp": 3.7807e-7,
  "timestamp": "2025-10-28T11:26:54.237Z"
}
