{
  "bag_usd": 0.000001,
  "xrp_usd": 2.59511,
  "bag_xrp": 3.8534e-7,
  "timestamp": "2025-10-25T16:35:16.731Z"
}
