{
  "bag_usd": 0.000001,
  "xrp_usd": 2.82615,
  "bag_xrp": 3.53838e-7,
  "timestamp": "2025-10-10T05:54:32.682Z"
}
