{
  "bag_usd": 0.000001,
  "xrp_usd": 1.9241,
  "bag_xrp": 5.19724e-7,
  "timestamp": "2025-11-22T20:45:22.216Z"
}
