{
  "bag_usd": 0.000001,
  "xrp_usd": 2.44851,
  "bag_xrp": 4.08412e-7,
  "timestamp": "2025-10-24T10:26:58.667Z"
}
