{
  "bag_usd": 0.000001,
  "xrp_usd": 2.47802,
  "bag_xrp": 4.03548e-7,
  "timestamp": "2025-10-30T13:55:01.099Z"
}
