{
  "bag_usd": 0.000001,
  "xrp_usd": 2.91085,
  "bag_xrp": 3.43542e-7,
  "timestamp": "2025-10-08T20:17:57.844Z"
}
