{
  "bag_usd": 0.000001,
  "xrp_usd": 2.42676,
  "bag_xrp": 4.12072e-7,
  "timestamp": "2025-11-11T17:44:31.742Z"
}
