{
  "bag_usd": 0.000001,
  "xrp_usd": 2.62984,
  "bag_xrp": 3.80251e-7,
  "timestamp": "2025-10-26T10:47:39.408Z"
}
