{
  "bag_usd": 0.000001,
  "xrp_usd": 2.47345,
  "bag_xrp": 4.04294e-7,
  "timestamp": "2025-10-20T07:24:12.495Z"
}
