{
  "bag_usd": 0.000001,
  "xrp_usd": 2.28529,
  "bag_xrp": 4.37581e-7,
  "timestamp": "2025-11-08T21:36:45.762Z"
}
