{
  "bag_usd": 0.000001,
  "xrp_usd": 2.28202,
  "bag_xrp": 4.38208e-7,
  "timestamp": "2025-11-08T23:15:41.727Z"
}
