{
  "bag_usd": 0.000001,
  "xrp_usd": 2.25213,
  "bag_xrp": 4.44024e-7,
  "timestamp": "2025-11-15T19:48:13.971Z"
}
