{
  "bag_usd": 0.000001,
  "xrp_usd": 1.95191,
  "bag_xrp": 5.12319e-7,
  "timestamp": "2025-11-22T07:59:48.306Z"
}
