{
  "bag_usd": 0.000001,
  "xrp_usd": 2.33878,
  "bag_xrp": 4.27573e-7,
  "timestamp": "2025-11-07T21:46:10.947Z"
}
