{
  "bag_usd": 0.000001,
  "xrp_usd": 2.0762,
  "bag_xrp": 4.81649e-7,
  "timestamp": "2025-11-23T19:39:09.434Z"
}
