{
  "bag_usd": 0.000001,
  "xrp_usd": 2.38845,
  "bag_xrp": 4.18682e-7,
  "timestamp": "2025-10-23T05:46:40.953Z"
}
