{
  "bag_usd": 0.000001,
  "xrp_usd": 2.51455,
  "bag_xrp": 3.97685e-7,
  "timestamp": "2025-11-01T03:59:29.224Z"
}
