{
  "bag_usd": 0.000001,
  "xrp_usd": 2.59655,
  "bag_xrp": 3.85126e-7,
  "timestamp": "2025-10-29T22:53:05.128Z"
}
