{
  "bag_usd": 0.000001,
  "xrp_usd": 2.20729,
  "bag_xrp": 4.53044e-7,
  "timestamp": "2025-11-16T19:21:08.900Z"
}
