{
  "bag_usd": 0.000001,
  "xrp_usd": 2.86467,
  "bag_xrp": 3.4908e-7,
  "timestamp": "2025-10-08T13:48:55.689Z"
}
