{
  "bag_usd": 0.000001,
  "xrp_usd": 2.9968,
  "bag_xrp": 3.33689e-7,
  "timestamp": "2025-10-06T06:35:57.314Z"
}
