{
  "bag_usd": 0.000001,
  "xrp_usd": 2.39514,
  "bag_xrp": 4.17512e-7,
  "timestamp": "2025-10-23T11:37:19.437Z"
}
