{
  "bag_usd": 0.000001,
  "xrp_usd": 2.55017,
  "bag_xrp": 3.92131e-7,
  "timestamp": "2025-11-10T14:29:39.343Z"
}
