{
  "bag_usd": 0.000001,
  "xrp_usd": 2.31019,
  "bag_xrp": 4.32865e-7,
  "timestamp": "2025-10-16T19:39:50.560Z"
}
