{
  "bag_usd": 0.000001,
  "xrp_usd": 2.83705,
  "bag_xrp": 3.52479e-7,
  "timestamp": "2025-10-09T03:04:58.173Z"
}
