{
  "bag_usd": 0.000001,
  "xrp_usd": 1.90655,
  "bag_xrp": 5.24508e-7,
  "timestamp": "2025-11-22T11:24:12.239Z"
}
