{
  "bag_usd": 0.000001,
  "xrp_usd": 2.34935,
  "bag_xrp": 4.2565e-7,
  "timestamp": "2025-11-12T18:43:59.646Z"
}
