{
  "bag_usd": 0.000001,
  "xrp_usd": 2.1909,
  "bag_xrp": 4.56433e-7,
  "timestamp": "2025-11-27T11:43:35.806Z"
}
