{
  "bag_usd": 0.000001,
  "xrp_usd": 2.25795,
  "bag_xrp": 4.4288e-7,
  "timestamp": "2025-11-09T04:13:38.756Z"
}
