{
  "bag_usd": 0.000001,
  "xrp_usd": 2.04637,
  "bag_xrp": 4.8867e-7,
  "timestamp": "2025-11-23T05:27:15.390Z"
}
