{
  "bag_usd": 0.000001,
  "xrp_usd": 2.50815,
  "bag_xrp": 3.987e-7,
  "timestamp": "2025-10-31T19:24:35.862Z"
}
