{
  "bag_usd": 0.000001,
  "xrp_usd": 2.64536,
  "bag_xrp": 3.7802e-7,
  "timestamp": "2025-10-26T13:47:04.306Z"
}
