{
  "bag_usd": 0.000001,
  "xrp_usd": 2.49841,
  "bag_xrp": 4.00255e-7,
  "timestamp": "2025-11-01T12:36:36.357Z"
}
