{
  "bag_usd": 0.000001,
  "xrp_usd": 2.87558,
  "bag_xrp": 3.47756e-7,
  "timestamp": "2025-10-08T11:47:09.968Z"
}
