{
  "bag_usd": 0.000001,
  "xrp_usd": 2.44994,
  "bag_xrp": 4.08173e-7,
  "timestamp": "2025-11-11T14:40:07.866Z"
}
