{
  "bag_usd": 0.000001,
  "xrp_usd": 2.1353,
  "bag_xrp": 4.68318e-7,
  "timestamp": "2025-11-18T07:24:37.109Z"
}
