{
  "bag_usd": 0.000001,
  "xrp_usd": 2.09476,
  "bag_xrp": 4.77382e-7,
  "timestamp": "2025-11-20T15:45:27.445Z"
}
