{
  "bag_usd": 0.000001,
  "xrp_usd": 2.36401,
  "bag_xrp": 4.2301e-7,
  "timestamp": "2025-10-16T09:39:56.965Z"
}
