{
  "bag_usd": 0.000001,
  "xrp_usd": 2.32294,
  "bag_xrp": 4.30489e-7,
  "timestamp": "2025-11-07T17:31:21.453Z"
}
