{
  "bag_usd": 0.000001,
  "xrp_usd": 2.53976,
  "bag_xrp": 3.93738e-7,
  "timestamp": "2025-11-10T10:50:03.362Z"
}
