{
  "bag_usd": 0.000001,
  "xrp_usd": 2.60098,
  "bag_xrp": 3.8447e-7,
  "timestamp": "2025-10-26T03:49:55.868Z"
}
