{
  "bag_usd": 0.000001,
  "xrp_usd": 2.32001,
  "bag_xrp": 4.31033e-7,
  "timestamp": "2025-10-18T04:50:38.295Z"
}
