{
  "bag_usd": 0.000001,
  "xrp_usd": 2.44463,
  "bag_xrp": 4.0906e-7,
  "timestamp": "2025-10-21T22:55:36.763Z"
}
