{
  "bag_usd": 0.000001,
  "xrp_usd": 2.39594,
  "bag_xrp": 4.17373e-7,
  "timestamp": "2025-10-23T05:58:32.809Z"
}
