{
  "bag_usd": 0.000001,
  "xrp_usd": 2.61017,
  "bag_xrp": 3.83117e-7,
  "timestamp": "2025-10-13T23:44:49.385Z"
}
