{
  "bag_usd": 0.000001,
  "xrp_usd": 2.35078,
  "bag_xrp": 4.25391e-7,
  "timestamp": "2025-11-12T20:49:18.717Z"
}
