{
  "bag_usd": 0.000001,
  "xrp_usd": 2.21255,
  "bag_xrp": 4.51967e-7,
  "timestamp": "2025-11-18T23:38:44.805Z"
}
