{
  "bag_usd": 0.000001,
  "xrp_usd": 1.89645,
  "bag_xrp": 5.27301e-7,
  "timestamp": "2025-11-21T12:41:29.805Z"
}
