{
  "bag_usd": 0.000001,
  "xrp_usd": 2.18303,
  "bag_xrp": 4.58079e-7,
  "timestamp": "2025-11-06T20:52:56.347Z"
}
