{
  "bag_usd": 0.000001,
  "xrp_usd": 2.45445,
  "bag_xrp": 4.07423e-7,
  "timestamp": "2025-10-20T14:14:14.608Z"
}
