{
  "bag_usd": 0.000001,
  "xrp_usd": 2.4996,
  "bag_xrp": 4.00064e-7,
  "timestamp": "2025-10-24T19:35:16.269Z"
}
