{
  "bag_usd": 0.000001,
  "xrp_usd": 2.40859,
  "bag_xrp": 4.15181e-7,
  "timestamp": "2025-11-11T21:14:04.051Z"
}
