{
  "bag_usd": 0.000001,
  "xrp_usd": 2.22285,
  "bag_xrp": 4.49873e-7,
  "timestamp": "2025-11-17T15:23:07.721Z"
}
