{
  "bag_usd": 0.000001,
  "xrp_usd": 2.28772,
  "bag_xrp": 4.37116e-7,
  "timestamp": "2025-11-03T21:13:34.957Z"
}
