{
  "bag_usd": 0.000001,
  "xrp_usd": 2.79354,
  "bag_xrp": 3.57969e-7,
  "timestamp": "2025-10-09T17:37:43.556Z"
}
