{
  "bag_usd": 0.000001,
  "xrp_usd": 2.4756,
  "bag_xrp": 4.03942e-7,
  "timestamp": "2025-10-24T16:57:19.291Z"
}
