{
  "bag_usd": 0.000001,
  "xrp_usd": 2.41262,
  "bag_xrp": 4.14487e-7,
  "timestamp": "2025-10-16T05:26:06.501Z"
}
