{
  "bag_usd": 0.000001,
  "xrp_usd": 2.44729,
  "bag_xrp": 4.08615e-7,
  "timestamp": "2025-10-14T14:58:32.566Z"
}
