{
  "bag_usd": 0.000001,
  "xrp_usd": 2.30865,
  "bag_xrp": 4.33154e-7,
  "timestamp": "2025-11-06T09:12:23.923Z"
}
