{
  "bag_usd": 0.000001,
  "xrp_usd": 2.81669,
  "bag_xrp": 3.55027e-7,
  "timestamp": "2025-10-10T14:56:48.060Z"
}
