{
  "bag_usd": 0.000001,
  "xrp_usd": 2.21353,
  "bag_xrp": 4.51767e-7,
  "timestamp": "2025-11-28T14:40:25.581Z"
}
