{
  "bag_usd": 0.000001,
  "xrp_usd": 2.54745,
  "bag_xrp": 3.92549e-7,
  "timestamp": "2025-11-10T18:45:38.709Z"
}
