{
  "bag_usd": 0.000001,
  "xrp_usd": 2.345,
  "bag_xrp": 4.26439e-7,
  "timestamp": "2025-11-03T15:46:15.625Z"
}
