{
  "bag_usd": 0.000001,
  "xrp_usd": 2.87142,
  "bag_xrp": 3.4826e-7,
  "timestamp": "2025-10-08T16:32:21.080Z"
}
