{
  "bag_usd": 0.000001,
  "xrp_usd": 2.2046,
  "bag_xrp": 4.53597e-7,
  "timestamp": "2025-11-25T23:33:38.627Z"
}
