{
  "bag_usd": 0.000001,
  "xrp_usd": 2.3838,
  "bag_xrp": 4.19498e-7,
  "timestamp": "2025-10-22T10:59:50.144Z"
}
