{
  "bag_usd": 0.000001,
  "xrp_usd": 2.5666,
  "bag_xrp": 3.89621e-7,
  "timestamp": "2025-10-13T14:27:17.611Z"
}
