{
  "bag_usd": 0.000001,
  "xrp_usd": 2.33589,
  "bag_xrp": 4.28102e-7,
  "timestamp": "2025-10-18T05:56:18.863Z"
}
