{
  "bag_usd": 0.000001,
  "xrp_usd": 2.478,
  "bag_xrp": 4.03551e-7,
  "timestamp": "2025-10-31T07:38:42.080Z"
}
