{
  "bag_usd": 0.000001,
  "xrp_usd": 2.61947,
  "bag_xrp": 3.81757e-7,
  "timestamp": "2025-10-26T21:17:39.444Z"
}
