{
  "bag_usd": 0.000001,
  "xrp_usd": 2.39481,
  "bag_xrp": 4.1757e-7,
  "timestamp": "2025-10-19T21:41:01.002Z"
}
