{
  "bag_usd": 0.000001,
  "xrp_usd": 2.13655,
  "bag_xrp": 4.68044e-7,
  "timestamp": "2025-11-20T05:30:33.722Z"
}
