{
  "bag_usd": 0.000001,
  "xrp_usd": 2.40578,
  "bag_xrp": 4.15666e-7,
  "timestamp": "2025-10-15T21:29:41.210Z"
}
