{
  "bag_usd": 0.000001,
  "xrp_usd": 2.16418,
  "bag_xrp": 4.62069e-7,
  "timestamp": "2025-11-07T13:03:03.817Z"
}
