{
  "bag_usd": 0.000001,
  "xrp_usd": 2.2038,
  "bag_xrp": 4.53762e-7,
  "timestamp": "2025-11-07T14:49:33.617Z"
}
