{
  "bag_usd": 0.000001,
  "xrp_usd": 2.38689,
  "bag_xrp": 4.18955e-7,
  "timestamp": "2025-10-22T09:55:59.010Z"
}
