{
  "bag_usd": 0.000001,
  "xrp_usd": 2.82406,
  "bag_xrp": 3.541e-7,
  "timestamp": "2025-10-09T06:58:38.768Z"
}
