{
  "bag_usd": 0.000001,
  "xrp_usd": 2.5474,
  "bag_xrp": 3.92557e-7,
  "timestamp": "2025-10-13T05:49:46.504Z"
}
