{
  "bag_usd": 0.000001,
  "xrp_usd": 2.54,
  "bag_xrp": 3.93701e-7,
  "timestamp": "2025-10-25T07:09:08.575Z"
}
