{
  "bag_usd": 0.000001,
  "xrp_usd": 2.35618,
  "bag_xrp": 4.24416e-7,
  "timestamp": "2025-11-09T23:30:55.437Z"
}
