{
  "bag_usd": 0.000001,
  "xrp_usd": 2.32535,
  "bag_xrp": 4.30043e-7,
  "timestamp": "2025-11-13T19:51:05.590Z"
}
