{
  "bag_usd": 0.000001,
  "xrp_usd": 2.2704,
  "bag_xrp": 4.40451e-7,
  "timestamp": "2025-11-14T13:52:58.009Z"
}
