{
  "bag_usd": 0.000001,
  "xrp_usd": 2.37396,
  "bag_xrp": 4.21237e-7,
  "timestamp": "2025-10-22T20:42:42.726Z"
}
