{
  "bag_usd": 0.000001,
  "xrp_usd": 2.18305,
  "bag_xrp": 4.58075e-7,
  "timestamp": "2025-11-29T07:36:16.541Z"
}
