{
  "bag_usd": 0.000001,
  "xrp_usd": 2.39305,
  "bag_xrp": 4.17877e-7,
  "timestamp": "2025-10-22T09:24:22.258Z"
}
