{
  "bag_usd": 0.000001,
  "xrp_usd": 1.89607,
  "bag_xrp": 5.27407e-7,
  "timestamp": "2025-11-21T11:30:27.051Z"
}
