{
  "bag_usd": 0.000001,
  "xrp_usd": 2.41085,
  "bag_xrp": 4.14791e-7,
  "timestamp": "2025-11-12T08:53:38.669Z"
}
