{
  "bag_usd": 0.000001,
  "xrp_usd": 2.10437,
  "bag_xrp": 4.75202e-7,
  "timestamp": "2025-11-19T14:25:56.765Z"
}
