{
  "bag_usd": 0.000001,
  "xrp_usd": 2.18468,
  "bag_xrp": 4.57733e-7,
  "timestamp": "2025-11-07T10:59:32.973Z"
}
