{
  "bag_usd": 0.000001,
  "xrp_usd": 2.4729,
  "bag_xrp": 4.04384e-7,
  "timestamp": "2025-10-24T14:54:03.852Z"
}
