{
  "bag_usd": 0.000001,
  "xrp_usd": 2.03384,
  "bag_xrp": 4.91681e-7,
  "timestamp": "2025-11-19T20:28:23.013Z"
}
