{
  "bag_usd": 0.000001,
  "xrp_usd": 2.84232,
  "bag_xrp": 3.51825e-7,
  "timestamp": "2025-10-09T03:39:24.062Z"
}
