{
  "bag_usd": 0.000001,
  "xrp_usd": 2.19232,
  "bag_xrp": 4.56138e-7,
  "timestamp": "2025-11-25T10:22:16.397Z"
}
