{
  "bag_usd": 0.000001,
  "xrp_usd": 2.98938,
  "bag_xrp": 3.34518e-7,
  "timestamp": "2025-10-07T03:44:55.518Z"
}
