{
  "bag_usd": 0.000001,
  "xrp_usd": 2.21384,
  "bag_xrp": 4.51704e-7,
  "timestamp": "2025-10-17T08:49:55.472Z"
}
