{
  "bag_usd": 0.000001,
  "xrp_usd": 2.4041,
  "bag_xrp": 4.15956e-7,
  "timestamp": "2025-10-24T03:40:33.431Z"
}
