{
  "bag_usd": 0.000001,
  "xrp_usd": 2.20286,
  "bag_xrp": 4.53955e-7,
  "timestamp": "2025-11-29T14:47:29.892Z"
}
