{
  "bag_usd": 0.000001,
  "xrp_usd": 2.40687,
  "bag_xrp": 4.15477e-7,
  "timestamp": "2025-11-03T12:49:41.255Z"
}
