{
  "bag_usd": 0.000001,
  "xrp_usd": 2.51217,
  "bag_xrp": 3.98062e-7,
  "timestamp": "2025-10-24T20:56:56.734Z"
}
