{
  "bag_usd": 0.000001,
  "xrp_usd": 2.49536,
  "bag_xrp": 4.00744e-7,
  "timestamp": "2025-11-01T22:35:03.168Z"
}
