{
  "bag_usd": 0.000001,
  "xrp_usd": 2.23608,
  "bag_xrp": 4.47211e-7,
  "timestamp": "2025-11-15T23:19:47.133Z"
}
