{
  "bag_usd": 0.000001,
  "xrp_usd": 2.99483,
  "bag_xrp": 3.33909e-7,
  "timestamp": "2025-10-06T23:13:39.331Z"
}
