{
  "bag_usd": 0.000001,
  "xrp_usd": 2.38111,
  "bag_xrp": 4.19972e-7,
  "timestamp": "2025-10-22T17:59:21.325Z"
}
