{
  "bag_usd": 0.000001,
  "xrp_usd": 2.48435,
  "bag_xrp": 4.0252e-7,
  "timestamp": "2025-11-01T14:45:33.805Z"
}
