{
  "bag_usd": 0.000001,
  "xrp_usd": 2.37212,
  "bag_xrp": 4.21564e-7,
  "timestamp": "2025-10-12T09:09:50.165Z"
}
