{
  "bag_usd": 0.000001,
  "xrp_usd": 2.48312,
  "bag_xrp": 4.02719e-7,
  "timestamp": "2025-10-15T06:31:24.568Z"
}
