{
  "bag_usd": 0.000001,
  "xrp_usd": 2.15915,
  "bag_xrp": 4.63145e-7,
  "timestamp": "2025-11-18T07:40:57.834Z"
}
