{
  "bag_usd": 0.000001,
  "xrp_usd": 2.47314,
  "bag_xrp": 4.04344e-7,
  "timestamp": "2025-10-14T06:54:36.744Z"
}
