{
  "bag_usd": 0.000001,
  "xrp_usd": 2.23873,
  "bag_xrp": 4.46682e-7,
  "timestamp": "2025-11-24T22:56:15.875Z"
}
