{
  "bag_usd": 0.000001,
  "xrp_usd": 2.06585,
  "bag_xrp": 4.84062e-7,
  "timestamp": "2025-11-23T04:57:10.254Z"
}
