{
  "bag_usd": 0.000001,
  "xrp_usd": 2.2487,
  "bag_xrp": 4.44701e-7,
  "timestamp": "2025-11-05T14:39:08.969Z"
}
