{
  "bag_usd": 0.000001,
  "xrp_usd": 2.49861,
  "bag_xrp": 4.00223e-7,
  "timestamp": "2025-10-15T04:58:14.953Z"
}
