{
  "bag_usd": 0.000001,
  "xrp_usd": 2.22885,
  "bag_xrp": 4.48662e-7,
  "timestamp": "2025-11-07T08:27:48.922Z"
}
