{
  "bag_usd": 0.000001,
  "xrp_usd": 2.35779,
  "bag_xrp": 4.24126e-7,
  "timestamp": "2025-10-17T04:32:14.173Z"
}
