{
  "bag_usd": 0.000001,
  "xrp_usd": 2.37775,
  "bag_xrp": 4.20566e-7,
  "timestamp": "2025-11-12T07:54:32.284Z"
}
