{
  "bag_usd": 0.000001,
  "xrp_usd": 2.25678,
  "bag_xrp": 4.43109e-7,
  "timestamp": "2025-11-16T08:47:16.981Z"
}
