{
  "bag_usd": 0.000001,
  "xrp_usd": 2.1793,
  "bag_xrp": 4.58863e-7,
  "timestamp": "2025-11-16T18:48:32.405Z"
}
