{
  "bag_usd": 0.000001,
  "xrp_usd": 2.17511,
  "bag_xrp": 4.59747e-7,
  "timestamp": "2025-11-07T14:35:26.959Z"
}
