{
  "bag_usd": 0.000001,
  "xrp_usd": 2.3268,
  "bag_xrp": 4.29775e-7,
  "timestamp": "2025-11-13T22:51:28.903Z"
}
