{
  "bag_usd": 0.000001,
  "xrp_usd": 2.25799,
  "bag_xrp": 4.42872e-7,
  "timestamp": "2025-11-09T04:50:31.849Z"
}
