{
  "bag_usd": 0.000001,
  "xrp_usd": 2.57396,
  "bag_xrp": 3.88506e-7,
  "timestamp": "2025-10-12T20:55:02.055Z"
}
