{
  "bag_usd": 0.000001,
  "xrp_usd": 2.5222,
  "bag_xrp": 3.96479e-7,
  "timestamp": "2025-10-12T17:52:46.070Z"
}
