{
  "bag_usd": 0.000001,
  "xrp_usd": 2.96755,
  "bag_xrp": 3.36978e-7,
  "timestamp": "2025-10-07T07:26:01.301Z"
}
