{
  "bag_usd": 0.000001,
  "xrp_usd": 1.93429,
  "bag_xrp": 5.16986e-7,
  "timestamp": "2025-11-21T15:15:41.889Z"
}
