{
  "bag_usd": 0.000001,
  "xrp_usd": 2.41495,
  "bag_xrp": 4.14087e-7,
  "timestamp": "2025-10-23T08:44:46.714Z"
}
