{
  "bag_usd": 0.000001,
  "xrp_usd": 2.64007,
  "bag_xrp": 3.78778e-7,
  "timestamp": "2025-10-25T19:10:59.103Z"
}
