{
  "bag_usd": 0.000001,
  "xrp_usd": 2.49708,
  "bag_xrp": 4.00468e-7,
  "timestamp": "2025-10-31T17:41:12.448Z"
}
