{
  "bag_usd": 0.000001,
  "xrp_usd": 1.98085,
  "bag_xrp": 5.04834e-7,
  "timestamp": "2025-11-21T03:36:02.314Z"
}
