{
  "bag_usd": 0.000001,
  "xrp_usd": 2.34251,
  "bag_xrp": 4.26893e-7,
  "timestamp": "2025-10-12T03:51:07.066Z"
}
