{
  "bag_usd": 0.000001,
  "xrp_usd": 2.48401,
  "bag_xrp": 4.02575e-7,
  "timestamp": "2025-10-11T17:22:06.020Z"
}
