{
  "bag_usd": 0.000001,
  "xrp_usd": 2.44,
  "bag_xrp": 4.09836e-7,
  "timestamp": "2025-10-20T04:00:59.807Z"
}
