{
  "bag_usd": 0.000001,
  "xrp_usd": 2.41501,
  "bag_xrp": 4.14077e-7,
  "timestamp": "2025-11-03T13:47:07.469Z"
}
