{
  "bag_usd": 0.000001,
  "xrp_usd": 2.42245,
  "bag_xrp": 4.12805e-7,
  "timestamp": "2025-10-30T18:59:08.552Z"
}
