{
  "bag_usd": 0.000001,
  "xrp_usd": 2.49929,
  "bag_xrp": 4.00114e-7,
  "timestamp": "2025-10-15T05:54:35.030Z"
}
