{
  "bag_usd": 0.000001,
  "xrp_usd": 2.39155,
  "bag_xrp": 4.18139e-7,
  "timestamp": "2025-10-12T06:42:33.564Z"
}
