{
  "bag_usd": 0.000001,
  "xrp_usd": 2.2411,
  "bag_xrp": 4.46209e-7,
  "timestamp": "2025-11-04T17:35:30.931Z"
}
