{
  "bag_usd": 0.000001,
  "xrp_usd": 2.34162,
  "bag_xrp": 4.27055e-7,
  "timestamp": "2025-11-13T19:25:16.975Z"
}
