{
  "bag_usd": 0.000001,
  "xrp_usd": 2.51655,
  "bag_xrp": 3.97369e-7,
  "timestamp": "2025-11-10T21:56:10.793Z"
}
