{
  "bag_usd": 0.000001,
  "xrp_usd": 2.50233,
  "bag_xrp": 3.99628e-7,
  "timestamp": "2025-10-14T22:17:32.318Z"
}
