{
  "bag_usd": 0.000001,
  "xrp_usd": 2.42413,
  "bag_xrp": 4.12519e-7,
  "timestamp": "2025-10-21T04:47:02.161Z"
}
