{
  "bag_usd": 0.000001,
  "xrp_usd": 2.02916,
  "bag_xrp": 4.92815e-7,
  "timestamp": "2025-11-23T08:46:43.124Z"
}
