{
  "bag_usd": 0.000001,
  "xrp_usd": 2.62073,
  "bag_xrp": 3.81573e-7,
  "timestamp": "2025-10-26T06:29:22.064Z"
}
