{
  "bag_usd": 0.000001,
  "xrp_usd": 2.1802,
  "bag_xrp": 4.58674e-7,
  "timestamp": "2025-11-29T09:16:56.903Z"
}
