{
  "bag_usd": 0.000001,
  "xrp_usd": 2.52355,
  "bag_xrp": 3.96267e-7,
  "timestamp": "2025-10-14T17:23:48.330Z"
}
