{
  "bag_usd": 0.000001,
  "xrp_usd": 2.66697,
  "bag_xrp": 3.74957e-7,
  "timestamp": "2025-10-28T13:56:29.506Z"
}
