{
  "bag_usd": 0.000001,
  "xrp_usd": 2.47934,
  "bag_xrp": 4.03333e-7,
  "timestamp": "2025-11-11T05:57:48.122Z"
}
