{
  "bag_usd": 0.000001,
  "xrp_usd": 2.59746,
  "bag_xrp": 3.84991e-7,
  "timestamp": "2025-10-13T13:44:28.878Z"
}
