{
  "bag_usd": 0.000001,
  "xrp_usd": 2.29065,
  "bag_xrp": 4.36557e-7,
  "timestamp": "2025-11-03T22:22:52.692Z"
}
