{
  "bag_usd": 0.000001,
  "xrp_usd": 2.24732,
  "bag_xrp": 4.44974e-7,
  "timestamp": "2025-11-15T16:58:25.678Z"
}
