{
  "bag_usd": 0.000001,
  "xrp_usd": 2.20061,
  "bag_xrp": 4.54419e-7,
  "timestamp": "2025-11-25T14:12:28.107Z"
}
