{
  "bag_usd": 0.000001,
  "xrp_usd": 2.4544,
  "bag_xrp": 4.07432e-7,
  "timestamp": "2025-10-30T15:57:44.652Z"
}
