{
  "bag_usd": 0.000001,
  "xrp_usd": 2.19467,
  "bag_xrp": 4.55649e-7,
  "timestamp": "2025-11-25T20:32:52.182Z"
}
