{
  "bag_usd": 0.000001,
  "xrp_usd": 2.43032,
  "bag_xrp": 4.11468e-7,
  "timestamp": "2025-10-10T23:40:12.728Z"
}
