{
  "bag_usd": 0.000001,
  "xrp_usd": 2.17063,
  "bag_xrp": 4.60696e-7,
  "timestamp": "2025-11-28T18:56:50.262Z"
}
