{
  "bag_usd": 0.000001,
  "xrp_usd": 2.435,
  "bag_xrp": 4.10678e-7,
  "timestamp": "2025-11-12T13:08:40.929Z"
}
