{
  "bag_usd": 0.000001,
  "xrp_usd": 2.51795,
  "bag_xrp": 3.97148e-7,
  "timestamp": "2025-11-02T23:22:56.888Z"
}
