{
  "bag_usd": 0.000001,
  "xrp_usd": 2.24374,
  "bag_xrp": 4.45684e-7,
  "timestamp": "2025-11-16T12:20:32.402Z"
}
