{
  "bag_usd": 0.000001,
  "xrp_usd": 2.43685,
  "bag_xrp": 4.10366e-7,
  "timestamp": "2025-10-21T06:34:06.994Z"
}
