{
  "bag_usd": 0.000001,
  "xrp_usd": 2.20852,
  "bag_xrp": 4.52792e-7,
  "timestamp": "2025-11-27T06:54:15.608Z"
}
