{
  "bag_usd": 0.000001,
  "xrp_usd": 2.4417,
  "bag_xrp": 4.09551e-7,
  "timestamp": "2025-10-24T07:25:06.844Z"
}
