{
  "bag_usd": 0.000001,
  "xrp_usd": 2.21223,
  "bag_xrp": 4.52033e-7,
  "timestamp": "2025-11-17T16:54:59.956Z"
}
