{
  "bag_usd": 0.000001,
  "xrp_usd": 2.22185,
  "bag_xrp": 4.50075e-7,
  "timestamp": "2025-11-07T07:00:21.490Z"
}
