{
  "bag_usd": 0.000001,
  "xrp_usd": 2.25721,
  "bag_xrp": 4.43025e-7,
  "timestamp": "2025-11-17T06:18:09.636Z"
}
