{
  "bag_usd": 0.000001,
  "xrp_usd": 2.26504,
  "bag_xrp": 4.41493e-7,
  "timestamp": "2025-11-14T11:51:56.674Z"
}
