{
  "bag_usd": 0.000001,
  "xrp_usd": 2.41958,
  "bag_xrp": 4.13295e-7,
  "timestamp": "2025-10-15T20:20:19.455Z"
}
