{
  "bag_usd": 0.000001,
  "xrp_usd": 2.65268,
  "bag_xrp": 3.76977e-7,
  "timestamp": "2025-10-26T23:41:28.342Z"
}
