{
  "bag_usd": 0.000001,
  "xrp_usd": 2.33667,
  "bag_xrp": 4.27959e-7,
  "timestamp": "2025-10-22T22:29:00.444Z"
}
