{
  "bag_usd": 0.000001,
  "xrp_usd": 2.33442,
  "bag_xrp": 4.28372e-7,
  "timestamp": "2025-10-16T19:26:10.884Z"
}
