{
  "bag_usd": 0.000001,
  "xrp_usd": 2.99335,
  "bag_xrp": 3.34074e-7,
  "timestamp": "2025-10-07T04:45:11.549Z"
}
