{
  "bag_usd": 0.000001,
  "xrp_usd": 2.14885,
  "bag_xrp": 4.65365e-7,
  "timestamp": "2025-11-19T06:59:34.782Z"
}
