{
  "bag_usd": 0.000001,
  "xrp_usd": 2.236,
  "bag_xrp": 4.47227e-7,
  "timestamp": "2025-11-06T15:41:43.419Z"
}
