{
  "bag_usd": 0.000001,
  "xrp_usd": 2.2383,
  "bag_xrp": 4.46768e-7,
  "timestamp": "2025-11-15T22:55:14.834Z"
}
