{
  "bag_usd": 0.000001,
  "xrp_usd": 2.20473,
  "bag_xrp": 4.5357e-7,
  "timestamp": "2025-11-04T18:54:52.921Z"
}
