{
  "bag_usd": 0.000001,
  "xrp_usd": 2.34332,
  "bag_xrp": 4.26745e-7,
  "timestamp": "2025-10-19T02:56:49.297Z"
}
