{
  "bag_usd": 0.000001,
  "xrp_usd": 2.34598,
  "bag_xrp": 4.26261e-7,
  "timestamp": "2025-11-12T18:57:05.114Z"
}
