{
  "bag_usd": 0.000001,
  "xrp_usd": 2.48962,
  "bag_xrp": 4.01668e-7,
  "timestamp": "2025-10-15T04:46:43.938Z"
}
