{
  "bag_usd": 0.000001,
  "xrp_usd": 2.31581,
  "bag_xrp": 4.31814e-7,
  "timestamp": "2025-11-14T07:25:30.639Z"
}
