{
  "bag_usd": 0.000001,
  "xrp_usd": 2.42602,
  "bag_xrp": 4.12198e-7,
  "timestamp": "2025-10-11T07:15:37.752Z"
}
