{
  "bag_usd": 0.000001,
  "xrp_usd": 2.88086,
  "bag_xrp": 3.47119e-7,
  "timestamp": "2025-10-07T21:31:26.780Z"
}
