{
  "bag_usd": 0.000001,
  "xrp_usd": 2.13588,
  "bag_xrp": 4.68191e-7,
  "timestamp": "2025-11-17T20:18:38.927Z"
}
