{
  "bag_usd": 0.000001,
  "xrp_usd": 2.30237,
  "bag_xrp": 4.34335e-7,
  "timestamp": "2025-11-07T17:56:51.068Z"
}
