{
  "bag_usd": 0.000001,
  "xrp_usd": 2.60107,
  "bag_xrp": 3.84457e-7,
  "timestamp": "2025-10-25T20:56:12.596Z"
}
