{
  "bag_usd": 0.000001,
  "xrp_usd": 2.30449,
  "bag_xrp": 4.33935e-7,
  "timestamp": "2025-11-14T05:44:31.049Z"
}
