{
  "bag_usd": 0.000001,
  "xrp_usd": 2.38265,
  "bag_xrp": 4.19701e-7,
  "timestamp": "2025-10-23T21:38:27.958Z"
}
