{
  "bag_usd": 0.000001,
  "xrp_usd": 2.18783,
  "bag_xrp": 4.57074e-7,
  "timestamp": "2025-11-18T10:51:58.303Z"
}
