{
  "bag_usd": 0.000001,
  "xrp_usd": 2.04839,
  "bag_xrp": 4.88188e-7,
  "timestamp": "2025-11-23T09:53:00.012Z"
}
