{
  "bag_usd": 0.000001,
  "xrp_usd": 2.50115,
  "bag_xrp": 3.99816e-7,
  "timestamp": "2025-11-02T02:17:31.569Z"
}
