{
  "bag_usd": 0.000001,
  "xrp_usd": 2.48035,
  "bag_xrp": 4.03169e-7,
  "timestamp": "2025-10-21T18:21:21.567Z"
}
