{
  "bag_usd": 0.000001,
  "xrp_usd": 2.51038,
  "bag_xrp": 3.98346e-7,
  "timestamp": "2025-11-01T10:45:01.850Z"
}
