{
  "bag_usd": 0.000001,
  "xrp_usd": 2.22265,
  "bag_xrp": 4.49913e-7,
  "timestamp": "2025-11-27T19:50:39.146Z"
}
