{
  "bag_usd": 0.000001,
  "xrp_usd": 2.2188,
  "bag_xrp": 4.50694e-7,
  "timestamp": "2025-11-16T23:28:52.614Z"
}
