{
  "bag_usd": 0.000001,
  "xrp_usd": 2.42554,
  "bag_xrp": 4.12279e-7,
  "timestamp": "2025-10-14T12:36:11.856Z"
}
