{
  "bag_usd": 0.000001,
  "xrp_usd": 2.41623,
  "bag_xrp": 4.13868e-7,
  "timestamp": "2025-10-15T23:35:42.016Z"
}
