{
  "bag_usd": 0.000001,
  "xrp_usd": 2.23045,
  "bag_xrp": 4.4834e-7,
  "timestamp": "2025-11-26T22:12:28.267Z"
}
