{
  "bag_usd": 0.000001,
  "xrp_usd": 2.05728,
  "bag_xrp": 4.86079e-7,
  "timestamp": "2025-11-24T10:42:13.312Z"
}
