{
  "bag_usd": 0.000001,
  "xrp_usd": 2.34875,
  "bag_xrp": 4.25758e-7,
  "timestamp": "2025-11-06T04:24:11.968Z"
}
