{
  "bag_usd": 0.000001,
  "xrp_usd": 2.03123,
  "bag_xrp": 4.92313e-7,
  "timestamp": "2025-11-23T08:26:48.479Z"
}
