{
  "bag_usd": 0.000001,
  "xrp_usd": 2.32097,
  "bag_xrp": 4.30854e-7,
  "timestamp": "2025-10-16T23:39:27.302Z"
}
