{
  "bag_usd": 0.000001,
  "xrp_usd": 1.93428,
  "bag_xrp": 5.16988e-7,
  "timestamp": "2025-11-21T20:18:45.645Z"
}
