{
  "bag_usd": 0.000001,
  "xrp_usd": 2.8619,
  "bag_xrp": 3.49418e-7,
  "timestamp": "2025-10-07T23:22:51.102Z"
}
