{
  "bag_usd": 0.000001,
  "xrp_usd": 2.19875,
  "bag_xrp": 4.54804e-7,
  "timestamp": "2025-11-07T15:33:05.813Z"
}
