{
  "bag_usd": 0.000001,
  "xrp_usd": 2.24368,
  "bag_xrp": 4.45696e-7,
  "timestamp": "2025-11-05T03:51:07.908Z"
}
