{
  "bag_usd": 0.000001,
  "xrp_usd": 2.50805,
  "bag_xrp": 3.98716e-7,
  "timestamp": "2025-11-11T04:47:30.117Z"
}
