{
  "bag_usd": 0.000001,
  "xrp_usd": 2.15782,
  "bag_xrp": 4.63431e-7,
  "timestamp": "2025-11-17T23:36:57.957Z"
}
