{
  "bag_usd": 0.000001,
  "xrp_usd": 2.3874,
  "bag_xrp": 4.18866e-7,
  "timestamp": "2025-11-11T21:44:16.556Z"
}
