{
  "bag_usd": 0.000001,
  "xrp_usd": 2.9045,
  "bag_xrp": 3.44293e-7,
  "timestamp": "2025-10-07T15:25:11.782Z"
}
