{
  "bag_usd": 0.000001,
  "xrp_usd": 2.46293,
  "bag_xrp": 4.0602e-7,
  "timestamp": "2025-10-30T16:39:10.063Z"
}
