{
  "bag_usd": 0.000001,
  "xrp_usd": 2.19113,
  "bag_xrp": 4.56386e-7,
  "timestamp": "2025-11-16T21:19:15.880Z"
}
