{
  "bag_usd": 0.000001,
  "xrp_usd": 2.33543,
  "bag_xrp": 4.28187e-7,
  "timestamp": "2025-11-09T21:36:20.037Z"
}
