{
  "bag_usd": 0.000001,
  "xrp_usd": 2.19908,
  "bag_xrp": 4.54736e-7,
  "timestamp": "2025-11-27T08:59:47.803Z"
}
