{
  "bag_usd": 0.000001,
  "xrp_usd": 2.56043,
  "bag_xrp": 3.90559e-7,
  "timestamp": "2025-11-10T11:10:29.003Z"
}
