{
  "bag_usd": 0.000001,
  "xrp_usd": 2.40377,
  "bag_xrp": 4.16013e-7,
  "timestamp": "2025-10-22T05:50:52.259Z"
}
