{
  "bag_usd": 0.000001,
  "xrp_usd": 2.2476,
  "bag_xrp": 4.44919e-7,
  "timestamp": "2025-11-24T22:27:44.874Z"
}
