{
  "bag_usd": 0.000001,
  "xrp_usd": 2.51115,
  "bag_xrp": 3.98224e-7,
  "timestamp": "2025-10-14T16:48:42.870Z"
}
