{
  "bag_usd": 0.000001,
  "xrp_usd": 2.29695,
  "bag_xrp": 4.3536e-7,
  "timestamp": "2025-10-16T21:00:44.901Z"
}
